"item_id","item_type","name","categories","date_created"
"1001","Wood Clamp","12 in. Ratcheting Bar Clamp","Clamps","2016-04-18T12:05:25.000"
"1002","Rubber Mallets","1 lb. Rubber Mallet","Carpentry & Woodworking","2016-04-18T12:47:59.000"
"1003","Slip Joint Pliers","8 pc Channel Lock Pliers","Material Handling","2016-04-18T13:32:24.000"
"1004","Lineman Plier","3 PC Lineman plier","Material Handling, Mechanical Tools","2016-04-18T13:55:07.000"
"1005","Flat Screwdriver","24 pc Flat Screwdriver","Floor & Wall, Material Handling, Mechanical Tools","2016-04-19T10:48:38.000"
"1006","Hack saw","Hack Saw","Carpentry & Woodworking, Floor & Wall","2016-04-19T11:17:56.000"
"1007","Extension Cords","50ft. 3-Head Extension Cord","Electrical","2016-04-19T11:48:51.000"
"1008","Phillips Screwdriver","10 pc Phillips Screwdriver","Carpentry & Woodworking, Material Handling, Mechanical Tools","2016-04-19T12:59:53.000"
"1009","Crescent Wrench","Crescent Wrench",,"2016-04-25T10:05:38.000"
"1010","Rulers","Aluminum Rafter Angle Square","Material Handling","2016-04-25T10:24:29.000"
"1011","Tape Measures","5PC Tape Measure","Carpentry & Woodworking, Floor & Wall, Material Handling","2016-04-25T10:49:06.000"
"1012","Pipe Wrenches","3pc Pipe Wrench","Carpentry & Woodworking, Material Handling","2016-04-25T11:08:00.000"
"1013","Ball Peen Hammers","2 pc Ball Peen Hammer","Carpentry & Woodworking, Floor & Wall","2016-04-25T11:22:42.000"
"1014","Loppers","Lopping Shears","Gardening & Digging","2016-04-25T12:15:16.000"
"1015","Claw Hammers","Claw Hammer","Carpentry & Woodworking, Floor & Wall","2016-04-25T13:05:35.000"
"1017","Levels","Electric Level","Carpentry & Woodworking, Floor & Wall","2016-04-25T13:42:19.000"
"1018","Tools","6 Gallon Wet/Dry Vacuum","Carpentry & Woodworking, Concrete & Masonry, Floor & Wall, Material Handling","2016-06-28T09:31:47.000"
"1019","Pliers, Cutters, and Snips","36 inch bolt cutters","Carpentry & Woodworking, Mechanical Tools, Plumbing & Drain Cleaning","2016-06-28T12:43:00.000"
"1020","Pliers, Cutters, and Snips","Garden Shears/Clippers","Gardening & Digging","2016-06-28T12:52:54.000"
"1021","Wheelbarrow","Wheelbarrow","Carpentry & Woodworking, Gardening & Digging","2016-06-28T13:16:44.000"
"1022","Wheelbarrow","Wheelbarrow","Carpentry & Woodworking, Gardening & Digging","2016-06-28T13:18:03.000"
"1023","Wheelbarrow","Wheelbarrow","Carpentry & Woodworking, Gardening & Digging","2016-06-28T13:22:07.000"
"1024","Pitchfork","Pitchfork","Gardening & Digging","2016-06-28T13:23:56.000"
"1025","Trowel","Hand Trowel","Gardening & Digging","2016-06-28T13:30:37.000"
"1026","Trowel","Hand Trowel","Gardening & Digging","2016-06-28T13:31:07.000"
"1027","Trowel","Hand Trowel","Gardening & Digging","2016-06-28T13:31:22.000"
"1028","Trowel","Hand Trowel","Gardening & Digging","2016-06-28T13:31:31.000"
"1029","Trowel","Hand Trowel","Gardening & Digging","2016-06-28T13:32:06.000"
"1030","Cultivators","3-Tine Hand Cultivator","Gardening & Digging","2016-06-28T13:51:51.000"
"1031","Wooden Leaf Rake","16 1/2"" Shrub Rake Wooden Handle","Gardening & Digging","2016-06-28T13:52:15.000"
"1032","Cultivators","3-Tine Hand Cultivator","Gardening & Digging","2016-06-28T13:53:17.000"
"1033","Cultivators","3-Tine Hand Cultivator","Gardening & Digging","2016-06-28T13:53:48.000"
"1034","Cultivators","3-Tine Hand Cultivator",,"2016-06-28T13:55:22.000"
"1035","Electric Concrete Stirrers","Electric Concrete Mixer","Concrete & Masonry, Floor & Wall","2016-06-29T16:05:35.000"
"1036","Levels","Laser LevelPro","Carpentry & Woodworking, Concrete & Masonry, Floor & Wall","2016-06-29T16:29:10.000"
"1037","Metal Garden Rake","Bow Rake","Gardening & Digging","2016-06-29T16:34:30.000"
"1038","Metal Garden Rake","Bow Rake","Gardening & Digging","2016-06-29T16:35:01.000"
"1039","Metal Garden Rake","Bow Head Rake - 14 in","Gardening & Digging","2016-06-29T16:35:21.000"
"1040","Metal Garden Rake","Bow Rake","Gardening & Digging","2016-06-29T16:35:26.000"
"1041","Spade Shovel","Spade Shovel","Gardening & Digging","2016-06-29T16:42:42.000"
"1042","Spade Shovel","Spade Shovel","Gardening & Digging","2016-06-29T16:43:46.000"
"1043","Spade Shovel","Spade Shovel","Gardening & Digging","2016-06-29T16:43:55.000"
"1044","Spade Shovel","Spade Shovel","Gardening & Digging","2016-06-29T16:44:08.000"
"1045","Spade Shovel","Spade Shovel","Gardening & Digging","2016-06-29T16:44:13.000"
"1046","Spade Shovel","Spade Shovel","Gardening & Digging","2016-06-29T16:44:23.000"
"1047","Hoes","Hoe","Gardening & Digging","2016-06-29T16:44:29.000"
"1048","Spade Shovel","Spade Shovel","Gardening & Digging","2016-06-29T16:44:37.000"
"1049","Spade Shovel","Spade Shovel","Gardening & Digging","2016-06-29T16:44:56.000"
"1050","Wooden Leaf Rake","Wooden Leaf Rake","Gardening & Digging","2016-06-29T16:52:38.000"
"1051","Paint Roller Frame","Heavy Duty Roller Frame - 9 in","Floor & Wall","2016-06-29T16:57:08.000"
"1052","Paint Roller Frame","Crowbar","Floor & Wall","2016-06-29T16:57:21.000"
"1053","Crowbar","Ames True Temper Crowbar","Concrete & Masonry, Floor & Wall","2016-06-29T17:00:27.000"
"1054","Square Shovel","Ames True Temper Scoop","Gardening & Digging","2016-06-29T17:05:34.000"
"1055","Step Ladders","6 ft. Fiberglass Step Ladder","Ladders","2016-07-12T15:44:06.000"
"1057","Hanging Lights","DeWalt Flex Floodlight","Electrical","2016-07-12T16:02:29.000"
"1058","Grass Shear","Ace 8"" Carbon Steel Anvil Pruning Shear","Gardening & Digging","2016-07-12T16:23:17.000"
"1059","Corner Trowel","Inside Drywall Corner Trowel","Concrete & Masonry, Floor & Wall","2016-07-13T14:56:35.000"
"1060","Smoothing Brush","Hyde Vinyl Smoothing Brush","Floor & Wall","2016-07-13T15:05:48.000"
"1061","Hand Axe","Stanley Jobmaster Axe","Carpentry & Woodworking","2016-07-13T15:29:28.000"
"1062","Crescent Wrench","Craftsman Evolv 3 pc. Adjustable Wrench Set","Mechanical Tools, Plumbing & Drain Cleaning","2016-07-13T15:40:30.000"
"1063","Claw Hammers","Claw Hammer w/ Steel Handle","Carpentry & Woodworking, Floor & Wall, Mechanical Tools","2016-07-13T15:48:01.000"
"1064","Pipe Cutters","Pipe Cutter","Mechanical Tools","2016-07-13T15:53:37.000"
"1065","Manual Mutt Scraper","Manual Mutt Scraper","Floor & Wall","2016-07-13T16:07:41.000"
"1066","Bucket Scoops","Wallboard Bucket Scoop","Floor & Wall","2016-07-13T16:12:50.000"
"1067","Hoes","Hoe","Gardening & Digging","2016-07-13T16:33:01.000"
"1068","Files","File Rasp","Carpentry & Woodworking, Floor & Wall, Gardening & Digging","2016-07-13T16:56:15.000"
"1069","Caulk Guns","Caulk Gun","Floor & Wall","2016-07-13T17:03:14.000"
"1070","Paint Scraper",,"Carpentry & Woodworking, Floor & Wall","2016-07-13T17:39:04.000"
"1071","Electric Hedge Trimmer","Black & Decker Hedge Trimmer 22""","Gardening & Digging","2016-07-13T19:18:15.000"
"1072","Allen Wrench Sets","Eklind Hex Keys Standard 7pc Set","Mechanical Tools","2016-07-13T19:33:30.000"
"1073","Allen Wrench Sets","Eklind Hex L Key Set 11pc","Mechanical Tools","2016-07-13T19:38:26.000"
"1074","Pressure Washers","Bow Saw","Carpentry & Woodworking","2016-07-13T19:41:39.000"
"1075","Basin Wrench","Ridge Basin Wrench","Plumbing & Drain Cleaning","2016-07-13T19:46:21.000"
"1076","Drywall Tool Sets","18"" Wallboard Mud Pan","Floor & Wall","2016-07-13T19:53:22.000"
"1077","Fruit Pickers","Fruit Picker","Gardening & Digging","2016-07-13T19:56:45.000"
"1078","Cold Chisel","Dasco Pro Cold Chisel 3/4","Mechanical Tools","2016-07-13T19:57:45.000"
"1079","Taping Knives","QLT Taping Knife 8in","Floor & Wall","2016-07-13T20:04:28.000"
"1080","Taping Knives","WalPro Taping Knife 8""","Floor & Wall","2016-07-13T20:10:33.000"
"1081","Digging Fork","5-Oval Tine Forged Manure Fork","Gardening & Digging","2016-07-13T20:38:47.000"
"1082","Digging Fork","4-Tine Forged Spading Fork","Gardening & Digging","2016-07-13T20:52:31.000"
"1083","Digging Fork","4-Tine Forged Spading Fork","Gardening & Digging","2016-07-13T20:53:13.000"
"1084","Phillips Screwdriver","Stanley Phillips Screwdriver","Mechanical Tools","2016-07-13T20:54:29.000"
"1085","Phillips Screwdriver","Stanley Phillips Screwdriver","Mechanical Tools","2016-07-13T20:55:04.000"
"1086","Phillips Screwdriver","Stanley Phillips Screwdriver","Mechanical Tools","2016-07-13T20:55:09.000"
"1087","Phillips Screwdriver","Stanley Phillips Screwdriver","Mechanical Tools","2016-07-13T20:55:13.000"
"1088","Digging Fork","4-Tine Manure Fork","Gardening & Digging","2016-07-13T20:59:30.000"
"1089","Digging Fork","4-Oval Tine Manure Fork","Gardening & Digging","2016-07-13T21:04:20.000"
"1090","Flat Screwdriver","Stanley Flat Screwdriver","Power Tools","2016-07-14T02:57:34.000"
"1091","Flat Screwdriver","Stanley Flat Screwdriver","Power Tools","2016-07-14T02:57:53.000"
"1092","Flat Screwdriver","Stanley Flat Screwdriver","Power Tools","2016-07-14T02:58:08.000"
"1093","Flat Screwdriver","Stanley Flat Screwdriver","Power Tools","2016-07-14T03:04:57.000"
"1094","Phillips Screwdriver","Stanley Phillips Screwdriver","Power Tools","2016-07-14T03:26:47.000"
"1095","Phillips Screwdriver","Stubby Stanley Phillips Screwdriver","Power Tools","2016-07-14T03:29:17.000"
"1096","Files","Craftsman File Rasp","Carpentry & Woodworking, Floor & Wall","2016-07-14T15:32:29.000"
"1097","Pruning Shears","Ace Carbon Steel Anvil Pruning Shear","Gardening & Digging, Mechanical Tools","2016-07-14T15:39:06.000"
"1098","T-Bevels","Empire Level T-Bevel","Carpentry & Woodworking, Concrete & Masonry, Floor & Wall","2016-07-14T15:47:10.000"
"1099","Electric Leaf Blower","Leaf Blower ""Leaf Hog""","Power Tools","2016-07-14T15:53:26.000"
"1100","Chargers","DeWalt 1-Hour NiCd Charger","Power Tools","2016-07-14T16:08:10.000"
"1101","Cordless Saws","DeWalt 18V Cordless Reciprocating Saw","Carpentry & Woodworking, Floor & Wall, Power Tools","2016-07-14T16:14:43.000"
"1102","Cordless Circular Saw","DeWalt 14.4 Volt Cordless Trim Saw","Carpentry & Woodworking, Power Tools","2016-07-14T16:21:05.000"
"1103","Pipe Wrenches","Trimont Pipe Wrench","Mechanical Tools, Plumbing & Drain Cleaning","2016-07-14T16:39:07.000"
"1104","Manual Hedge Trimmer","Hedge Shears","Gardening & Digging","2016-07-14T16:39:58.000"
"1105","Manual Hedge Trimmer","Pickaxe","Gardening & Digging","2016-07-14T16:46:39.000"
"1106","Manual Hedge Trimmer","Hedge Shears","Gardening & Digging","2016-07-14T16:48:36.000"
"1107","Axes","Corona Cutter Mattock","Gardening & Digging","2016-07-14T16:57:20.000"
"1108","Axes","Corona Picker Mattock","Gardening & Digging","2016-07-14T16:59:15.000"
"1109","Axes","Corona Picker Mattock","Gardening & Digging","2016-07-14T16:59:30.000"
"1110","Axes","Corona Picker Mattock","Gardening & Digging","2016-07-14T16:59:43.000"
"1111","Phillips Screwdriver","Craftsman Phillips No. 0 x 2 1/2"" Screwdriver","Mechanical Tools","2016-07-15T02:26:50.000"
"1112","Flat Screwdriver","Craftsman Slotted 1/8"" x 4"" Screwdriver","Mechanical Tools","2016-07-15T02:33:32.000"
"1113","Flat Screwdriver","Craftsman Slotted Cabinet 3/16"" x 4"" Screwdriver","Mechanical Tools","2016-07-15T02:38:08.000"
"1114","Phillips Screwdriver","Craftsman Phillips No. 2 x 1 1/2"" Screwdriver","Mechanical Tools","2016-07-15T02:47:07.000"
"1115","Flat Screwdriver","Craftsman 1/4"" X 1 1/2"" Slotted Screwdriver","Mechanical Tools","2016-07-15T02:50:06.000"
"1116","Flat Screwdriver","Small Flat Screwdriver","Mechanical Tools","2016-07-15T02:54:31.000"
"1117","Loppers","Loppers","Gardening & Digging","2016-07-15T13:49:35.000"
"1118","Hoes","Pointed Planting Hoe","Gardening & Digging","2016-07-15T13:58:06.000"
"1119","Spade Shovel","Spade Shovel","Gardening & Digging","2016-07-15T14:09:05.000"
"1120","Hoes","Razorback Meadow Hoe","Gardening & Digging","2016-07-15T14:18:25.000"
"1121","Brushes and Rollers","Tool Bench Paint Brush 2 pack","Floor & Wall","2016-07-15T14:25:48.000"
"1122","Pruning Shears","Tree Pruner with Pulley Rope","Floor & Wall","2016-07-15T14:28:27.000"
"1123","Small Tiller","16-Inch Electric Tiller","Gardening & Digging, Power Tools","2016-07-15T14:28:57.000"
"1124","Brushes and Rollers","Tool Bench Paint Brush 2 pack","Floor & Wall","2016-07-15T14:29:21.000"
"1125","Cordless Drills","Electric Drywall Screwdriver","Carpentry & Woodworking, Floor & Wall, Power Tools","2016-07-15T15:14:32.000"
"1126","Jig Saws","Craftsman 2 in 1 Handle 6.0 Amp/VS Orbital Scrolling Sabre Saw","Carpentry & Woodworking, Power Tools","2016-07-15T15:34:04.000"
"1127","Drills","Ryobi 12v Drills and vac",,"2016-07-15T15:50:11.000"
"1128","Hanging Lights","Led Work light","Floor & Wall","2016-07-15T15:56:37.000"
"1129","Extension Cords","Husky 50 ft. 14/3 Extension Cord","Electrical","2016-07-15T16:01:34.000"
"1130","Electric Leaf Blower","Leaf Blower","Electrical, Gardening & Digging","2016-07-15T16:02:48.000"
"1131","Extension Cords","Husky 50 ft. 14/3 Extension Cord","Electrical","2016-07-15T16:03:05.000"
"1132","Extension Cords","Husky 50 ft. 14/3 Extension Cord","Electrical","2016-07-15T16:03:28.000"
"1133","Extension Cords","Husky 50 ft. 14/3 Extension Cord","Electrical","2016-07-15T16:03:43.000"
"1134","Jig Saws","Jig Saw","Carpentry & Woodworking, Power Tools","2016-07-15T16:05:59.000"
"1135","Extension Cords","Husky 50 ft. 12/3 SJTW Extension Cord with Standard Plug","Electrical","2016-07-15T16:06:45.000"
"1136","Extension Cords","Husky 50 ft. 12/3 SJTW Extension Cord with Standard Plug","Electrical","2016-07-15T16:07:02.000"
"1137","Jig Saws","Bosch 1590EVSK 6.4 Amp Top Handle Jigsaw","Carpentry & Woodworking, Power Tools","2016-07-15T16:07:02.000"
"1138","Utility Knives","Box Cutter","Floor & Wall, Mechanical Tools","2016-07-15T16:23:00.000"
"1139","Utility Knives","Box Cutter","Floor & Wall, Mechanical Tools","2016-07-15T16:23:07.000"
"1140","Garden Tools","Hand Cultivator","Gardening & Digging","2016-07-15T16:23:10.000"
"1141","Belt Sanders","Ryobi 18V Brushless Belt Sander","Carpentry & Woodworking, Power Tools","2016-07-15T16:24:38.000"
"1142","Safety Equipment","Box Cutter","Power Tools","2016-07-15T16:31:05.000"
"1143","Staple Gun","Stapler","Floor & Wall, Mechanical Tools","2016-07-15T16:31:10.000"
"1144","Nail Puller","Nail Puller","Carpentry & Woodworking, Floor & Wall","2016-07-15T16:31:17.000"
"1145","Circular Saws","7-1/4"" Hypoid Saw","Carpentry & Woodworking, Floor & Wall, Power Tools","2016-07-15T16:32:27.000"
"1146","Weeding Rake","Double Blade Weed Cutter","Gardening & Digging","2016-07-15T16:34:25.000"
"1147","Bits, Drivers and Accessories","Double Blade Weed Cutter","Gardening & Digging","2016-07-15T16:34:33.000"
"1148","Scrapers","6 in. Flooring Scraper","Floor & Wall","2016-07-15T16:34:42.000"
"1149","Random Orbit Sander","Black & Decker Random Orbit Sander","Carpentry & Woodworking, Power Tools","2016-07-15T16:37:03.000"
"1150","Spade Shovel","Spade Shovel","Gardening & Digging","2016-07-15T16:40:23.000"
"1151","Caulk Guns","Caulk Gun","Floor & Wall, Mechanical Tools","2016-07-15T16:45:11.000"
"1152","Wood Chisel","Wood Rasp","Mechanical Tools","2016-07-15T16:45:15.000"
"1153","Loppers","Loppers","Gardening & Digging","2016-07-15T16:45:21.000"
"1154","Wooden Leaf Rake","Ames Steel Leaf Rake","Gardening & Digging","2016-07-15T16:49:51.000"
"1155","Extension Cords","50 ft. Extension Cord","Electrical, Mechanical Tools, Power Tools","2016-07-15T16:55:19.000"
"1156","Extension Cords","50ft. 12/3 Outdoor Extension Cord","Power Tools","2016-07-15T16:55:28.000"
"1157","Extension Cords","50ft. 12/3 Outdoor Extension Cord","Electrical","2016-07-15T16:55:35.000"
"1158","Wooden Leaf Rake","Corona 30"" Wide Head Leaf Rake","Gardening & Digging","2016-07-15T17:00:32.000"
"1159","Spade Shovel","Spade Shovel","Gardening & Digging","2016-07-15T17:13:54.000"
"1160","Spade Shovel","Spade Shovel","Gardening & Digging","2016-07-15T17:18:11.000"
"1161","Spade Shovel","Spade Shovel","Gardening & Digging","2016-07-15T17:21:36.000"
"1162","Extension Cords","50ft. 12/3 Outdoor Extension Cord","Electrical","2016-07-15T17:26:21.000"
"1163","Roofing Shovel","D-Handle Roofing Tool","Floor & Wall","2016-07-15T17:28:09.000"
"1164","Wooden Leaf Rake","Ames True Temper Greensweeper Poly Rake With 48-Inch Wood Handle","Gardening & Digging","2016-07-15T17:34:30.000"
"1165","Wooden Leaf Rake","Ames True Temper Greensweeper Poly Rake With 48-Inch Wood Handle","Gardening & Digging","2016-07-15T17:35:59.000"
"1166","Wooden Leaf Rake","Flexrake 48 in Handle 24 in Head Smart Rake The Ergonomic Leaf Rake","Gardening & Digging","2016-07-15T17:42:49.000"
"1167","Power Drill 1/2in","1/2 inch Hand Drill","Carpentry & Woodworking, Power Tools","2016-07-15T17:44:13.000"
"1168","Electric Hedge Trimmer","Craftsman 22"" 4.5 amp Electric Corded Hedge Trimmer","Gardening & Digging, Power Tools","2016-07-15T18:02:02.000"
"1169","Hammers & Mallets","Mallet","Carpentry & Woodworking, Mechanical Tools","2016-07-15T18:08:48.000"
"1170","Metal Garden Rake","Ames Kid's Garden Rake (KGRM)","Gardening & Digging","2016-07-15T18:09:43.000"
"1171","Wooden Leaf Rake","Wooden Leaf Rake","Gardening & Digging","2016-07-15T18:09:46.000"
"1172","Metal Garden Rake","Ames Kid's Garden Rake (KGRM)","Gardening & Digging","2016-07-15T18:09:49.000"
"1173","Axes","Rockforge Landscape Axe with 34 in. Fiberglass Handle","Gardening & Digging, Mechanical Tools","2016-07-15T18:10:13.000"
"1174","Axes","Rockforge Landscape Axe with 34 in. Fiberglass Handle","Gardening & Digging, Mechanical Tools","2016-07-15T18:11:58.000"
"1175","Wooden Leaf Rake","Wooden Leaf Rake","Gardening & Digging","2016-07-15T18:13:26.000"
"1176","Axes","Rockforge Landscape Axe with 34 in. Fiberglass Handle","Gardening & Digging, Mechanical Tools","2016-07-15T18:13:28.000"
"1177","Hammers & Mallets","Estwing Mallet","Carpentry & Woodworking, Mechanical Tools","2016-07-15T18:14:52.000"
"1178","Axes","Rockforge Landscape Axe with 34 in. Fiberglass Handle","Gardening & Digging, Mechanical Tools","2016-07-15T18:16:18.000"
"1179","Square Shovel","Ames True Temper Scoop","Gardening & Digging","2016-07-15T18:16:19.000"
"1180","Square Shovel","Ames True Temper Scoop","Gardening & Digging","2016-07-15T18:16:30.000"
"1181","Axes","Rockforge Landscape Axe with 34 in. Fiberglass Handle","Gardening & Digging, Mechanical Tools","2016-07-15T18:17:28.000"
"1182","Wooden Leaf Rake","Wooden Leaf Rake","Gardening & Digging","2016-07-15T18:20:20.000"
"1183","Cultivators","3-Prong Cultivator","Gardening & Digging","2016-07-15T18:24:31.000"
"1184","Staple Gun","Swingline Whammer 2001 Nail Driver","Carpentry & Woodworking, Mechanical Tools","2016-07-15T18:26:22.000"
"1185","Axes","Landscape Axe","Gardening & Digging, Mechanical Tools","2016-07-15T18:31:38.000"
"1186","Staple Gun","Swingline #101 Tacker","Carpentry & Woodworking, Mechanical Tools","2016-07-15T18:31:41.000"
"1187","Axes","Landscape Axe","Gardening & Digging, Mechanical Tools","2016-07-15T18:33:29.000"
"1188","Hand Shovel","Hand Shovel","Gardening & Digging","2016-07-15T18:36:34.000"
"1189","Axes","Landscape Axe","Gardening & Digging, Mechanical Tools","2016-07-15T18:37:12.000"
"1190","Staple Gun","Arrow Fastener Pro Heavy Duty Staple Gun","Carpentry & Woodworking, Mechanical Tools","2016-07-15T18:39:32.000"
"1191","Hand Shovel","Hand Shovel","Gardening & Digging","2016-07-15T18:41:18.000"
"1192","Staple Gun","Swingline Staple Gun","Carpentry & Woodworking, Mechanical Tools","2016-07-15T18:46:35.000"
"1193","Hand Shovel","Hand Shovel","Gardening & Digging","2016-07-15T18:49:11.000"
"1194","Sledgehammers","Sledgehammer","Concrete & Masonry, Floor & Wall, Mechanical Tools","2016-07-15T18:50:05.000"
"1195","Hoes","Hoe","Gardening & Digging","2016-07-15T18:51:01.000"
"1196","Claw Hammers","Claw Hammer","Mechanical Tools","2016-07-15T18:51:06.000"
"1197","Claw Hammers","Claw Hammer","Mechanical Tools","2016-07-15T18:51:10.000"
"1198","Sledgehammers","Sledgehammer","Concrete & Masonry, Floor & Wall, Mechanical Tools","2016-07-15T18:51:18.000"
"1199","Hand Shovel","Hand Shovel","Gardening & Digging","2016-07-15T18:52:58.000"
"1200","Saws","Corona Razor Tooth 7 Inch Folding Saw","Carpentry & Woodworking, Mechanical Tools","2016-07-15T18:54:34.000"
"1201","Saws","Corona Razor Tooth 7 Inch Folding Saw","Carpentry & Woodworking, Mechanical Tools","2016-07-15T18:54:39.000"
"1202","Hand Shovel","Hand Shovel","Gardening & Digging","2016-07-15T18:57:10.000"
"1203","Staple Gun","Bell System It's a Heller Staple Gun","Carpentry & Woodworking, Mechanical Tools","2016-07-15T18:59:05.000"
"1204","Hand Shovel","Hand Shovel","Gardening & Digging","2016-07-15T18:59:13.000"
"1205","Claw Hammers","Claw Hammer w/ Steel Handle","Carpentry & Woodworking, Floor & Wall, Mechanical Tools","2016-07-15T19:00:41.000"
"1206","Hand Shovel","Hand Shovel","Gardening & Digging","2016-07-15T19:01:22.000"
"1207","Claw Hammers","Claw Hammer w/ Steel Handle","Carpentry & Woodworking, Electrical, Floor & Wall, Mechanical Tools","2016-07-15T19:03:29.000"
"1208","Staple Gun","Ace Electric Stapler","Carpentry & Woodworking, Mechanical Tools","2016-07-15T19:03:44.000"
"1209","Claw Hammers","Claw Hammer","Carpentry & Woodworking, Floor & Wall","2016-07-15T19:07:16.000"
"1210","Hand Pruner","Corona Hand Pruner","Gardening & Digging, Mechanical Tools","2016-07-15T19:09:43.000"
"1211","Hand Pruner","Corona Hand Pruner","Gardening & Digging, Mechanical Tools","2016-07-15T19:09:49.000"
"1212","Hand Pruner","Corona Hand Pruner","Gardening & Digging, Mechanical Tools","2016-07-15T19:09:52.000"
"1213","Hand Pruner","Corona Hand Pruner","Gardening & Digging, Mechanical Tools","2016-07-15T19:09:56.000"
"1214","Hand Pruner","Corona Hand Pruner","Gardening & Digging, Mechanical Tools","2016-07-15T19:10:00.000"
"1215","Hand Shovel","Hand Shovel","Gardening & Digging","2016-07-15T19:13:17.000"
"1216","Hand Pruner","Fiskars Hand Pruner","Gardening & Digging, Mechanical Tools","2016-07-15T19:13:55.000"
"1217","Tile Nipper","QEP Glass Tile Nipper, Contoured Handles with Cushion Grip","Concrete & Masonry, Gardening & Digging, Mechanical Tools","2016-07-15T19:17:17.000"
"1218","Tile Nipper","Tile Nipper","Concrete & Masonry, Mechanical Tools","2016-07-15T19:20:58.000"
"1219","Hand Axe","Hand Axe","Carpentry & Woodworking, Floor & Wall, Mechanical Tools","2016-07-15T19:45:06.000"
"1220","Routers","Makita Router","Carpentry & Woodworking, Power Tools","2016-07-16T10:06:44.000"
"1221","Wet Tile Saws","RYOBI 7"" Wet Tile Saw","Carpentry & Woodworking, Concrete & Masonry, Electrical, Floor & Wall, Power Tools","2016-07-16T10:07:10.000"
"1222","Claw Hammers","HDX 16. oz Hammer","Carpentry & Woodworking, Floor & Wall, Mechanical Tools","2016-07-16T10:20:24.000"
"1223","Claw Hammers","HDX 16. oz Hammer","Carpentry & Woodworking, Floor & Wall, Mechanical Tools","2016-07-16T10:21:49.000"
"1224","Claw Hammers","HDX 16. oz Hammer","Carpentry & Woodworking, Floor & Wall, Mechanical Tools","2016-07-16T10:23:02.000"
"1225","Claw Hammers","HDX 16. oz Hammer","Carpentry & Woodworking, Floor & Wall, Mechanical Tools","2016-07-16T10:23:27.000"
"1226","Claw Hammers","HDX 16. oz Hammer","Carpentry & Woodworking, Floor & Wall, Mechanical Tools","2016-07-16T10:23:37.000"
"1227","Claw Hammers","HDX 16. oz Hammer","Carpentry & Woodworking, Floor & Wall, Mechanical Tools","2016-07-16T10:24:23.000"
"1228","Claw Hammers","HDX 16. oz Hammer","Carpentry & Woodworking, Floor & Wall, Mechanical Tools","2016-07-16T10:24:39.000"
"1830","Saws","Hand Saw","Carpentry & Woodworking","2017-04-05T18:55:10.000"
"1229","Claw Hammers","HDX 16. oz Hammer","Carpentry & Woodworking, Floor & Wall, Mechanical Tools","2016-07-16T10:25:00.000"
"1230","Claw Hammers","HDX 16. oz Hammer","Carpentry & Woodworking, Floor & Wall, Mechanical Tools","2016-07-16T10:25:16.000"
"1231","Claw Hammers","HDX 16. oz Hammer","Carpentry & Woodworking, Floor & Wall, Mechanical Tools","2016-07-16T10:25:40.000"
"1232","Drill Press Clamps","Pipe Vice","Clamps, Mechanical Tools, Plumbing & Drain Cleaning","2016-07-16T10:45:55.000"
"1233","Drill Press Clamps","Pipe Vice","Clamps, Mechanical Tools, Plumbing & Drain Cleaning","2016-07-16T10:46:17.000"
"1234","Extension Ladder","Little Giant MegaMax 17 Ladder w/Air Deck","Carpentry & Woodworking, Floor & Wall, Mechanical Tools","2016-07-16T10:59:01.000"
"1235","Power Drill 3/8in","3/8"" VSR Drill","Carpentry & Woodworking, Electrical, Floor & Wall, Power Tools","2016-07-16T10:59:57.000"
"1236","Hammers & Mallets","16 oz. Fiberglass Handle Hammer","Carpentry & Woodworking, Floor & Wall, Mechanical Tools","2016-07-16T11:00:14.000"
"1237","Hammers & Mallets","16 oz. Fiberglass Handle Hammer","Carpentry & Woodworking, Floor & Wall, Mechanical Tools","2016-07-16T11:01:48.000"
"1238","Hammers & Mallets","16 oz. Fiberglass Handle Hammer","Carpentry & Woodworking, Floor & Wall, Mechanical Tools","2016-07-16T11:02:04.000"
"1239","Power Drill 3/8in","3/8"" VSR Drill","Carpentry & Woodworking, Electrical, Floor & Wall, Power Tools","2016-07-16T11:02:30.000"
"1240","Hammers & Mallets","16 oz. Fiberglass Handle Hammer","Carpentry & Woodworking, Floor & Wall, Mechanical Tools","2016-07-16T11:02:34.000"
"1241","Hammers & Mallets","16 oz. Fiberglass Handle Hammer","Carpentry & Woodworking, Floor & Wall, Mechanical Tools","2016-07-16T11:03:06.000"
"1242","Hammers & Mallets","Claw Hammer","Carpentry & Woodworking, Floor & Wall, Mechanical Tools","2016-07-16T11:03:51.000"
"1243","Hammers & Mallets","16 oz. Fiberglass Handle Hammer","Carpentry & Woodworking, Floor & Wall, Mechanical Tools","2016-07-16T11:04:34.000"
"1244","Hammers & Mallets","Claw Hammer","Carpentry & Woodworking, Floor & Wall, Mechanical Tools","2016-07-16T11:04:53.000"
"1245","Hammers & Mallets","16 oz. Fiberglass Handle Hammer","Carpentry & Woodworking, Floor & Wall, Mechanical Tools","2016-07-16T11:05:13.000"
"1246","Hammers & Mallets","16 oz. Fiberglass Handle Hammer","Carpentry & Woodworking, Floor & Wall, Mechanical Tools","2016-07-16T11:05:36.000"
"1247","Hammers & Mallets","16 oz. Fiberglass Handle Hammer","Carpentry & Woodworking, Floor & Wall, Mechanical Tools","2016-07-16T11:05:52.000"
"1248","Hammers & Mallets","16 oz. Fiberglass Handle Hammer","Carpentry & Woodworking, Floor & Wall, Mechanical Tools","2016-07-16T11:06:08.000"
"1249","Taping Knives","Pittsburgh 8"" Stainless Steel Taping Knife","Concrete & Masonry, Floor & Wall","2016-07-16T11:14:44.000"
"1250","Taping Knives","Pittsburgh 8","Concrete & Masonry, Floor & Wall","2016-07-16T11:15:03.000"
"1251","Pipe Wrenches","Pipe Wrench 24""","Carpentry & Woodworking, Clamps, Concrete & Masonry, Mechanical Tools","2016-07-16T11:15:12.000"
"1252","Stud finder","Stud Finder","Electrical, Floor & Wall","2016-07-16T11:15:31.000"
"1253","Taping Knives","Pittsburgh 8","Concrete & Masonry, Floor & Wall","2016-07-16T11:15:43.000"
"1254","Pipe Wrenches","Pipe Wrench 24""","Carpentry & Woodworking, Clamps, Concrete & Masonry, Mechanical Tools","2016-07-16T11:16:27.000"
"1255","Pipe Wrenches","Pipe Wrench 24""","Carpentry & Woodworking, Clamps, Concrete & Masonry, Mechanical Tools","2016-07-16T11:17:09.000"
"1256","Taping Knives","10"" Stainless Steel Taping Knife","Concrete & Masonry, Floor & Wall, Mechanical Tools","2016-07-16T11:22:57.000"
"1257","Taping Knives","Taping knife","Concrete & Masonry, Floor & Wall, Mechanical Tools","2016-07-16T11:23:14.000"
"1258","Taping Knives","10","Concrete & Masonry, Floor & Wall, Mechanical Tools","2016-07-16T11:23:21.000"
"1259","Taping Knives","10","Concrete & Masonry, Floor & Wall, Mechanical Tools","2016-07-16T11:23:31.000"
"1260","Pipe Wrenches","Craftsman Pipe Wrench 10""","Carpentry & Woodworking, Clamps, Mechanical Tools","2016-07-16T11:24:11.000"
"1261","Pipe Wrenches","Pipe Wrench 10""","Carpentry & Woodworking, Clamps, Mechanical Tools","2016-07-16T11:28:21.000"
"1262","Pipe Wrenches","Fuller Pipe Wrench 10""","Carpentry & Woodworking, Clamps, Concrete & Masonry, Mechanical Tools","2016-07-16T11:32:03.000"
"1263","Power Drill 1/2in","9 Amp 1/2 in. Spade Handle Drill","Carpentry & Woodworking, Concrete & Masonry, Floor & Wall, Power Tools","2016-07-16T11:32:17.000"
"1264","Pipe Wrenches","Pittsburgh Pipe Wrench 18""","Carpentry & Woodworking, Clamps, Mechanical Tools","2016-07-16T11:38:19.000"
"1265","Pipe Wrenches","Pittsburgh Pipe Wrench 18""","Carpentry & Woodworking, Clamps, Mechanical Tools","2016-07-16T11:38:54.000"
"1266","Rubber Mallets","Estwing Deadhead Rubber Mallet","Carpentry & Woodworking, Concrete & Masonry, Floor & Wall, Mechanical Tools","2016-07-16T11:39:12.000"
"1267","Rubber Mallets","Estwing Deadhead Rubber Mallet","Carpentry & Woodworking, Concrete & Masonry, Floor & Wall, Mechanical Tools","2016-07-16T11:39:25.000"
"1268","Pipe Wrenches","Pittsburgh Pipe Wrench 18""","Carpentry & Woodworking, Clamps, Mechanical Tools","2016-07-16T11:39:35.000"
"1269","Pipe Wrenches","Pipe Wrench 18","Carpentry & Woodworking, Clamps, Mechanical Tools","2016-07-16T11:43:01.000"
"1270","Pipe Wrenches","Pittsburgh Pipe Wrench 14""","Carpentry & Woodworking, Clamps, Mechanical Tools","2016-07-16T11:45:54.000"
"1271","Loppers","25"" Anvil Lopper","Gardening & Digging","2016-07-16T11:48:52.000"
"1272","Loppers","Pruner","Gardening & Digging","2016-07-16T11:49:31.000"
"1273","Loppers","25","Gardening & Digging","2016-07-16T11:50:02.000"
"1274","Pipe Wrenches","Ridgid Pipe Wrench 14""","Carpentry & Woodworking, Clamps, Mechanical Tools, Plumbing & Drain Cleaning","2016-07-16T11:51:43.000"
"1275","Loppers","10-Inch Compact Job-Site Table Saw with 20-Inch Max Rip Capacity - 120V","Carpentry & Woodworking, Power Tools","2016-07-16T11:56:00.000"
"1276","Loppers","Loppers","Gardening & Digging","2016-07-16T11:56:09.000"
"1277","Saws","Portland Saw Hand Saw 22""","Carpentry & Woodworking, Mechanical Tools","2016-07-16T11:58:21.000"
"1278","Saws","Portland Saw Hand Saw 22""","Carpentry & Woodworking, Mechanical Tools","2016-07-16T12:00:11.000"
"1279","Saws","Portland Saw Hand Saw 22""","Carpentry & Woodworking, Mechanical Tools","2016-07-16T12:00:57.000"
"1280","Saws","Portland Saw Hand Saw 22""","Carpentry & Woodworking, Mechanical Tools","2016-07-16T12:01:42.000"
"1281","Paint Roller Frame","Extendable Paint Roller","Floor & Wall","2016-07-16T12:06:40.000"
"1282","Hoes","Ames Hoe/Cultivator Combo","Gardening & Digging, Mechanical Tools","2016-07-16T12:06:44.000"
"1283","Paint Roller Frame","2 ft. - 4 ft. Extendable Paint Roller","Floor & Wall","2016-07-16T12:06:48.000"
"1284","Hand Shovel","Hand Shovel","Gardening & Digging","2016-07-16T12:16:19.000"
"1285","Hand Shovel","Hand Rake","Gardening & Digging","2016-07-16T12:17:15.000"
"1286","Putty Knives","Putty Knife Painter's Tool","Carpentry & Woodworking, Floor & Wall, Mechanical Tools","2016-07-16T12:21:15.000"
"1287","Hand Shovel","Digging Bar","Gardening & Digging","2016-07-16T12:21:21.000"
"1288","Putty Knives","Putty Knife","Carpentry & Woodworking, Floor & Wall, Mechanical Tools","2016-07-16T12:23:08.000"
"1289","Putty Knives","Putty Knife","Carpentry & Woodworking, Floor & Wall, Mechanical Tools","2016-07-16T12:23:40.000"
"1290","Putty Knives","Putty Knife","Floor & Wall, Mechanical Tools","2016-07-16T12:29:50.000"
"1291","Putty Knives","Putty Knife","Floor & Wall, Mechanical Tools","2016-07-16T12:30:35.000"
"1292","Putty Knives","Putty Knife","Floor & Wall, Mechanical Tools","2016-07-16T12:31:26.000"
"1293","Shears","Hedge Shears","Gardening & Digging, Mechanical Tools","2016-07-16T12:37:45.000"
"1294","Shears","ACE Hedge Shears","Gardening & Digging, Mechanical Tools","2016-07-16T12:41:09.000"
"1295","Square Shovel","Square Shovel","Gardening & Digging, Mechanical Tools","2016-07-16T12:51:17.000"
"1296","Square Shovel","Ames Shovel - Square","Gardening & Digging, Mechanical Tools","2016-07-16T12:52:20.000"
"1297","Square Shovel","Square Shovel","Gardening & Digging, Mechanical Tools","2016-07-16T12:53:41.000"
"1298","Digging Fork","Ames Digging/Bedding Fork","Gardening & Digging, Mechanical Tools","2016-07-16T13:01:51.000"
"1299","Digging Fork","Ames Digging/Bedding Fork","Gardening & Digging, Mechanical Tools","2016-07-16T13:02:31.000"
"1300","Extension Cords","5-Head Extension Cord Power Squid","Electrical, Floor & Wall, Mechanical Tools","2016-07-16T13:03:51.000"
"1301","Digging Fork","Ames Digging/Bedding Fork","Gardening & Digging, Mechanical Tools","2016-07-16T13:04:45.000"
"1302","Paint Roller Frame","Paint Roller Frame","Floor & Wall, Mechanical Tools","2016-07-16T13:16:11.000"
"1303","Paint Roller Frame","Paint Roller Frame","Floor & Wall, Mechanical Tools","2016-07-16T13:17:13.000"
"1304","Paint Roller Frame","Paint roller frame","Floor & Wall, Mechanical Tools","2016-07-16T13:17:52.000"
"1305","Paint Roller Frame","Paint roller frame","Floor & Wall, Mechanical Tools","2016-07-16T13:19:52.000"
"1306","Metal Garden Rake","Bow Rake","Gardening & Digging, Mechanical Tools","2016-07-16T13:25:57.000"
"1307","Metal Garden Rake","Ames Garden Rake","Gardening & Digging, Mechanical Tools","2016-07-16T13:26:33.000"
"1308","Wooden Leaf Rake","Ames Leaf Rake","Gardening & Digging, Mechanical Tools","2016-07-16T13:30:31.000"
"1309","Wooden Leaf Rake","Ames Leaf Rake","Gardening & Digging, Mechanical Tools","2016-07-16T13:30:42.000"
"1310","Weeders","Ames Dandelion Digger",,"2016-07-16T13:35:26.000"
"1311","Weeders","Ames Dandelion Digger",,"2016-07-16T13:36:06.000"
"1312","Weeders","Ames Dandelion Digger/Weeder",,"2016-07-16T13:36:24.000"
"1313","Weeders","Weeder - Wood Handle","Gardening & Digging, Mechanical Tools","2016-07-16T13:44:45.000"
"1314","Fruit Pickers","Nishigaki Fruit Picker 5'","Gardening & Digging, Mechanical Tools","2016-07-16T13:52:32.000"
"1315","Maul","Axe","Carpentry & Woodworking, Mechanical Tools","2016-07-16T13:56:51.000"
"1316","Square Shovel","Square Shovel","Gardening & Digging","2016-07-16T14:05:02.000"
"1317","Square Shovel","Square Shovel","Gardening & Digging","2016-07-16T14:07:23.000"
"1318","Hack saw","10 in. Mini Hack Saw","Carpentry & Woodworking, Mechanical Tools","2016-07-16T16:15:57.000"
"1319","Power Saws","Skil Saw","Carpentry & Woodworking, Power Tools","2016-07-16T16:44:09.000"
"1320","Files","File Rasp","Carpentry & Woodworking, Floor & Wall","2016-07-16T16:45:45.000"
"1321","C-Clamps","C-Clamp: Cincinnati Tool Co. No.54 Super Junior","Carpentry & Woodworking, Clamps, Mechanical Tools","2016-07-16T16:56:13.000"
"1322","C-Clamps","C-Clamp: Cincinnati Tool Co. No.54 Super Junior","Carpentry & Woodworking, Clamps, Mechanical Tools","2016-07-16T16:56:38.000"
"1323","C-Clamps","C-Clamp: Cincinnati Tool Co. No.54 Super Junior","Carpentry & Woodworking, Clamps, Mechanical Tools","2016-07-16T16:56:51.000"
"1324","C-Clamps","C-Clamp: Cincinnati Tool Co. No.54 Super Junior","Carpentry & Woodworking, Clamps, Mechanical Tools","2016-07-16T16:57:14.000"
"1325","C-Clamps","C-Clamp: Cincinnati Tool Co. No.54 Super Junior","Carpentry & Woodworking, Clamps, Mechanical Tools","2016-07-16T16:57:29.000"
"1326","C-Clamps","C-Clamp: Cincinnati Tool Co. No.54 Super Junior","Carpentry & Woodworking, Clamps, Mechanical Tools","2016-07-16T16:57:56.000"
"1327","C-Clamps","C-Clamp: Cincinnati Tool Co. No.54 Super Junior","Carpentry & Woodworking, Clamps, Mechanical Tools","2016-07-16T16:59:46.000"
"1328","Power Saws","Skil Saw","Carpentry & Woodworking, Power Tools","2016-07-16T17:01:02.000"
"1329","Hammer Drills","Makita Hammer Drill","Carpentry & Woodworking, Concrete & Masonry, Power Tools","2016-07-17T18:18:23.000"
"1330","Loppers","Fiskars Lopping Shears",,"2016-07-17T18:31:28.000"
"1331","Reciprocating Saw","Milwaukee Sawzall Reciprocating Saw","Carpentry & Woodworking, Floor & Wall, Power Tools","2016-07-17T18:38:19.000"
"1332","Claw Hammers","Claw Hammer","Carpentry & Woodworking, Floor & Wall, Mechanical Tools","2016-07-17T18:58:05.000"
"1333","Claw Hammers","Claw Hammer","Carpentry & Woodworking, Floor & Wall, Mechanical Tools","2016-07-17T18:58:17.000"
"1334","Claw Hammers","Claw Hammer","Carpentry & Woodworking, Floor & Wall, Mechanical Tools","2016-07-17T18:58:24.000"
"1335","Claw Hammers","Claw Hammer","Carpentry & Woodworking, Floor & Wall, Mechanical Tools","2016-07-17T18:58:30.000"
"1336","Claw Hammers","Claw Hammer","Carpentry & Woodworking, Floor & Wall, Mechanical Tools","2016-07-17T18:58:40.000"
"1337","Claw Hammers","Claw Hammer","Carpentry & Woodworking, Floor & Wall, Mechanical Tools","2016-07-17T18:58:46.000"
"1338","Claw Hammers","Claw Hammer","Carpentry & Woodworking, Floor & Wall, Mechanical Tools","2016-07-17T18:58:50.000"
"1339","Claw Hammers","Claw Hammer","Carpentry & Woodworking, Floor & Wall, Mechanical Tools","2016-07-17T19:00:02.000"
"1340","Claw Hammers","Claw Hammer","Carpentry & Woodworking, Floor & Wall, Mechanical Tools","2016-07-17T19:00:17.000"
"1341","Claw Hammers","Claw Hammer","Carpentry & Woodworking, Floor & Wall, Mechanical Tools","2016-07-17T19:00:28.000"
"1342","Claw Hammers","Small Claw Hammer","Carpentry & Woodworking, Floor & Wall, Mechanical Tools","2016-07-17T19:02:39.000"
"1343","Claw Hammers","Small Claw Hammer","Carpentry & Woodworking, Floor & Wall, Mechanical Tools","2016-07-17T19:03:12.000"
"1344","Claw Hammers","Small Claw Hammer","Carpentry & Woodworking, Floor & Wall, Mechanical Tools","2016-07-17T19:03:16.000"
"1345","Claw Hammers","Small Claw Hammer","Carpentry & Woodworking, Floor & Wall, Mechanical Tools","2016-07-17T19:03:22.000"
"1346","Back Saw","Disston Back Saw","Carpentry & Woodworking, Mechanical Tools","2016-07-17T19:44:59.000"
"1347","Staple Gun","Bostitch Tacker","Carpentry & Woodworking, Mechanical Tools","2016-07-17T19:50:55.000"
"1348","Trowel","Ace Hardware Hand Trowel","Gardening & Digging, Mechanical Tools","2016-07-17T20:06:44.000"
"1349","Hoes","Half Moon Hand Hoe","Gardening & Digging","2016-07-17T20:14:01.000"
"1350","Trowel","Hand Trowel","Gardening & Digging","2016-07-17T20:16:14.000"
"1351","Electric Hedge Trimmer","Little Wonder Hedge Trimmer","Gardening & Digging, Power Tools","2016-07-17T20:33:34.000"
"1352","Pipe Wrenches","Pipe Wrench","Carpentry & Woodworking, Floor & Wall, Mechanical Tools","2016-07-18T13:24:12.000"
"1353","Pipe Wrenches","Pipe Wrench","Carpentry & Woodworking, Floor & Wall, Mechanical Tools","2016-07-18T13:25:17.000"
"1354","Pipe Wrenches","Pipe Wrench","Carpentry & Woodworking, Floor & Wall, Mechanical Tools","2016-07-18T13:31:15.000"
"1355","Pipe Wrenches","Pipe Wrench","Carpentry & Woodworking, Floor & Wall, Mechanical Tools","2016-07-18T13:34:10.000"
"1356","Pipe Wrenches","Pipe Wrench","Carpentry & Woodworking, Floor & Wall, Mechanical Tools","2016-07-18T14:17:32.000"
"1357","Pipe Wrenches","Pipe Wrench","Carpentry & Woodworking, Floor & Wall, Mechanical Tools","2016-07-18T14:27:54.000"
"1358","Pipe Wrenches","Pipe Wrench","Carpentry & Woodworking, Floor & Wall, Mechanical Tools","2016-07-18T14:46:58.000"
"1359","Pipe Wrenches","Pipe Wrench","Carpentry & Woodworking, Floor & Wall, Mechanical Tools","2016-07-18T15:15:07.000"
"1360","Pipe Wrenches","Pipe Wrench","Carpentry & Woodworking, Floor & Wall, Mechanical Tools","2016-07-18T15:16:48.000"
"1361","Pipe Wrenches","Pipe Wrench","Carpentry & Woodworking, Floor & Wall, Mechanical Tools","2016-07-18T15:21:43.000"
"1362","Crescent Wrench","Crescent Wrench","Carpentry & Woodworking, Floor & Wall, Mechanical Tools","2016-07-18T15:37:22.000"
"1363","Crescent Wrench","Crescent Wrench","Carpentry & Woodworking, Floor & Wall, Mechanical Tools","2016-07-18T15:38:13.000"
"1364","Tile Nipper","Tile Nipper","Floor & Wall","2016-07-18T16:52:16.000"
"1365","Tile Nipper","Tile Nipper","Floor & Wall","2016-07-18T16:59:42.000"
"1366","Brick Trowel","Brick Trowel","Concrete & Masonry, Floor & Wall, Mechanical Tools","2016-07-18T20:21:47.000"
"1367","Brick Trowel","Brick Trowel","Concrete & Masonry, Floor & Wall, Mechanical Tools","2016-07-18T20:22:52.000"
"1368","Brick Trowel","Brick Trowel","Concrete & Masonry, Floor & Wall, Mechanical Tools","2016-07-18T20:23:23.000"
"1369","Brick Trowel","Brick Trowel","Concrete & Masonry, Floor & Wall, Mechanical Tools","2016-07-18T20:23:51.000"
"1370","Brick Trowel","Brick Trowel","Concrete & Masonry, Floor & Wall, Mechanical Tools","2016-07-18T20:23:58.000"
"1371","Brick Trowel","Brick Trowel (Small)","Concrete & Masonry, Floor & Wall, Mechanical Tools","2016-07-18T20:24:21.000"
"1372","Brick Trowel","Brick Trowel (Small)","Concrete & Masonry, Floor & Wall, Mechanical Tools","2016-07-18T20:24:39.000"
"1373","Brick Trowel","Brick Trowel (Small)","Concrete & Masonry, Floor & Wall, Mechanical Tools","2016-07-18T20:24:52.000"
"1374","Brick Trowel","Brick Trowel (Small)","Concrete & Masonry, Floor & Wall, Mechanical Tools","2016-07-18T20:25:10.000"
"1375","Brick Trowel","Brick Trowel (Small)","Concrete & Masonry, Floor & Wall, Mechanical Tools","2016-07-18T20:25:24.000"
"1376","Ball Peen Hammers","Ball Peen Hammer (Large)","Carpentry & Woodworking, Concrete & Masonry, Electrical, Mechanical Tools","2016-07-18T20:30:28.000"
"1377","Ball Peen Hammers","Ball Peen Hammer (Medium)","Carpentry & Woodworking, Concrete & Masonry, Electrical, Mechanical Tools","2016-07-18T20:31:13.000"
"1378","Ball Peen Hammers","Ball Peen Hammer (Medium)","Carpentry & Woodworking, Concrete & Masonry, Electrical, Mechanical Tools","2016-07-18T20:31:36.000"
"1379","Ball Peen Hammers","Ball Peen Hammer (Small)","Carpentry & Woodworking, Concrete & Masonry, Electrical, Mechanical Tools","2016-07-18T20:31:54.000"
"1380","Claw Hammers","Claw hammer","Carpentry & Woodworking, Concrete & Masonry, Floor & Wall, Mechanical Tools","2016-07-18T20:34:54.000"
"1381","Claw Hammers","Claw hammer","Carpentry & Woodworking, Concrete & Masonry, Floor & Wall, Mechanical Tools","2016-07-18T20:35:13.000"
"1382","Claw Hammers","Claw hammer","Carpentry & Woodworking, Concrete & Masonry, Floor & Wall, Mechanical Tools","2016-07-18T20:35:35.000"
"1383","Tape Measures","Measuring Tape (25'X1"")","Carpentry & Woodworking, Floor & Wall","2016-07-19T19:41:46.000"
"1384","Planes","Stanley Pocket Plane","Carpentry & Woodworking, Floor & Wall","2016-07-19T19:45:40.000"
"1385","Random Orbit Sander","Makita 3 Amp 5 in. Corded Random Orbit Sander with Variable Speed","Carpentry & Woodworking, Floor & Wall, Power Tools","2016-07-19T19:51:18.000"
"1386","Pliers, Cutters, and Snips","10"" V-Jaw Plier","Carpentry & Woodworking, Floor & Wall, Mechanical Tools, Plumbing & Drain Cleaning","2016-07-19T19:51:46.000"
"1387","Random Orbit Sander","Makita 3 Amp 5 in. Corded Random Orbit Sander with Variable Speed","Carpentry & Woodworking, Floor & Wall, Power Tools","2016-07-19T19:53:13.000"
"1388","Wood Chisel","DeWalt Wood Chisel (1"")","Carpentry & Woodworking, Floor & Wall","2016-07-19T19:59:09.000"
"1389","Wood Chisel","DeWalt Wood Chisel (1/4"")","Carpentry & Woodworking, Floor & Wall","2016-07-19T19:59:57.000"
"1390","Wood Chisel","DeWalt Wood Chisel (1/2"")","Carpentry & Woodworking, Floor & Wall","2016-07-19T20:00:17.000"
"1391","Wood Chisel","DeWalt Wood Chisel (3/4"")","Carpentry & Woodworking, Floor & Wall","2016-07-19T20:00:38.000"
"1392","Wood Chisel","DeWalt Wood Chisel (1"")","Carpentry & Woodworking, Floor & Wall","2016-07-19T20:00:55.000"
"1393","Quick Grip Clamp","DeWalt Quick Grip Clamp/Medium Trigger Clamp","Carpentry & Woodworking, Clamps, Floor & Wall","2016-07-19T20:03:20.000"
"1394","Quick Grip Clamp","DeWalt Quick Grip Clamp/Medium Trigger Clamp","Carpentry & Woodworking, Clamps, Floor & Wall","2016-07-19T20:04:10.000"
"1395","Quick Grip Clamp","DeWalt Quick Grip Clamp/Medium Trigger Clamp","Carpentry & Woodworking, Clamps, Floor & Wall","2016-07-19T20:04:21.000"
"1396","Quick Grip Clamp","DeWalt Quick Grip Clamp/Medium Trigger Clamp","Carpentry & Woodworking, Clamps, Floor & Wall","2016-07-19T20:05:22.000"
"1397","Needle Nose Pliers","Long - Nose Pliers (8","Electrical, Mechanical Tools","2016-07-19T20:05:24.000"
"1398","Flat Screwdriver","Klein Tools Cabinet-Tip Screwdriver (3/16"")","Carpentry & Woodworking, Concrete & Masonry, Electrical, Floor & Wall, Mechanical Tools","2016-07-19T20:09:35.000"
"1399","Quick Grip Clamp","DeWalt Quick Grip Clamp/12 in. Medium Trigger Clamp","Carpentry & Woodworking, Clamps, Floor & Wall","2016-07-19T20:10:28.000"
"1400","Quick Grip Clamp","DeWalt Quick Grip Clamp/12 in. Medium Trigger Clamp","Carpentry & Woodworking, Clamps, Floor & Wall","2016-07-19T20:10:59.000"
"1401","Drywall Saws","6"" Jab Saw","Concrete & Masonry, Floor & Wall","2016-07-19T20:25:10.000"
"1402","Screwdriver Sets","11-in-1 Screwdriver/Nut Driver","Carpentry & Woodworking, Electrical, Mechanical Tools","2016-07-19T20:33:10.000"
"1403","Crimpers","9-3/4 in. Crimping Tool","Electrical, Mechanical Tools","2016-07-19T20:41:44.000"
"1404","Multimeters","Manual Ranging Digital Multimeter","Electrical, Floor & Wall","2016-07-19T20:46:17.000"
"1405","Voltage Tester","Dual Range NCVT with RT105","Electrical, Floor & Wall","2016-07-19T20:54:19.000"
"1406","Conduit Benders","Greenlee 840AH Site Rite Aluminum Hand Bender Head With Handle For 1/2"" EMT","Carpentry & Woodworking, Concrete & Masonry, Material Handling, Mechanical Tools","2016-07-19T22:04:06.000"
"1407","Pliers, Cutters, and Snips","Milwaukee Long Nose Pliers","Electrical, Mechanical Tools","2016-07-19T22:07:40.000"
"1408","Conduit Benders","Klein Tools 3/4 in. Conduit Bender and Handle","Carpentry & Woodworking, Concrete & Masonry, Material Handling, Mechanical Tools","2016-07-19T22:08:51.000"
"1409","Claw Hammers","Claw Hammer","Carpentry & Woodworking, Floor & Wall, Mechanical Tools","2016-07-19T22:35:56.000"
"1410","Claw Hammers","Claw Hammer","Carpentry & Woodworking, Floor & Wall, Mechanical Tools","2016-07-19T22:37:10.000"
"1411","Shears","Hedge Shears","Gardening & Digging, Mechanical Tools","2016-07-19T22:40:14.000"
"1412","Hammers & Mallets","Drywall Hammer","Carpentry & Woodworking, Floor & Wall","2016-07-19T22:44:48.000"
"1413","Hammers & Mallets","Drywall Hammer","Carpentry & Woodworking, Floor & Wall","2016-07-19T22:49:44.000"
"1414","Claw Hammers","Light Duty Claw Hammer","Carpentry & Woodworking, Floor & Wall","2016-07-19T22:54:31.000"
"1415","Tape Measures","Stanley 25' LeverLock Tape Rule","Carpentry & Woodworking, Floor & Wall","2016-07-19T22:58:06.000"
"1416","Cordless Drills","1/2 in. VSR Pistol Grip Drill with E-Clutch Anti-Lock Control","Carpentry & Woodworking, Floor & Wall, Mechanical Tools, Power Tools","2016-07-19T23:02:57.000"
"1417","Cordless Drills","Black & Decker 12v Cordless Drill/Driver Tool","Carpentry & Woodworking, Floor & Wall, Power Tools","2016-07-19T23:07:12.000"
"1418","Hammers & Mallets","Drywall Hammer","Carpentry & Woodworking, Floor & Wall","2016-07-19T23:09:54.000"
"1419","Joint Knives","Hyde 6"" Joint Knife","Carpentry & Woodworking, Concrete & Masonry, Gardening & Digging","2016-07-19T23:19:03.000"
"1420","Joint Knives","Hyde 6"" Joint Knife","Carpentry & Woodworking, Concrete & Masonry, Gardening & Digging","2016-07-19T23:19:08.000"
"1421","Hammers & Mallets","Wooden Mallet","Carpentry & Woodworking, Floor & Wall, Gardening & Digging","2016-07-19T23:21:56.000"
"1422","Weeders","Hand Weeder","Gardening & Digging","2016-07-19T23:27:55.000"
"1423","Joint Knives","2"" Joint Knife","Concrete & Masonry, Floor & Wall","2016-07-19T23:32:05.000"
"1424","Pliers, Cutters, and Snips","Lug Crimping Pliers","Carpentry & Woodworking, Electrical, Floor & Wall, Mechanical Tools","2016-07-19T23:36:49.000"
"1425","Joint Knives","Hyde 6","Carpentry & Woodworking, Concrete & Masonry, Gardening & Digging","2016-07-19T23:40:04.000"
"1426","Pliers, Cutters, and Snips","Wire Stripper/cutter","Electrical, Mechanical Tools","2016-07-19T23:42:44.000"
"1427","Pliers, Cutters, and Snips","Slip Joint Pliers","Carpentry & Woodworking, Electrical, Mechanical Tools","2016-07-19T23:45:08.000"
"1428","Pliers, Cutters, and Snips","Proto 234 ""Multi-Plier"" Adjustable Compound-Leverage Pliers","Carpentry & Woodworking, Concrete & Masonry, Electrical, Floor & Wall","2016-07-19T23:47:47.000"
"1429","Pliers, Cutters, and Snips","Slip Joint Bent Nose Pliers","Electrical, Mechanical Tools","2016-07-19T23:50:02.000"
"1430","Flat Screwdriver","Craftsman Screwdriver 6""","Carpentry & Woodworking, Electrical, Floor & Wall","2016-07-19T23:53:16.000"
"1431","Hammers & Mallets","Estwing Splitting Tool","Carpentry & Woodworking, Floor & Wall","2016-07-19T23:56:36.000"
"1432","Joint Knives","Hyde 6"" Joint Knife","Carpentry & Woodworking, Concrete & Masonry, Gardening & Digging","2016-07-19T23:57:47.000"
"1433","Measuring & Layout Tools","Komeleon Meter-Man 4-Inch Measuring Wheel","Carpentry & Woodworking, Concrete & Masonry, Floor & Wall, Mechanical Tools","2016-07-20T20:13:46.000"
"1434","Measuring & Layout Tools","Komeleon Meter-Man 4-Inch Measuring Wheel","Carpentry & Woodworking, Concrete & Masonry, Floor & Wall, Mechanical Tools","2016-07-20T20:13:55.000"
"1435","Measuring & Layout Tools","Komeleon Meter-Man 4-Inch Measuring Wheel","Carpentry & Woodworking, Concrete & Masonry, Floor & Wall, Mechanical Tools","2016-07-20T20:13:58.000"
"1436","Measuring & Layout Tools","Komeleon Meter-Man 4-Inch Measuring Wheel","Carpentry & Woodworking, Concrete & Masonry, Floor & Wall, Mechanical Tools","2016-07-20T20:14:02.000"
"1437","Measuring & Layout Tools","Komeleon Meter-Man 4-Inch Measuring Wheel","Carpentry & Woodworking, Concrete & Masonry, Floor & Wall, Mechanical Tools","2016-07-20T20:14:05.000"
"1438","Fish Tapes","100ft Fish Tape Wire Puller","Electrical, Floor & Wall, Mechanical Tools","2016-07-20T21:21:53.000"
"1439","Fish Tapes","100ft Fish Tape Wire Puller","Electrical, Floor & Wall, Mechanical Tools","2016-07-20T21:21:58.000"
"1440","Fish Tapes","100ft Fish Tape Wire Puller","Electrical, Floor & Wall, Mechanical Tools","2016-07-20T21:22:01.000"
"1441","Levels","Pittsburgh 24in I-Beam Level","Carpentry & Woodworking, Concrete & Masonry, Floor & Wall","2016-07-20T21:26:41.000"
"1442","Levels","Pittsburgh 24in I-Beam Level","Carpentry & Woodworking, Concrete & Masonry, Floor & Wall","2016-07-20T21:27:28.000"
"1443","Levels","Pittsburgh 24in I-Beam Level","Carpentry & Woodworking, Concrete & Masonry, Floor & Wall","2016-07-20T21:27:32.000"
"1444","Levels","Pittsburgh 24in I-Beam Level","Carpentry & Woodworking, Concrete & Masonry, Floor & Wall","2016-07-20T21:27:36.000"
"1445","Levels","Pittsburgh 24in I-Beam Level","Carpentry & Woodworking, Concrete & Masonry, Floor & Wall","2016-07-20T21:27:40.000"
"1446","Levels","Pittsburgh 24in I-Beam Level","Carpentry & Woodworking, Concrete & Masonry, Floor & Wall","2016-07-20T21:27:43.000"
"1447","Quick Grip Clamp","18in One Hand Clamp","Carpentry & Woodworking, Floor & Wall","2016-07-21T09:00:05.000"
"1448","Quick Grip Clamp","12in One Hand Clamp","Carpentry & Woodworking, Floor & Wall","2016-07-21T09:00:09.000"
"1449","Quick Grip Clamp","18in One Hand Clamp","Carpentry & Woodworking, Floor & Wall","2016-07-21T09:00:12.000"
"1450","Quick Grip Clamp","18in One Hand Clamp","Carpentry & Woodworking, Floor & Wall","2016-07-21T09:00:16.000"
"1451","Quick Grip Clamp","18in One Hand Clamp","Carpentry & Woodworking, Floor & Wall","2016-07-21T09:00:19.000"
"1452","Quick Grip Clamp","18in One Hand Clamp","Carpentry & Woodworking, Floor & Wall","2016-07-21T09:00:22.000"
"1453","Wrenches","Folding Hex Key Set","Carpentry & Woodworking, Floor & Wall, Mechanical Tools","2016-07-21T09:08:15.000"
"1454","Wrenches","Folding Hex Key Set","Carpentry & Woodworking, Floor & Wall, Mechanical Tools","2016-07-21T09:08:22.000"
"1455","Wrenches","Folding Hex Key Set","Carpentry & Woodworking, Floor & Wall, Mechanical Tools","2016-07-21T09:08:26.000"
"1456","Wrenches","Folding Hex Key Set","Carpentry & Woodworking, Floor & Wall, Mechanical Tools","2016-07-21T09:08:30.000"
"1457","Wrenches","Folding Hex Key Set","Carpentry & Woodworking, Floor & Wall, Mechanical Tools","2016-07-21T09:08:34.000"
"1458","Wrenches","Folding Hex Key Set","Carpentry & Woodworking, Floor & Wall, Mechanical Tools","2016-07-21T09:08:37.000"
"1459","Phillips Screwdriver","Pittsburghs 1.5in Screwdriver","Carpentry & Woodworking, Concrete & Masonry, Electrical, Floor & Wall","2016-07-21T09:27:53.000"
"1460","Phillips Screwdriver","Pittsburghs 1.5in Screwdriver","Carpentry & Woodworking, Concrete & Masonry, Electrical, Floor & Wall","2016-07-21T09:27:57.000"
"1461","Phillips Screwdriver","Pittsburghs 1.5in Screwdriver","Carpentry & Woodworking, Concrete & Masonry, Electrical, Floor & Wall","2016-07-21T09:28:00.000"
"1462","Phillips Screwdriver","Pittsburghs Narrow 3in Screwdriver","Carpentry & Woodworking, Concrete & Masonry, Electrical, Floor & Wall","2016-07-21T09:32:02.000"
"1463","Phillips Screwdriver","Pittsburghs Narrow 3in Screwdriver","Carpentry & Woodworking, Concrete & Masonry, Electrical, Floor & Wall","2016-07-21T09:32:08.000"
"1464","Phillips Screwdriver","Pittsburghs Narrow 3in Screwdriver","Carpentry & Woodworking, Concrete & Masonry, Electrical, Floor & Wall","2016-07-21T09:32:11.000"
"1465","Phillips Screwdriver","Pittsburghs 3in Screwdriver","Carpentry & Woodworking, Concrete & Masonry, Electrical, Floor & Wall","2016-07-21T09:34:39.000"
"1466","Phillips Screwdriver","Pittsburghs 3in Screwdriver","Carpentry & Woodworking, Concrete & Masonry, Electrical, Floor & Wall","2016-07-21T09:34:43.000"
"1467","Phillips Screwdriver","Pittsburghs 3in Screwdriver","Carpentry & Woodworking, Concrete & Masonry, Electrical, Floor & Wall","2016-07-21T09:34:46.000"
"1468","Phillips Screwdriver","Pittsburghs 4in Screwdriver","Carpentry & Woodworking, Concrete & Masonry, Electrical, Floor & Wall","2016-07-21T09:37:43.000"
"1469","Phillips Screwdriver","Pittsburghs 4in Screwdriver","Carpentry & Woodworking, Concrete & Masonry, Electrical, Floor & Wall","2016-07-21T09:37:49.000"
"1470","Phillips Screwdriver","Pittsburghs 6in Flat Key Screwdriver","Carpentry & Woodworking, Concrete & Masonry, Electrical, Floor & Wall","2016-07-21T09:40:59.000"
"1471","Phillips Screwdriver","Pittsburghs 4in Screwdriver","Carpentry & Woodworking, Concrete & Masonry, Electrical, Floor & Wall","2016-07-21T09:49:36.000"
"1472","Phillips Screwdriver","Pittsburghs 1.5in Flat Key Screwdriver","Carpentry & Woodworking, Concrete & Masonry, Electrical, Floor & Wall","2016-07-21T09:58:06.000"
"1473","Phillips Screwdriver","Pittsburghs 1.5in Flat Key Screwdriver","Carpentry & Woodworking, Concrete & Masonry, Electrical, Floor & Wall","2016-07-21T09:58:14.000"
"1474","Phillips Screwdriver","Pittsburghs 1.5in Flat Key Screwdriver","Carpentry & Woodworking, Concrete & Masonry, Electrical, Floor & Wall","2016-07-21T09:58:17.000"
"1475","Phillips Screwdriver","Pittsburghs 2in Flat Key Screwdriver","Carpentry & Woodworking, Concrete & Masonry, Electrical, Floor & Wall","2016-07-21T10:01:42.000"
"1476","Phillips Screwdriver","Pittsburghs 2in Flat Key Screwdriver","Carpentry & Woodworking, Concrete & Masonry, Electrical, Floor & Wall","2016-07-21T10:01:47.000"
"1477","Phillips Screwdriver","Pittsburghs 2in Flat Key Screwdriver","Carpentry & Woodworking, Concrete & Masonry, Electrical, Floor & Wall","2016-07-21T10:01:50.000"
"1478","Phillips Screwdriver","Pittsburghs 4in Narrow Flat Key Screwdriver","Carpentry & Woodworking, Concrete & Masonry, Electrical, Floor & Wall","2016-07-21T10:05:59.000"
"1479","Phillips Screwdriver","Pittsburghs 4in Narrow Flat Key Screwdriver","Carpentry & Woodworking, Concrete & Masonry, Electrical, Floor & Wall","2016-07-21T10:06:02.000"
"1480","Phillips Screwdriver","Pittsburghs 4in Narrow Flat Key Screwdriver","Carpentry & Woodworking, Concrete & Masonry, Electrical, Floor & Wall","2016-07-21T10:06:07.000"
"1481","Phillips Screwdriver","Pittsburghs 4in Medium Narrow Flat Key Screwdriver","Carpentry & Woodworking, Concrete & Masonry, Electrical, Floor & Wall","2016-07-21T10:10:52.000"
"1482","Phillips Screwdriver","Pittsburghs 4in Medium Narrow Flat Key Screwdriver","Carpentry & Woodworking, Concrete & Masonry, Electrical, Floor & Wall","2016-07-21T10:10:57.000"
"1483","Phillips Screwdriver","Pittsburghs 4in Medium Narrow Flat Key Screwdriver","Carpentry & Woodworking, Concrete & Masonry, Electrical, Floor & Wall","2016-07-21T10:11:00.000"
"1484","Phillips Screwdriver","Pittsburghs 4in Thick Flat Key Screwdriver","Carpentry & Woodworking, Concrete & Masonry, Electrical, Floor & Wall","2016-07-21T10:15:54.000"
"1485","Phillips Screwdriver","Pittsburghs 4in Thick Flat Key Screwdriver","Carpentry & Woodworking, Concrete & Masonry, Electrical, Floor & Wall","2016-07-21T10:15:58.000"
"1486","Phillips Screwdriver","Pittsburghs 4in Thick Flat Key Screwdriver","Carpentry & Woodworking, Concrete & Masonry, Electrical, Floor & Wall","2016-07-21T10:16:01.000"
"1487","Phillips Screwdriver","Pittsburghs 4in Flat Key Screwdriver","Carpentry & Woodworking, Concrete & Masonry, Electrical, Floor & Wall","2016-07-21T10:20:24.000"
"1488","Phillips Screwdriver","Pittsburghs 4in Flat Key Screwdriver","Carpentry & Woodworking, Concrete & Masonry, Electrical, Floor & Wall","2016-07-21T10:20:31.000"
"1489","Phillips Screwdriver","Pittsburghs 4in Flat Key Screwdriver","Carpentry & Woodworking, Concrete & Masonry, Electrical, Floor & Wall","2016-07-21T10:20:35.000"
"1490","Phillips Screwdriver","Pittsburghs 6in Flat Key Screwdriver","Carpentry & Woodworking, Concrete & Masonry, Electrical, Floor & Wall","2016-07-21T10:27:04.000"
"1491","Phillips Screwdriver","Pittsburghs 6in Flat Key Screwdriver","Carpentry & Woodworking, Concrete & Masonry, Electrical, Floor & Wall","2016-07-21T10:27:10.000"
"1492","Phillips Screwdriver","Pittsburghs 8in Flat Key Screwdriver","Carpentry & Woodworking, Concrete & Masonry, Electrical, Floor & Wall","2016-07-21T10:31:36.000"
"1493","Phillips Screwdriver","Pittsburghs 8in Flat Key Screwdriver","Carpentry & Woodworking, Concrete & Masonry, Electrical, Floor & Wall","2016-07-21T10:31:41.000"
"1494","Phillips Screwdriver","Pittsburghs 8in Flat Key Screwdriver","Carpentry & Woodworking, Concrete & Masonry, Electrical, Floor & Wall","2016-07-21T10:31:45.000"
"1495","Pliers, Cutters, and Snips","Pittsburgh Tongue and Groove Joint Pliers Set (2-7/8 in Jaw Opening)","Carpentry & Woodworking, Clamps, Electrical, Floor & Wall, Mechanical Tools","2016-07-21T12:47:49.000"
"1496","Pliers, Cutters, and Snips","Pittsburgh Tongue and Groove Joint Pliers Set (2-7/8 in Jaw Opening)","Carpentry & Woodworking, Clamps, Electrical, Floor & Wall, Mechanical Tools","2016-07-21T12:49:31.000"
"1497","Pliers, Cutters, and Snips","Pittsburgh Tongue and Groove Joint Pliers Set (3-3/8 in. Jaw Opening)","Carpentry & Woodworking, Clamps, Electrical, Floor & Wall, Mechanical Tools","2016-07-21T12:50:21.000"
"1498","Pliers, Cutters, and Snips","Pittsburgh Tongue and Groove Joint Pliers Set (3-3/8 in. Jaw Opening)","Carpentry & Woodworking, Clamps, Electrical, Floor & Wall, Mechanical Tools","2016-07-21T12:50:25.000"
"1499","Pliers, Cutters, and Snips","Pittsburgh Tongue and Groove Joint Pliers Set (4 in. Jaw Opening)","Carpentry & Woodworking, Clamps, Electrical, Floor & Wall, Mechanical Tools","2016-07-21T12:51:02.000"
"1500","Pliers, Cutters, and Snips","Pittsburgh Tongue and Groove Joint Pliers Set (4 in. Jaw Opening)","Carpentry & Woodworking, Clamps, Electrical, Floor & Wall, Mechanical Tools","2016-07-21T12:51:08.000"
"1501","Pliers, Cutters, and Snips","Pittsburgh Tongue and Groove Joint Pliers Set (5-1/2 in. Jaw Opening)","Carpentry & Woodworking, Clamps, Electrical, Floor & Wall, Mechanical Tools","2016-07-21T12:51:52.000"
"1502","Pliers, Cutters, and Snips","Pittsburgh Tongue and Groove Joint Pliers Set (5-1/2 in. Jaw Opening)","Carpentry & Woodworking, Clamps, Electrical, Floor & Wall, Mechanical Tools","2016-07-21T12:51:57.000"
"1503","Electric Hedge Trimmer","Electric Hedge Trimmer","Carpentry & Woodworking, Electrical, Power Tools","2016-07-21T15:29:52.000"
"1504","Crescent Wrench","Crescent Wrench","Floor & Wall, Mechanical Tools","2016-07-21T15:58:03.000"
"1505","Needle Nose Pliers","Needle Nose Pliers","Electrical, Mechanical Tools","2016-07-21T16:05:36.000"
"1506","Slip Joint Pliers","Channel Lock Plier","Floor & Wall, Mechanical Tools","2016-07-21T16:34:09.000"
"1507","Slip Joint Pliers","Channel Lock Plier","Floor & Wall, Mechanical Tools","2016-07-21T16:35:17.000"
"1508","Slip Joint Pliers","Channel Lock Plier","Floor & Wall, Mechanical Tools","2016-07-21T16:36:51.000"
"1509","Slip Joint Pliers","Channel Lock Plier","Floor & Wall, Mechanical Tools","2016-07-21T16:37:32.000"
"1510","Tape Measures","Measuring Tape - 16' x 3/4","Carpentry & Woodworking, Floor & Wall, Mechanical Tools","2016-07-21T16:52:07.000"
"1511","Tape Measures","Measuring Tape - 16' x 3/4","Carpentry & Woodworking, Floor & Wall, Mechanical Tools","2016-07-21T16:52:19.000"
"1512","Slip Joint Pliers","Channel Lock Plier","Floor & Wall, Mechanical Tools","2016-07-21T17:01:25.000"
"1513","Slip Joint Pliers","Channel Lock Plier","Floor & Wall, Mechanical Tools","2016-07-21T17:02:18.000"
"1514","Tape Measures","Measuring Tape - 25'","Carpentry & Woodworking, Floor & Wall, Mechanical Tools","2016-07-21T17:12:45.000"
"1515","Tape Measures","Measuring Tape - 25'","Carpentry & Woodworking, Floor & Wall, Mechanical Tools","2016-07-21T17:12:53.000"
"1516","Tape Measures","Measuring Tape - 25'","Carpentry & Woodworking, Floor & Wall, Mechanical Tools","2016-07-21T17:12:57.000"
"1517","Rubber Mallets","Pittsbugh 1 lb. Fiberglass Handle Rubber Mallet","Carpentry & Woodworking, Floor & Wall","2016-07-21T17:19:34.000"
"1518","Rubber Mallets","Pittsbugh 1 lb. Fiberglass Handle Rubber Mallet","Carpentry & Woodworking, Floor & Wall","2016-07-21T17:19:37.000"
"1519","Rubber Mallets","Pittsbugh 1 lb. Fiberglass Handle Rubber Mallet","Carpentry & Woodworking, Floor & Wall","2016-07-21T17:19:40.000"
"1520","Wheelbarrow","Trallfa Wheelbarrow","Carpentry & Woodworking, Gardening & Digging","2016-07-21T17:20:20.000"
"1521","Tape Measures","Measuring Tape - 16'","Carpentry & Woodworking, Floor & Wall, Mechanical Tools","2016-07-21T17:23:48.000"
"1522","Needle Nose Pliers","Pittsburgh 8in Long Nose Pliers","Electrical, Mechanical Tools","2016-07-21T17:25:58.000"
"1523","Needle Nose Pliers","Pittsburgh 8in Linesman Pliers","Electrical, Mechanical Tools","2016-07-21T17:28:12.000"
"1524","Needle Nose Pliers","Pittsburgh 6 in. Diagonal Pliers","Electrical, Mechanical Tools","2016-07-21T17:30:24.000"
"1525","Tape Measures","Measuring Tape","Carpentry & Woodworking, Floor & Wall, Mechanical Tools","2016-07-21T17:32:00.000"
"1526","Tape Measures","Measuring Tape","Carpentry & Woodworking, Floor & Wall, Mechanical Tools","2016-07-21T17:32:53.000"
"1527","Tape Measures","Measuring Tape","Carpentry & Woodworking, Floor & Wall, Mechanical Tools","2016-07-21T17:33:41.000"
"1528","Stud finder","Pittsburgh 5-In-1 Stud Finder With Voltage Detection","Carpentry & Woodworking, Electrical, Floor & Wall","2016-07-21T17:33:42.000"
"1529","Stud finder","Pittsburgh 5-In-1 Stud Finder With Voltage Detection","Carpentry & Woodworking, Electrical, Floor & Wall","2016-07-21T17:33:46.000"
"1530","Wrenches","Pittsburgh 8in. Adjustable Steel Wrench","Carpentry & Woodworking, Electrical, Floor & Wall","2016-07-21T17:39:12.000"
"1531","Wrenches","Pittsburgh 8in. Adjustable Steel Wrench","Carpentry & Woodworking, Electrical, Floor & Wall","2016-07-21T17:39:16.000"
"1532","Wrenches","Pittsburgh 6in. Adjustable Steel Wrench","Carpentry & Woodworking, Electrical, Floor & Wall","2016-07-21T17:42:04.000"
"1533","Wrenches","Pittsburgh 6in. Adjustable Steel Wrench","Carpentry & Woodworking, Electrical, Floor & Wall","2016-07-21T17:42:12.000"
"1534","Wrenches","Pittsburgh 10in. Adjustable Steel Wrench","Carpentry & Woodworking, Electrical, Floor & Wall","2016-07-21T17:44:40.000"
"1535","Wrenches","Pittsburgh 10in. Adjustable Steel Wrench","Carpentry & Woodworking, Electrical, Floor & Wall","2016-07-21T17:44:44.000"
"1536","Chalklines","Chalk Reel","Carpentry & Woodworking, Concrete & Masonry, Mechanical Tools","2016-07-21T17:44:47.000"
"1537","Wrenches","Pittsburgh 12in. Adjustable Steel Wrench","Carpentry & Woodworking, Electrical, Floor & Wall","2016-07-21T17:45:52.000"
"1538","Wrenches","Pittsburgh 12in. Adjustable Steel Wrench","Carpentry & Woodworking, Electrical, Floor & Wall","2016-07-21T17:45:56.000"
"1539","Needle Nose Pliers","Pittsburgh 8in Long Nose Pliers","Electrical, Mechanical Tools","2016-07-21T17:50:15.000"
"1540","Needle Nose Pliers","Pittsburgh 8in Linesman Pliers","Electrical","2016-07-21T17:51:13.000"
"1541","Needle Nose Pliers","Pittsburgh 6 in. Diagonal Pliers","Electrical","2016-07-21T17:51:42.000"
"1542","Chalklines","Chalk Reel","Carpentry & Woodworking, Concrete & Masonry, Mechanical Tools","2016-07-21T17:55:36.000"
"1543","Paint Sprayer","Paint Sprayer","Carpentry & Woodworking, Floor & Wall","2016-07-21T17:56:41.000"
"1544","Needle Nose Pliers","Extra Long Needle Nose Pliers","Carpentry & Woodworking, Electrical, Floor & Wall","2016-07-21T17:59:56.000"
"1545","Pliers, Cutters, and Snips","Straight Cut Aviation Snips","Electrical, Floor & Wall","2016-07-21T18:03:00.000"
"1546","Pliers, Cutters, and Snips","Straight Cut Aviation Snips","Electrical, Floor & Wall","2016-07-21T18:03:07.000"
"1547","Pliers, Cutters, and Snips","Straight Cut Aviation Snips","Electrical, Floor & Wall","2016-07-21T18:03:10.000"
"1548","Pliers, Cutters, and Snips","Straight Cut Aviation Snips","Electrical, Floor & Wall","2016-07-21T18:03:13.000"
"1549","Pliers, Cutters, and Snips","Straight Cut Aviation Snips","Electrical, Floor & Wall","2016-07-21T18:03:16.000"
"1550","Pliers, Cutters, and Snips","Straight Cut Aviation Snips","Electrical, Floor & Wall","2016-07-21T18:03:19.000"
"1551","Pliers, Cutters, and Snips","9-3/4"" Aviation Snip","Electrical, Floor & Wall","2016-07-21T18:04:52.000"
"1552","Phillips Screwdriver","Phillips screwdriver","Carpentry & Woodworking, Floor & Wall, Mechanical Tools","2016-07-21T18:05:55.000"
"1553","Flat Screwdriver","Flat screwdriver","Carpentry & Woodworking, Floor & Wall","2016-07-21T18:11:56.000"
"1554","Fish Tapes","Fish Tape Reel 50 ft. Electric or Communication Wire Puller","Electrical","2016-07-21T18:13:17.000"
"1555","Fish Tapes","Fish Tape Reel 50 ft. Electric or Communication Wire Puller","Electrical","2016-07-21T18:13:21.000"
"1556","Notched Trowel","Notched Trowel - 3/16","Concrete & Masonry, Floor & Wall, Mechanical Tools","2016-07-21T18:13:23.000"
"1557","Fish Tapes","Fish Tape Reel 50 ft. Electric or Communication Wire Puller","Electrical","2016-07-21T18:13:24.000"
"1558","Fish Tapes","Fish Tape Reel 50 ft. Electric or Communication Wire Puller","Electrical","2016-07-21T18:13:27.000"
"1559","Needle Nose Pliers","Needle Nose Pliers","Electrical, Mechanical Tools","2016-07-21T18:20:46.000"
"1560","Needle Nose Pliers","Needle Nose Pliers","Electrical, Mechanical Tools","2016-07-21T18:21:37.000"
"1561","Corded & Plug-in","Bosch 11316EVS SDS-Max Demolition Hammer","Carpentry & Woodworking, Concrete & Masonry, Floor & Wall, Gardening & Digging, Power Tools","2016-07-21T18:31:52.000"
"1562","Drywall Saws","Drywall Saw","Carpentry & Woodworking, Floor & Wall, Mechanical Tools","2016-07-21T18:36:17.000"
"1563","Power Saws","Skil saw","Carpentry & Woodworking, Power Tools","2016-07-21T18:36:42.000"
"1564","Staple Gun","Staple Gun","Floor & Wall, Mechanical Tools","2016-07-21T18:48:33.000"
"1565","Bits, Drivers and Accessories","Nut Driver","Mechanical Tools","2016-07-21T18:55:32.000"
"1566","Brushes and Rollers","Nylox Polyester Paint Brush","Carpentry & Woodworking, Floor & Wall, Mechanical Tools","2016-07-21T19:25:37.000"
"1567","Brushes and Rollers","Wheel Barrow","Carpentry & Woodworking","2016-07-21T19:30:05.000"
"1568","Brushes and Rollers","Paint Roller cover","Carpentry & Woodworking, Floor & Wall","2016-07-21T19:30:45.000"
"1569","Brushes and Rollers","Paint Roller Frame","Floor & Wall","2016-07-21T19:31:34.000"
"1570","Brushes and Rollers","Extendable Paint Roller Frame","Carpentry & Woodworking, Floor & Wall","2016-07-21T19:32:32.000"
"1571","Brushes and Rollers","Extendable Paint Roller Frame","Floor & Wall","2016-07-21T19:33:19.000"
"1572","Brushes and Rollers","Polyester Paint Brush - 3 1/2""","Carpentry & Woodworking, Floor & Wall, Mechanical Tools","2016-07-21T19:34:03.000"
"1573","Brushes and Rollers","Snow Shovel","Carpentry & Woodworking, Floor & Wall","2016-07-21T19:34:13.000"
"1574","Brushes and Rollers","48in Dry Wall T-Square","Carpentry & Woodworking, Floor & Wall","2016-07-21T19:34:56.000"
"1575","Brushes and Rollers","24in Drywall T-Square","Carpentry & Woodworking, Floor & Wall","2016-07-21T19:35:42.000"
"1576","Brushes and Rollers","Hand Pruner","Carpentry & Woodworking, Floor & Wall, Gardening & Digging","2016-07-21T19:36:29.000"
"1577","Brushes and Rollers","Hand Pruner","Carpentry & Woodworking, Floor & Wall, Gardening & Digging","2016-07-21T19:37:01.000"
"1578","Brushes and Rollers","Hand Pruner","Carpentry & Woodworking, Floor & Wall, Gardening & Digging","2016-07-21T19:37:28.000"
"1579","Brushes and Rollers","Paint Brush - 2 1/2","Carpentry & Woodworking, Floor & Wall, Mechanical Tools","2016-07-21T19:38:09.000"
"1580","Paste Brush","Tire Paste Brush","Mechanical Tools","2016-07-21T19:46:31.000"
"1581","Brushes and Rollers","Paint Roller cover","Carpentry & Woodworking, Floor & Wall","2016-07-21T19:47:39.000"
"1582","Brushes and Rollers","Paint Roller cover","Carpentry & Woodworking, Floor & Wall","2016-07-21T19:48:26.000"
"1583","Brushes and Rollers","18"" Mud Pan","Carpentry & Woodworking, Floor & Wall","2016-07-21T19:51:40.000"
"1584","Brushes and Rollers","Hand Cultivator","Gardening & Digging","2016-07-21T19:52:33.000"
"1585","Brushes and Rollers","Drywall Corner Trowel","Floor & Wall","2016-07-21T19:53:29.000"
"1586","Push Brooms","Push Broom","Floor & Wall","2016-07-21T20:04:32.000"
"1587","Push Brooms","Dustless Push Broom","Floor & Wall","2016-07-21T20:05:03.000"
"1588","Push Brooms","Push Broom","Floor & Wall","2016-07-21T20:10:15.000"
"1589","Push Brooms","Push Broom","Floor & Wall","2016-07-21T20:13:16.000"
"1590","Metal Garden Rake","Bow Rake","Gardening & Digging","2016-07-21T20:22:38.000"
"1591","Rulers","Stanley Tools Carpenter's Square, Steel, 24""","Carpentry & Woodworking, Floor & Wall","2016-07-21T20:27:54.000"
"1592","Rulers","Stanley Tools Carpenter's Square, Steel, 24""","Carpentry & Woodworking, Floor & Wall","2016-07-21T20:28:01.000"
"1593","Rulers","Stanley Tools Carpenter's Square, Steel, 24""",,"2016-07-21T20:28:04.000"
"1594","Rulers","Empire 48in. I-Beam Aluminum Level","Carpentry & Woodworking, Concrete & Masonry, Floor & Wall","2016-07-21T20:33:10.000"
"1595","Levels","24in. I-Beam Level","Carpentry & Woodworking, Floor & Wall","2016-07-21T20:50:17.000"
"1596","Lawn Care (other)","4-Prong Spike Aerator","Gardening & Digging","2016-07-21T20:54:19.000"
"1597","Wrenches","The Claw Adjustable Cinch Wrench","Carpentry & Woodworking, Electrical, Floor & Wall, Mechanical Tools, Plumbing & Drain Cleaning","2016-07-21T21:05:43.000"
"1598","Pliers, Cutters, and Snips","Stanley Curved Jaw Locking Pliers, 10"" Length, 0 to 1 7/8"" Jaw Capacity","Carpentry & Woodworking, Electrical, Floor & Wall","2016-07-21T21:11:13.000"
"1599","Crow Bars","24in. Crowbar","Carpentry & Woodworking, Concrete & Masonry, Floor & Wall","2016-07-21T21:13:37.000"
"1600","Crow Bars","12in. Nail Puller","Carpentry & Woodworking, Concrete & Masonry, Floor & Wall","2016-07-21T21:16:12.000"
"1601","Squares","Empire Level 12"" Combination Square","Carpentry & Woodworking, Concrete & Masonry, Floor & Wall","2016-07-21T21:29:11.000"
"1602","Squares","Empire Level 12","Carpentry & Woodworking, Concrete & Masonry, Floor & Wall","2016-07-21T21:29:14.000"
"1603","Squares","Empire Level 12","Carpentry & Woodworking, Concrete & Masonry, Floor & Wall","2016-07-21T21:29:18.000"
"1604","Tube Cutters","BrassCraft 1/8-in to 1-1/8-in Copper Tube Cutter","Carpentry & Woodworking, Clamps, Floor & Wall","2016-07-21T21:32:46.000"
"1605","Tube Cutters","1/8-in to 1-1/8-in Copper Tube Cutter","Carpentry & Woodworking, Clamps, Floor & Wall","2016-07-21T21:34:37.000"
"1606","Squares","Empire Polysquare Rafter Square","Carpentry & Woodworking, Floor & Wall","2016-07-21T21:38:04.000"
"1607","Squares","Empire Polysquare Rafter Square (Gray)","Carpentry & Woodworking, Floor & Wall","2016-07-21T21:38:12.000"
"1608","Squares","Empire 130 T-Bevel","Carpentry & Woodworking, Floor & Wall","2016-07-21T21:38:28.000"
"1609","Saws","12in. Flush Cut Saw","Carpentry & Woodworking, Floor & Wall","2016-07-21T21:46:24.000"
"1610","Squares","Empire 130 T-Bevel","Carpentry & Woodworking, Floor & Wall","2016-07-21T21:47:06.000"
"1611","Quick Grip Clamp","Quick-Grip Locking Handi-Clamp","Clamps","2016-07-21T21:57:33.000"
"1612","Needle Nose Pliers","Needle Nose Plier, 6 in., Serrated","Electrical, Mechanical Tools","2016-07-21T21:59:44.000"
"1613","Wire Strippers","Commerical Electric 7in. Wire Stripper and Cutter","Electrical","2016-07-21T22:02:22.000"
"1614","Pliers, Cutters, and Snips","Diamond Duluth K35 Combination Slip Joint Pliers",,"2016-07-21T22:04:59.000"
"1615","Pliers, Cutters, and Snips","6in. Slip Joint Pliers","Carpentry & Woodworking, Concrete & Masonry, Electrical, Floor & Wall, Mechanical Tools","2016-07-21T22:07:15.000"
"1616","Pliers, Cutters, and Snips","8in. Slip Joint Pliers","Carpentry & Woodworking, Concrete & Masonry, Electrical, Floor & Wall, Mechanical Tools","2016-07-21T22:08:47.000"
"1617","Pliers, Cutters, and Snips","7in. Slip Joint Pliers","Carpentry & Woodworking, Electrical, Mechanical Tools","2016-07-21T22:10:01.000"
"1618","Pliers, Cutters, and Snips","8in. Adjustable Wrench","Carpentry & Woodworking, Floor & Wall, Mechanical Tools","2016-07-21T22:12:14.000"
"1619","Wrenches","2in. Wrench","Carpentry & Woodworking, Electrical, Floor & Wall, Mechanical Tools","2016-07-21T22:14:03.000"
"1620","Chalklines","Stanley Chalk Line","Carpentry & Woodworking, Concrete & Masonry, Floor & Wall","2016-07-21T22:16:07.000"
"1621","Flat Screwdriver","4.25"" Flat Screwdriver","Carpentry & Woodworking, Floor & Wall, Mechanical Tools","2016-07-21T22:21:23.000"
"1622","Flat Screwdriver","4in. Phillips Screwdriver","Carpentry & Woodworking, Floor & Wall, Mechanical Tools","2016-07-21T22:24:27.000"
"1623","Flat Screwdriver","4in. Flat Screwdriver","Carpentry & Woodworking, Floor & Wall, Mechanical Tools","2016-07-21T22:26:13.000"
"1624","Flat Screwdriver","3in. Flat Screwdriver","Carpentry & Woodworking, Floor & Wall, Mechanical Tools","2016-07-21T22:27:43.000"
"1625","C-Clamps","2in. C-Clamp","Clamps","2016-07-21T22:30:43.000"
"1626","Pipe Wrenches","18in. Aluminum Straight Pipe Wrench","Carpentry & Woodworking, Electrical, Floor & Wall, Material Handling, Mechanical Tools","2016-07-21T22:40:07.000"
"1627","Pipe Wrenches","18in. Aluminum Straight Pipe Wrench","Carpentry & Woodworking, Electrical, Floor & Wall, Material Handling, Mechanical Tools","2016-07-21T22:40:53.000"
"1628","Pipe Wrenches","18in. Aluminum Straight Pipe Wrench","Carpentry & Woodworking, Electrical, Floor & Wall, Material Handling, Mechanical Tools","2016-07-21T22:41:13.000"
"1629","Pipe Wrenches","18in. Aluminum Straight Pipe Wrench","Carpentry & Woodworking, Electrical, Floor & Wall, Material Handling, Mechanical Tools","2016-07-21T22:44:36.000"
"1630","Pipe Wrenches","24in. Aluminum Straight Pipe Wrench","Carpentry & Woodworking, Electrical, Floor & Wall, Material Handling, Mechanical Tools","2016-07-21T22:46:01.000"
"1631","Pliers, Cutters, and Snips","8in. Slip Joint Pliers","Carpentry & Woodworking, Concrete & Masonry, Electrical, Floor & Wall, Mechanical Tools","2016-07-21T23:06:54.000"
"1632","Pliers, Cutters, and Snips","16"" Pliers Tongue and Groove","Carpentry & Woodworking, Concrete & Masonry, Electrical, Floor & Wall, Mechanical Tools","2016-07-21T23:10:09.000"
"1633","Pliers, Cutters, and Snips","14in. H.K. Bolt Cutters","Floor & Wall, Mechanical Tools","2016-07-21T23:14:48.000"
"1634","Trimmers","Sprinkler Head Trimmer, 3-1/2 In",,"2016-07-21T23:19:06.000"
"1635","Wonder Bar","15-1/2 in. Super Wonder Bar Pry Bar","Carpentry & Woodworking, Floor & Wall, Gardening & Digging","2016-07-21T23:22:22.000"
"1636","Wonder Bar","13in. Wonder Bar Pry Bar","Carpentry & Woodworking, Floor & Wall, Gardening & Digging","2016-07-21T23:24:59.000"
"1637","Nail Puller","Nail Puller Pry Bar (Red)","Carpentry & Woodworking, Floor & Wall","2016-07-21T23:28:24.000"
"1638","Squares","Empire Polysquare Rafter Square (Gray)","Carpentry & Woodworking, Floor & Wall","2016-07-21T23:30:23.000"
"1639","Pipe Wrenches","14in. Aluminum Straight Pipe Wrench","Carpentry & Woodworking, Electrical, Floor & Wall, Material Handling, Mechanical Tools","2016-07-21T23:31:28.000"
"1640","Pliers, Cutters, and Snips","Straight Cut Aviation Snips","Electrical, Floor & Wall","2016-07-21T23:32:54.000"
"1641","Drills","3/8"" VSR Drill","Carpentry & Woodworking, Floor & Wall, Power Tools","2016-07-21T23:35:51.000"
"1642","Needle Nose Pliers","Needle Nose Pliers","Electrical, Mechanical Tools","2016-07-21T23:37:48.000"
"1643","Needle Nose Pliers","Needle Nose Pliers","Electrical, Mechanical Tools","2016-07-21T23:37:52.000"
"1644","Drywall Saws","Nicholson Drywall Hand Saw","Carpentry & Woodworking, Floor & Wall","2016-07-22T11:00:39.000"
"1645","Drywall Saws","JackPro 20-Inch Aggressive Teeth Drywall Hand Saw","Carpentry & Woodworking, Floor & Wall","2016-07-22T11:08:08.000"
"1646","Back Saw","Disston Backsaw 12 Ppi 14” X 4.25","Carpentry & Woodworking, Floor & Wall","2016-07-22T11:19:26.000"
"1647","Key Hole Saw","Key Hole Saw","Carpentry & Woodworking, Floor & Wall","2016-07-22T11:25:49.000"
"1648","Key Hole Saw","Key Hole Saw","Carpentry & Woodworking, Floor & Wall","2016-07-22T11:27:14.000"
"1649","Rebar Cutters & Benders","HK Porter Rebar Cutter and Bender","Mechanical Tools, Plumbing & Drain Cleaning","2016-07-22T11:58:45.000"
"1650","Rebar Cutters & Benders","HK Porter Rebar Cutter and Bender","Mechanical Tools, Plumbing & Drain Cleaning","2016-07-22T12:00:14.000"
"1651","Rebar Cutters & Benders","HK Porter Rebar Cutter and Bender","Mechanical Tools, Plumbing & Drain Cleaning","2016-07-22T12:01:08.000"
"1652","Rulers","Pittsburgh Carpenter's Square, Steel, 24","Carpentry & Woodworking, Floor & Wall","2016-07-22T12:17:57.000"
"1653","Cordless Trimmers","STIHL FSE 60 540 watt Electric Grass Trimmer","Gardening & Digging","2016-07-22T12:29:33.000"
"1654","Cordless Trimmers","STIHL FSE 60 540 watt Electric Grass Trimmer","Gardening & Digging","2016-07-22T12:30:22.000"
"1655","Weeders","Wheelbarrow","Gardening & Digging","2016-07-22T14:38:09.000"
"1656","Tape Measures","DeWALT Fiberglass Long Tape","Concrete & Masonry, Floor & Wall","2016-07-22T15:22:46.000"
"1657","Extension Cords","100ft Extension Cord","Electrical, Mechanical Tools","2016-07-22T15:23:42.000"
"1658","Hand Tools","Garden Hoe","Gardening & Digging","2016-07-22T15:24:41.000"
"1659","Post Hole Digger","Razorback Professional Post Hole Digger","Gardening & Digging","2016-07-22T15:31:25.000"
"1660","Corner Clamp","Corner Clamp","Carpentry & Woodworking, Clamps","2016-07-22T15:40:26.000"
"1661","Corner Clamp","Corner Clamp","Carpentry & Woodworking, Clamps","2016-07-22T15:41:16.000"
"1662","Angle Grinder","Angle Grinder 4 1/2 inch","Power Tools","2016-07-22T15:56:00.000"
"1663","Spade Shovel","Spade Shovel","Gardening & Digging","2016-07-22T15:56:37.000"
"1664","Snow Shovel","Snow Shovel","Gardening & Digging","2016-07-22T16:07:38.000"
"1665","Square Shovel","Square Shovel","Gardening & Digging","2016-07-22T16:16:38.000"
"1666","Fence Plier","Fence Plier","Electrical, Mechanical Tools","2016-07-22T16:20:32.000"
"1667","Strippers","Wire Stripper","Electrical, Mechanical Tools","2016-07-22T16:28:10.000"
"1668","Squares","Empire Polysquare Rafter Square","Carpentry & Woodworking, Floor & Wall","2016-07-22T16:36:26.000"
"1669","Paint Scraper","Hyde Paint scraper","Carpentry & Woodworking, Floor & Wall","2016-07-22T16:54:28.000"
"1670","Back Saw","Lenox Back saw","Carpentry & Woodworking","2016-07-22T17:01:07.000"
"1671","Crosscut Saw","Crosscut Saw","Carpentry & Woodworking","2016-07-22T17:07:25.000"
"1672","Crosscut Saw","Crosscut Saw","Carpentry & Woodworking","2016-07-22T17:19:06.000"
"1673","Crosscut Saw","Crosscut Saw","Carpentry & Woodworking","2016-07-22T17:19:56.000"
"1674","Crosscut Saw","Crosscut Saw","Carpentry & Woodworking","2016-07-22T17:32:57.000"
"1675","Trowel","Concrete Trowel","Concrete & Masonry","2016-07-22T17:47:47.000"
"1676","Trowel","Concrete Trowel","Concrete & Masonry","2016-07-22T17:48:36.000"
"1677","Nail Puller","Vaughan Nail Puller","Carpentry & Woodworking, Floor & Wall, Mechanical Tools","2016-07-22T18:00:53.000"
"1678","Back Saw","Lenox Back saw","Carpentry & Woodworking","2016-07-22T18:02:36.000"
"1679","Wood Clamp","Stanley Handyman Wood Clamp","Carpentry & Woodworking, Clamps","2016-07-22T18:20:17.000"
"1680","Wood Clamp","Stanley Handyman Wood Clamp","Carpentry & Woodworking, Clamps","2016-07-22T18:20:40.000"
"1681","Post Hole Digger","Digger Shovel","Carpentry & Woodworking, Gardening & Digging","2016-07-22T18:58:31.000"
"1682","Pruning Shears","Fiskars Pruning Shear","Gardening & Digging","2016-07-22T19:14:10.000"
"1683","Hatchet","Rock Forge Hatchet","Carpentry & Woodworking","2016-07-22T19:40:42.000"
"1684","Hatchet","Rock Forge Hatchet","Carpentry & Woodworking","2016-07-22T19:42:15.000"
"1685","Pruning Shears","Fiskars Pruning Shear","Gardening & Digging","2016-07-22T19:43:05.000"
"1686","Strippers","Wire Stripper","Electrical, Mechanical Tools","2016-07-22T19:49:53.000"
"1687","Miter Saws","Hitachi Koki Miter Saw",,"2016-07-22T20:01:04.000"
"1688","Finishing Power Sanders","Scroll Saw sander","Carpentry & Woodworking","2016-07-22T20:17:08.000"
"1689","Cordless Drills","Electric Drywall Screwdriver","Carpentry & Woodworking, Floor & Wall, Power Tools","2016-07-22T20:33:37.000"
"1690","Squares","Empire Polysquare Rafter Square","Carpentry & Woodworking, Floor & Wall","2016-07-22T20:35:46.000"
"1691","Squares","Empire Polysquare Rafter Square (Gray) (LOST)","Carpentry & Woodworking, Floor & Wall","2016-07-22T20:39:26.000"
"1692","Paint Roller Frame","Paint roller frame","Floor & Wall, Mechanical Tools","2016-07-22T20:41:16.000"
"1693","Sledgehammers","Sledgehammer","Concrete & Masonry, Floor & Wall, Mechanical Tools","2016-07-22T20:42:48.000"
"1694","Sledgehammers","Sledgehammer","Concrete & Masonry, Floor & Wall, Mechanical Tools","2016-07-22T20:43:17.000"
"1695","Claw Hammers","Claw Hammer","Carpentry & Woodworking, Floor & Wall, Mechanical Tools","2016-07-22T20:47:25.000"
"1696","Hammers & Mallets","Drywall Genuine Hickory Hammer","Carpentry & Woodworking, Floor & Wall","2016-07-22T20:57:19.000"
"1697","Claw Hammers","Claw hammer","Carpentry & Woodworking, Concrete & Masonry, Floor & Wall, Mechanical Tools","2016-07-22T21:00:46.000"
"1698","Caulk Guns","Caulk Gun","Floor & Wall","2016-07-22T21:04:23.000"
"1699","Flat Screwdriver","Flat screwdriver","Carpentry & Woodworking, Floor & Wall","2016-07-22T21:07:50.000"
"1700","Flat Screwdriver","Flat screwdriver","Carpentry & Woodworking, Floor & Wall","2016-07-22T21:09:26.000"
"1701","Flat Screwdriver","Flat screwdriver","Carpentry & Woodworking, Floor & Wall","2016-07-22T21:09:47.000"
"1702","Flat Screwdriver","Flat screwdriver","Carpentry & Woodworking, Floor & Wall","2016-07-22T21:10:22.000"
"1703","Flat Screwdriver","Flat screwdriver","Carpentry & Woodworking, Floor & Wall","2016-07-22T21:10:53.000"
"1704","Phillips Screwdriver","Phillips Klein Screwdriver","Carpentry & Woodworking, Concrete & Masonry, Electrical, Floor & Wall","2016-07-22T21:14:03.000"
"1705","Phillips Screwdriver","Phillips Klein Screwdriver","Carpentry & Woodworking, Concrete & Masonry, Electrical, Floor & Wall","2016-07-22T21:14:23.000"
"1706","Dollies","Mover's Dolly","Material Handling","2016-07-22T21:20:20.000"
"1707","Step Ladders","6 ft. Ladder","Ladders","2016-08-02T10:17:44.000"
"1708","Hand Truck","600 lb. Capacity Flow Back Solid Tire Hand Truck","Material Handling","2016-08-02T11:51:54.000"
"1709","Lawn Care (other)","Lawn Coring Aerator",,"2016-08-08T13:47:29.000"
"1710","Worm Drive Circular Saw","13 Amp 7-1/4 in. Corded Saw","Carpentry & Woodworking, Power Tools","2016-08-09T10:09:52.000"
"1711","Extension Cords","25 ft. 14/3 Extension Cord","Electrical","2016-08-09T10:33:16.000"
"1712","Extension Cords","25 ft. 14/3 Extension Cord","Electrical","2016-08-09T10:34:58.000"
"1713","Saw Horses","Saw Horse (set of two)","Carpentry & Woodworking","2016-08-11T16:04:27.000"
"1714","Telescopic Pruner","Telescoping Tree Pruner","Gardening & Digging","2016-08-11T16:25:47.000"
"1715","Power Drill 1/2in","M18 FUEL 18-Volt Lithium-Ion Brushless 1/2 in. Drill/Driver Kit","Power Tools","2016-08-11T16:36:31.000"
"1716","Cordless Drills","1/4"" Cordless Impact Driver","Power Tools","2016-08-12T10:17:25.000"
"1717","Power Drill 1/2in","20-Volt Max XR Lithium-Ion Cordless Brushless Compact Drill/Driver","Power Tools","2016-08-12T10:38:03.000"
"1718","Cordless Drills","20-Volt Lithium-Ion 1/2 in. Cordless Brushless Compact Drill","Power Tools","2016-08-12T10:51:58.000"
"1719","Hammer Drills","M18 FUEL™ 1/2"" Hammer Drill/Driver Kit","Power Tools","2016-08-12T12:06:27.000"
"1720","Power Saws","11.5-Amp Tiger Saw Kit","Power Tools","2016-08-12T12:42:40.000"
"1721","Routers","Bosch 1604 Router","Power Tools","2016-08-12T13:10:34.000"
"1722","Pruning Shears","Pruning Shear","Gardening & Digging","2016-08-12T13:34:17.000"
"1723","Pipe Wrenches","Ridgid 14 In. Steel Pipe Wrench","Mechanical Tools, Plumbing & Drain Cleaning","2016-08-12T13:53:25.000"
"1724","Pipe Wrenches","Globsmaster 14 In. Steel Pipe Wrench","Mechanical Tools, Plumbing & Drain Cleaning","2016-08-12T14:01:04.000"
"1725","Wire Strippers","stapler","Electrical","2016-08-12T14:12:00.000"
"1726","Pipe Wrenches","Stillson Type Pipe Wrench 12 Inch / 300mm","Mechanical Tools, Plumbing & Drain Cleaning","2016-08-12T14:28:34.000"
"1727","Tape Measures","PowerLock 25 ft. Tape Measure","Carpentry & Woodworking, Floor & Wall, Mechanical Tools","2016-08-12T14:48:30.000"
"1728","Paint Scraper","Warner Broad Knife","Floor & Wall","2016-08-12T15:47:28.000"
"1729","Dollies","700 lb. Capacity Appliance Hand Truck","Material Handling","2016-08-15T11:46:25.000"
"1730","Miter Saws","Hitachi Koki Miter Saw",,"2016-08-16T11:07:15.000"
"1731","Tin Snips","Wiss Tin Snips","Gardening & Digging","2016-08-25T10:35:02.000"
"1732","Lawn Mower","Scotts 14 in. 5-Blade Reel Mower","Gardening & Digging","2016-08-25T11:51:01.000"
"1733","Lawn Mower","Scotts 18 in. 5-Blade Reel Mower","Gardening & Digging","2016-08-25T11:54:35.000"
"1734","Telescopic Pruner","Telescoping Tree Pruner","Gardening & Digging","2016-09-06T12:47:12.000"
"1735","Metal Garden Rake","Ames Garden Rake","Gardening & Digging, Mechanical Tools","2016-09-06T14:04:55.000"
"1736","Pressure Washers","Electric Pressure Washer","Electrical, Gardening & Digging","2016-09-16T16:54:09.000"
"1737","Socket Sets","Socket Set","Floor & Wall, Mechanical Tools","2016-09-19T13:35:53.000"
"1738","Cordless Drills","Black + Decker 12-Volt Ni-Cad 3/8 in. Cordless Drill with Soft Grips",,"2016-09-22T10:21:22.000"
"1739","Cordless Drills","Black + Decker 12-Volt Ni-Cad 3/8 in. Cordless Drill with Soft Grips",,"2016-09-22T10:21:25.000"
"1740","Circuit Testers","Klein Tools Digital Circuit Breaker Finder","Electrical","2016-09-23T16:46:50.000"
"1741","Lawn Mower","Lawn Mower","Gardening & Digging, Power Tools","2016-09-28T16:21:45.000"
"1742","Circular Saws","Hitachi 7-1/4"" circular saw","Power Tools","2016-09-28T19:30:51.000"
"1743","Grinders","4 1/2 Angle Grinder",,"2016-09-28T18:58:31.000"
"1744","Tap and Die","Ratchet Threader Kit (3 dies)","Mechanical Tools, Plumbing & Drain Cleaning","2016-10-05T19:14:40.000"
"1745","Saw Horses","Adjustable Height Saw Horse","Carpentry & Woodworking, Floor & Wall, Material Handling","2016-10-19T18:23:01.000"
"1746","Saw Horses","Adjustable Height Saw Horse","Carpentry & Woodworking, Floor & Wall, Material Handling","2016-10-19T18:29:06.000"
"1747","Compound Miter Saw","Ryobi 12"" Compound Miter Saw","Carpentry & Woodworking, Floor & Wall, Mechanical Tools","2016-10-19T19:31:31.000"
"1748","Wet Tile Saws","7"" Portable Wet Cutting Tile Saw","Floor & Wall, Power Tools","2016-10-21T15:40:41.000"
"1749","Routers","Black & Decker Router Kit","Carpentry & Woodworking, Power Tools","2016-10-26T18:13:14.000"
"1750","Torque Wrench","Micrometer Adjustable Torque Wrench","Mechanical Tools","2016-10-26T18:25:16.000"
"1751","Buffers","6"" buffer / polisher","Power Tools","2016-10-26T18:42:41.000"
"1752","Staple Gun","Heavy Duty Staple Gun","Mechanical Tools","2016-10-26T18:52:14.000"
"1753","Circular Saws","13 Amp 7-1/4 in. Laser Circular Saw","Carpentry & Woodworking, Floor & Wall, Power Tools","2016-10-26T19:06:50.000"
"1754","Standing Work Lights","500-Watt Tripod Light with Portable Stand","Carpentry & Woodworking, Electrical, Material Handling, Mechanical Tools","2016-10-26T19:15:50.000"
"1755","Trowel","Steel Trowel","Gardening & Digging","2016-10-26T19:23:21.000"
"1756","Wood Chisel","Wood Chisel 1- 1/4""","Carpentry & Woodworking","2016-11-02T18:32:08.000"
"1757","Pruning Shears","Pruning Shears","Gardening & Digging","2016-11-02T18:49:14.000"
"1758","Wood Chisel","wood chisel 1/4""","Carpentry & Woodworking","2016-11-02T18:57:06.000"
"1759","Wood Chisel","Wood Chisel 1-1/2""","Carpentry & Woodworking","2016-11-02T19:03:33.000"
"1760","Planes","Bench Plane","Carpentry & Woodworking","2016-11-02T19:12:37.000"
"1761","Tape Measures","Tape Measure 30'","Carpentry & Woodworking, Floor & Wall","2016-11-02T19:19:32.000"
"1762","Wood Chisel","Wood Chisel 1""","Carpentry & Woodworking","2016-11-02T19:24:09.000"
"1763","Table Saws","Ryobi 10"" Table Saw","Power Tools","2016-11-07T15:32:49.000"
"1764","Wood Chisel","1"" Wood Chisel","Carpentry & Woodworking","2016-11-09T18:55:41.000"
"1765","Wood Chisel","1"" wood chisel","Carpentry & Woodworking","2016-11-09T18:59:30.000"
"1766","Chalklines","Chalk Line Reel","Carpentry & Woodworking, Floor & Wall","2016-11-09T19:09:37.000"
"1767","Crimpers","Crimping Tool","Electrical, Mechanical Tools","2016-11-09T19:19:22.000"
"1768","Hoes","Hoe","Gardening & Digging","2016-11-17T11:01:35.000"
"1769","Saws","Hand Saw","Carpentry & Woodworking","2016-11-30T18:21:04.000"
"1770","Saws","Hand Saw","Carpentry & Woodworking","2016-11-30T18:23:59.000"
"1771","Pressure Washer Attachments","Ryobi Pressure Washer","Carpentry & Woodworking, Gardening & Digging, Power Tools","2016-11-30T18:51:12.000"
"1772","Saws","undercut saw","Carpentry & Woodworking","2016-11-30T19:12:18.000"
"1773","Rubber Mallets","Rubber Mallet","Carpentry & Woodworking","2016-11-30T19:19:24.000"
"1774","Ladders","10ft ladder","Ladders","2017-01-20T15:05:26.000"
"1775","Hand Tile Cutter","Super Tile Cutter","Floor & Wall, Mechanical Tools","2017-02-01T18:12:09.000"
"1776","Wet Tile Saws","Risso Super Tile Saw","Power Tools","2017-02-01T18:40:51.000"
"1777","Wire Cutters","Roto-Split BX Cable Armor Stripper","Electrical","2017-02-02T15:37:08.000"
"1778","Pliers, Cutters, and Snips","Box Cutter","Carpentry & Woodworking, Floor & Wall","2017-02-02T15:42:42.000"
"1779","Tape Measures","Stanley Power Lock-Tape measure 12'","Carpentry & Woodworking","2017-02-02T15:52:14.000"
"1780","Wood Chisel","Stanley Wood Chisel","Carpentry & Woodworking","2017-02-02T15:58:35.000"
"1781","Pliers, Cutters, and Snips","Midwest P6510R Offset Aviation Snips - Right Cut","Electrical","2017-02-09T14:49:04.000"
"1782","Pliers, Cutters, and Snips","BOLT CUTTER, 350 MM/14"" MATRIX","Mechanical Tools","2017-02-09T14:58:43.000"
"1783","Tube Cutters","General Tools 125 Heavy Duty Tube Cutter","Mechanical Tools","2017-02-09T15:05:24.000"
"1784","Tube Cutters","General Tools 125 Heavy Duty Tube Cutter","Mechanical Tools","2017-02-09T15:29:19.000"
"1785","Tools","TELESCOPING TUBING CUTTERS",,"2017-02-10T14:07:28.000"
"1786","Tools","TELESCOPING TUBING CUTTERS","Mechanical Tools","2017-02-10T14:09:51.000"
"1787","Cement Chisel","DEWALT 3"" x 12"" 3/4"" Hex Scaling Chisel","Mechanical Tools","2017-02-10T14:33:39.000"
"1788","Hand Tools","Putty Knife","Floor & Wall","2017-02-10T14:49:37.000"
"1789","Wood Chisel","7-3/4"" Steel Wood Chisel","Floor & Wall","2017-02-10T14:58:55.000"
"1790","Drills","Drill/Driver 1/2"" 7Amp","Power Tools","2017-03-01T18:22:24.000"
"1791","Sanders","1/4 Sheet Finishing Sander","Power Tools","2017-03-01T18:39:27.000"
"1792","Jig Saws","Jig Saw","Power Tools","2017-03-01T18:54:22.000"
"1793","Saws","Reciprocating Saw","Carpentry & Woodworking, Power Tools","2017-03-01T19:06:42.000"
"1794","Circular Saws","7 1/4"" Circular Saw","Carpentry & Woodworking, Power Tools","2017-03-01T19:16:29.000"
"1795","Jig Saws","Industrial Sabre Saw","Power Tools","2017-03-08T18:12:50.000"
"1796","Power Drill 3/8in","3/8 Inch Keyless Drill","Power Tools","2017-03-08T18:29:25.000"
"1797","Step Ladders","6 ft. Fiberglass Mechanical JobStation with 375 lb. Load Capacity Type IAA Duty Rating","Ladders","2017-03-10T13:47:39.000"
"1798","Square Shovel","Brown Shovel",,"2017-03-10T14:34:46.000"
"1799","Push Brooms","JobSite Push Broom","Floor & Wall","2017-03-10T17:11:48.000"
"1800","Metal Garden Rake","Bow Rake","Gardening & Digging, Mechanical Tools","2017-03-10T17:26:05.000"
"1801","Metal Garden Rake","Metal Garden Rake","Gardening & Digging","2017-03-10T17:26:50.000"
"1802","Metal Garden Rake","Bow Rake","Gardening & Digging","2017-03-21T14:32:43.000"
"1803","Shovels & Digging","Ergo Gel Grip Hand Soil Scoop","Gardening & Digging","2017-03-21T14:51:06.000"
"1804","Shovels & Digging","Ergo Gel Grip Hand Soil Scoop","Gardening & Digging","2017-03-21T14:51:31.000"
"1805","Shovels & Digging","Ergo Gel Grip Hand Soil Scoop","Gardening & Digging","2017-03-21T14:51:39.000"
"1806","Jig Saws","4.8 Amp Orbital Jig Saw with Laser","Power Tools","2017-03-21T14:58:16.000"
"1807","Cultivators","Ergo Gel Grip Hand Cultivator","Gardening & Digging","2017-03-21T15:26:43.000"
"1808","Paint Roller Frame","Paint Roller Frame","Floor & Wall","2017-03-22T18:39:21.000"
"1809","Paint Roller Frame","Paint Roller Frame","Floor & Wall","2017-03-22T18:41:58.000"
"1810","Paint Roller Frame","Paint Roller Frame","Floor & Wall","2017-03-22T18:42:40.000"
"1811","Paint Roller Frame","Paint Roller Frame","Floor & Wall","2017-03-22T18:43:18.000"
"1812","Paint Roller Frame","Paint Roller Frame","Floor & Wall","2017-03-22T18:43:46.000"
"1813","Paint Roller Frame","Paint Roller Frame","Floor & Wall","2017-03-22T18:46:45.000"
"1814","Paint Roller Frame","Paint Roller Frame","Floor & Wall","2017-03-22T18:47:21.000"
"1815","Paint Roller Frame","mini paint roller 4""","Floor & Wall","2017-03-22T19:00:48.000"
"1816","Paint Roller Frame","mini paint roller 4""","Floor & Wall","2017-03-22T19:01:28.000"
"1817","Paint Roller Frame","paint roller frame 7""","Floor & Wall","2017-03-22T19:06:09.000"
"1818","Paint Roller Frame","paint roller frame 7""","Floor & Wall","2017-03-22T19:07:04.000"
"1819","Sharp Bristle Brushes","angled paint brush 2""","Floor & Wall","2017-03-22T19:14:32.000"
"1820","Sharp Bristle Brushes","angled paint brush 2""","Floor & Wall","2017-03-22T19:15:09.000"
"1821","Sharp Bristle Brushes","angled paint brush 2""","Floor & Wall","2017-03-22T19:15:57.000"
"1822","Sharp Bristle Brushes","angled paint brush 2""","Floor & Wall","2017-03-22T19:16:33.000"
"1823","Sharp Bristle Brushes","Paint Brush 4""","Floor & Wall","2017-03-22T19:18:31.000"
"1824","Hand Tools","10 in. x 10 in. Steel Tamper","Gardening & Digging","2017-03-24T15:13:51.000"
"1825","Pickaxes","Pickaxe","Carpentry & Woodworking, Gardening & Digging, Mechanical Tools","2017-03-24T15:16:04.000"
"1826","Extension Cords","100ft Extension Cord",,"2017-03-29T17:22:22.000"
"1827","Electric Hedge Trimmer","Electric Hedge Trimmer","Carpentry & Woodworking, Electrical, Power Tools","2017-04-05T18:06:25.000"
"1828","Electric Lawn Edger","lawn edger","Gardening & Digging","2017-04-05T18:16:01.000"
"1829","Saws","Hand Saw","Carpentry & Woodworking","2017-04-05T18:19:22.000"
"1831","Post Hole Digger","Digger Shovel","Carpentry & Woodworking, Gardening & Digging","2017-04-05T18:58:16.000"
"1832","Square Shovel","Square Shovel","Gardening & Digging","2017-04-05T19:02:36.000"
"1833","Square Shovel","Square Shovel","Gardening & Digging","2017-04-05T19:03:06.000"
"1834","Cordless Trimmers","Electric Grass Trimmer","Gardening & Digging","2017-04-05T19:11:42.000"
"1835","Lawn Care (other)","Lawn Coring Aerator","Gardening & Digging","2017-04-05T19:15:05.000"
"1836","Axes","Trench Shovel","Gardening & Digging, Mechanical Tools","2017-04-05T19:20:43.000"
"1837","Crow Bars","36in. Crowbar","Carpentry & Woodworking, Concrete & Masonry, Floor & Wall","2017-04-05T19:23:08.000"
"1838","Shears","Hedge Shears","Gardening & Digging, Mechanical Tools","2017-04-05T19:27:03.000"
"1839","Buffers","7"" polisher / sander","Power Tools","2017-04-05T19:33:19.000"
"1840","Reciprocating Saw","Reciprocating Sawzall","Carpentry & Woodworking, Floor & Wall, Power Tools","2017-04-19T17:09:04.000"
"1841","Electric Lawn Edger","Grass Trimmer",,"2017-04-19T17:16:32.000"
"1842","Crow Bars","15in. Crowbar","Carpentry & Woodworking, Concrete & Masonry, Floor & Wall","2017-04-19T19:12:44.000"
"1843","Sharp Bristle Brushes","angled paint brush 2""","Floor & Wall","2017-04-19T19:19:19.000"
"1844","Brushes and Rollers","Nylox Polyester Paint Brush","Carpentry & Woodworking, Floor & Wall, Mechanical Tools","2017-04-19T19:28:21.000"
"1845","Metal Garden Rake","Big Kids Garden Rake","Gardening & Digging","2017-04-26T15:55:33.000"
"1846","Metal Garden Rake","Big Kids Garden Rake","Gardening & Digging","2017-04-26T15:56:16.000"
"1847","Metal Garden Rake","Big Kids Garden Shovel","Gardening & Digging","2017-04-26T15:59:20.000"
"1848","Metal Garden Rake","Big Kids Garden Shovel","Gardening & Digging","2017-04-26T16:05:57.000"
"1849","Metal Garden Rake","Big Kids Garden Hoe","Gardening & Digging","2017-04-26T16:09:45.000"
"1850","Metal Garden Rake","Big Kids Garden Hoe","Gardening & Digging","2017-04-26T16:10:48.000"
"1851","Metal Garden Rake","Big Kids Leaf Rake","Gardening & Digging","2017-04-26T16:12:01.000"
"1852","Metal Garden Rake","Big Kids Leaf Rake","Gardening & Digging","2017-04-26T16:12:26.000"
"1853","Metal Garden Rake","Big Kids Garden Shovel","Gardening & Digging","2017-04-26T16:54:59.000"
"1854","Metal Garden Rake","Big Kids Garden Shovel","Gardening & Digging","2017-04-26T16:55:23.000"
"1855","Metal Garden Rake","Big Kids Leaf Rake","Gardening & Digging","2017-04-26T16:55:52.000"
"1856","Metal Garden Rake","Big Kids Leaf Rake","Gardening & Digging","2017-04-26T16:56:12.000"
"1857","Metal Garden Rake","Big Kids Garden Hoe","Gardening & Digging","2017-04-26T16:56:41.000"
"1858","Metal Garden Rake","Big Kids Garden Hoe","Gardening & Digging","2017-04-26T16:56:45.000"
"1859","Metal Garden Rake","Big Kids Garden Rake","Gardening & Digging","2017-04-26T16:57:34.000"
"1860","Metal Garden Rake","Big Kids Garden Rake","Gardening & Digging","2017-04-26T16:57:47.000"
"1861","Chalklines","Chalk Line","Carpentry & Woodworking, Concrete & Masonry, Floor & Wall","2017-04-26T18:15:46.000"
"1862","Float","Grout Float","Floor & Wall","2017-04-26T18:22:23.000"
"1863","Float","16 in. Magnesium Float","Floor & Wall","2017-04-26T18:26:18.000"
"1864","Levels","9in Level","Carpentry & Woodworking, Concrete & Masonry, Floor & Wall","2017-04-26T18:33:48.000"
"1865","Paint Scraper","Hyde Paint scraper","Carpentry & Woodworking, Floor & Wall","2017-04-26T18:36:40.000"
"1866","Paint Scraper","Paint scraper","Carpentry & Woodworking, Floor & Wall","2017-04-26T18:38:31.000"
"1867","Wood Chisel","wood chisel 1/2""","Carpentry & Woodworking","2017-04-26T18:42:11.000"
"1868","Planes","Bench Plane","Carpentry & Woodworking","2017-04-26T18:49:00.000"
"1869","Files","half round file","Carpentry & Woodworking, Floor & Wall","2017-04-26T18:53:55.000"
"1870","Claw Hammers","Claw Hammer w/ Steel Handle","Carpentry & Woodworking, Floor & Wall, Mechanical Tools","2017-04-26T18:56:35.000"
"1871","Squares","Rafter Square (Gray)","Carpentry & Woodworking, Floor & Wall","2017-04-26T19:00:10.000"
"1872","Utility Knives","utility knife",,"2017-04-26T19:06:00.000"
"1873","Planes","Bench Plane","Carpentry & Woodworking","2017-04-26T19:11:04.000"
"1874","Rivet Tools","Heavy Duty Rivet Gun","Carpentry & Woodworking, Floor & Wall, Mechanical Tools","2017-04-26T19:25:27.000"
"1875","Tape Measures","Tape Measure 30'","Carpentry & Woodworking, Floor & Wall","2017-04-26T19:28:19.000"
"1876","Reciprocating Saw","4 AMP Milwaukee Heavy Duty Sawzall","Power Tools","2017-04-28T15:05:48.000"
"1877","Circular Saws","7-1/4"" Circular Saw","Carpentry & Woodworking, Power Tools","2017-04-28T15:09:57.000"
"1878","Tape Measures","Stanley 25' Tape Measure","Mechanical Tools","2017-04-28T15:13:34.000"
"1879","Staple Guns","Multi-Purpose Staple Gun Kit","Floor & Wall, Mechanical Tools","2017-04-28T15:17:55.000"
"1880","Wrenches","12 inch Adjustable Wrench","Mechanical Tools","2017-04-28T15:42:09.000"
"1881","Pipe Wrenches","10"" Pipe Wrench","Mechanical Tools","2017-04-28T15:47:53.000"
"1882","Staple Guns","Staple Gun","Mechanical Tools","2017-04-28T15:50:01.000"
"1883","Reciprocating Saw","Milwaukee Sawzall Reciprocating Saw Kit","Power Tools","2017-04-28T15:56:36.000"
"1884","Extension Cords","100ft Extension Cord",,"2017-04-28T16:00:07.000"
"1885","Angle Grinder","Bosch 4-1/2 Inch Angle Grinder","Carpentry & Woodworking, Power Tools","2017-04-28T16:05:42.000"
"1886","Jig Saws","Bosch Jig Saw","Carpentry & Woodworking, Power Tools","2017-04-28T16:10:05.000"
"1887","Extension Cords","25ft. Extension Cord",,"2017-04-29T13:04:05.000"
"1888","Extension Cords","25ft. Extension Cord",,"2017-04-29T13:04:42.000"
"1889","Socket Sets","Socket Set",,"2017-05-02T17:07:28.000"
"1890","Electric Hedge Trimmer","Electric Hedge Trimmer","Carpentry & Woodworking, Electrical, Power Tools","2017-05-03T18:30:20.000"
"1891","Paint Sprayer","Paint Sprayer","Carpentry & Woodworking, Floor & Wall, Material Handling","2017-05-03T18:38:03.000"
"1892","Sanders","1/3 Sheet Pad Sander","Carpentry & Woodworking, Power Tools","2017-05-03T18:53:38.000"
"1893","Vises","Bench Vise","Carpentry & Woodworking, Mechanical Tools","2017-05-03T19:00:46.000"
"1894","Chainsaws","Electric Chainsaw","Gardening & Digging, Power Tools","2017-05-03T19:10:42.000"
"1895","Chainsaws","DISABLED","Carpentry & Woodworking, Gardening & Digging, Power Tools","2017-05-12T13:56:19.000"
"1896","Safety Equipment","Hard Hat Yellow","Material Handling","2017-05-17T18:15:24.000"
"1897","Safety Equipment","Hard Hat Yellow","Material Handling","2017-05-17T18:17:49.000"
"1898","Safety Equipment","Hard Hat Yellow","Material Handling","2017-05-17T18:19:34.000"
"1899","Safety Equipment","Hard Hat Yellow","Material Handling","2017-05-17T18:21:13.000"
"1900","Safety Equipment","Hard Hat Yellow","Material Handling","2017-05-17T18:22:12.000"
"1901","Safety Equipment","Hard Hat Yellow","Material Handling","2017-05-17T18:24:07.000"
"1902","Safety Equipment","Hard Hat Yellow","Material Handling","2017-05-17T18:25:18.000"
"1903","Safety Equipment","Hard Hat Yellow","Material Handling","2017-05-17T18:27:28.000"
"1904","Safety Equipment","Hard Hat Yellow","Material Handling","2017-05-17T18:28:02.000"
"1905","Safety Equipment","Hard Hat Green","Material Handling","2017-05-17T18:30:20.000"
"1906","Safety Equipment","Hard Hat Green","Material Handling","2017-05-17T18:30:54.000"
"1907","Safety Equipment","Hard Hat Green","Material Handling","2017-05-17T18:31:28.000"
"1908","Lawn Mower","Electric Lawn Mower","Gardening & Digging","2017-05-31T18:19:14.000"
"1909","Circular Saws","7 1/4 in Circular Saw","Carpentry & Woodworking, Power Tools","2017-05-31T18:26:44.000"
"1910","Buffers","7"" Buffer / Polisher","Power Tools","2017-05-31T18:34:20.000"
"1911","Lawn Care (other)","Broadcast Spreader","Material Handling","2017-05-31T18:43:22.000"
"1912","Electric Lawn Edger","Grass Trimmer",,"2017-06-07T19:17:49.000"
"1913","Grass Shear","Electric Cordless Grass Shear","Gardening & Digging, Power Tools","2017-06-09T15:57:14.000"
"1914","Wooden Leaf Rake","Wooden Leaf Rake","Gardening & Digging","2017-06-14T18:13:56.000"
"1915","Electric Chippers","Electric Chipper/Shredder","Gardening & Digging","2017-06-14T18:25:32.000"
"1916","Random Orbit Sander","DeWalt 5 in. Corded Random Orbit Sander","Carpentry & Woodworking, Floor & Wall, Power Tools","2017-06-21T19:20:11.000"
"1917","Chainsaws","Electric Chainsaw 18""","Gardening & Digging, Power Tools","2017-06-28T19:26:44.000"
"1918","Corded & Plug-in","Tiller","Gardening & Digging, Power Tools","2017-06-28T19:35:40.000"
"1919","Lawn Mower","20"" 13 Amp Corded Lawn Mower","Gardening & Digging, Power Tools","2017-07-12T15:40:41.000"
"1920","Paint Roller Frame","Extendable Paint Roller Frame","Floor & Wall","2017-07-14T14:26:43.000"
"1921","Paint Roller Frame","Extendable Paint Roller Frame","Floor & Wall","2017-07-14T14:26:54.000"
"1922","Post Hole Digger","Digger Shovel","Carpentry & Woodworking, Gardening & Digging","2017-07-14T14:30:38.000"
"1923","Belt Sanders","Craftsman 3 Inch Belt Sander","Power Tools","2017-07-14T16:18:47.000"
"1924","Hand Axe","Axe, 2 and 1/4 lbs","Gardening & Digging","2017-07-14T16:40:43.000"
"1925","Shovels & Digging","Trench Shovel","Gardening & Digging","2017-07-14T16:44:11.000"
"1926","Hand Truck","Hand Truck","Material Handling","2017-07-14T16:48:44.000"
"1927","Squares","Sheetrock Square","Carpentry & Woodworking, Floor & Wall","2017-07-14T16:53:22.000"
"1928","Circular Saws","Craftsman @ 1/8 hp","Carpentry & Woodworking, Power Tools","2017-07-14T16:56:47.000"
"1929","Stands & Work Tables","Folding Stand for 10 Inch Table Saw","Carpentry & Woodworking, Power Tools","2017-07-19T17:27:53.000"
"1930","Table Saws","Table Saw","Power Tools","2017-08-04T14:19:19.000"
"1931","Tools","Dremel","Power Tools","2017-09-20T17:27:25.000"
"1932","Hoes","Machete",,"2017-10-06T10:51:47.000"
"1933","Hoes","Spade Shovel","Gardening & Digging","2017-10-06T10:52:39.000"
"1934","Hoes","Hoe",,"2017-10-06T10:53:31.000"
"1935","Files","Mill File",,"2017-10-06T10:55:19.000"
"1936","Files","Mill File",,"2017-10-06T10:55:28.000"
"1937","Wooden Leaf Rake","Leaf Rake","Gardening & Digging","2017-10-18T16:03:58.000"
"1938","Tools","Groundbreaking Rod",,"2017-10-18T18:23:05.000"
"1939","Cordless Trimmers","STIHL FSE 60 540 watt Electric Grass Trimmer","Gardening & Digging","2017-10-25T16:13:43.000"
"1940","Roto Zip","Rotozip Revolution Zip Mate",,"2017-10-25T16:21:05.000"
"1941","Sanders","5 Inch Sander","Carpentry & Woodworking, Electrical, Power Tools","2017-10-27T13:54:23.000"
"1942","Routers","Router","Carpentry & Woodworking, Electrical, Power Tools","2017-10-27T13:58:12.000"
"1943","Reciprocating Saw","SAWZALL Reciprocating Saw","Carpentry & Woodworking, Floor & Wall, Power Tools","2017-10-27T14:04:58.000"
"1944","Tools","Bow Rake","Gardening & Digging","2017-10-27T14:10:08.000"
"1945","Tools","100ft 5/8in Water Hose","Gardening & Digging","2017-10-27T14:10:17.000"
"1946","Telescopic Pruner","Tree Pruner / Pole Saw","Gardening & Digging","2017-10-27T14:20:13.000"
"1947","Telescopic Pruner","Big Mouth Pruner","Gardening & Digging","2017-10-27T14:21:18.000"
"1948","Push Brooms","Push Broom","Floor & Wall","2017-10-27T14:55:22.000"
"1949","Square Shovel","Square Shovel",,"2017-10-27T16:53:43.000"
"1950","Chop Saws","10"" Chop Saw","Carpentry & Woodworking, Power Tools","2017-11-01T14:44:22.000"
"1951","Wooden Leaf Rake","Leaf Rake","Gardening & Digging","2017-11-01T14:46:30.000"
"1952","Paint Roller Frame","Paint Roller Frame","Floor & Wall, Mechanical Tools","2017-11-01T15:35:25.000"
"1953","Drywall Tools","6-in-1 Tool","Mechanical Tools","2017-11-01T15:43:41.000"
"1954","Drywall Tools","6-in-1 Tool","Mechanical Tools","2017-11-01T15:44:09.000"
"1955","Chainsaws","Chainsaw 10""","Electrical, Power Tools","2018-01-31T15:27:57.000"
"1956","Random Orbit Sander","Random Orbit Sander 5 inch","Electrical, Power Tools","2018-01-31T15:43:32.000"
"1957","Spade Shovel","Spade Shovel","Gardening & Digging","2018-01-31T15:59:00.000"
"1958","Drills","Cordless Drill/Driver","Electrical, Power Tools","2018-01-31T16:50:31.000"
"1959","Drills","Cordless Drill/Driver","Electrical, Power Tools","2018-01-31T16:50:41.000"
"1960","Sanders & Planers","1/4-Sheet Orbital Sander","Floor & Wall, Power Tools","2018-01-31T16:56:14.000"
"1961","Jig Saws","5.0-Amp Jig Saw","Floor & Wall, Power Tools","2018-01-31T17:09:07.000"
"1962","Electric String Trimmer","Cordless Grass Trimmer/Edger","Power Tools","2018-02-16T15:28:16.000"
"1963","Table Saws","4"" Table Saw","Power Tools","2018-02-28T16:45:46.000"
"1964","Routers","Router 1 1/4 HP","Power Tools","2018-02-28T16:52:45.000"
"1965","Circular Saws","7 1/4 Circular Saw","Power Tools","2018-02-28T16:55:58.000"
"1966","Cordless Drills","Cordless Drill Driver","Power Tools","2018-02-28T17:03:31.000"
"1967","Cordless Drills","Cordless Drill Driver","Power Tools","2018-02-28T17:04:05.000"
"1968","Chargers","DeWalt Battery Charger",,"2018-02-28T17:08:42.000"
"1969","Chargers","DeWalt Battery Charger",,"2018-02-28T17:10:51.000"
"1970","Spade Shovel","Spade Shovel","Gardening & Digging","2018-02-28T17:21:09.000"
"1971","Spade Shovel","Spade Shovel","Gardening & Digging","2018-02-28T17:21:49.000"
"1972","Chargers","DeWalt Battery Charger",,"2018-02-28T17:59:35.000"
"1973","Bow Saws","Bow Saw",,"2018-03-12T13:15:41.000"
"1974","Claw Hammers","Claw Hammer","Carpentry & Woodworking","2018-03-16T15:57:39.000"
"1975","Spade Shovel","Spade Shovel","Gardening & Digging","2018-03-21T15:00:54.000"
"1976","Power Drills","Power Drill","Power Tools","2018-04-27T17:02:21.000"
"1977","Hand Tools","Grabber Tool",,"2018-05-04T14:24:49.000"
"1978","Hand Tools","Grabber Tool",,"2018-05-04T14:25:14.000"
"1979","Hand Tools","Grabber Tool",,"2018-05-04T14:25:26.000"
"1980","Hand Tools","Grabber Tool",,"2018-05-04T14:25:32.000"
"1981","Hand Tools","Grabber Tool",,"2018-05-04T14:25:40.000"
"1982","Hand Tools","Grabber Tool",,"2018-05-04T14:25:58.000"
"1983","Hand Tools","Grabber Tool",,"2018-05-04T14:26:05.000"
"1984","Hand Tools","Grabber Tool",,"2018-05-04T14:26:11.000"
"1985","Hand Tools","Grabber Tool",,"2018-05-04T14:26:20.000"
"1986","Hand Tools","Grabber Tool",,"2018-05-04T14:26:26.000"
"1987","Hand Tools","Grabber Tool",,"2018-05-04T14:26:36.000"
"1988","Hand Tools","Grabber Tool",,"2018-05-11T13:53:44.000"
"1989","Hand Tools","Grabber Tool",,"2018-05-11T13:55:53.000"
"1990","Hand Tools","Grabber Tool",,"2018-05-11T13:55:59.000"
"1991","Hand Tools","Grabber Tool",,"2018-05-11T13:56:06.000"
"1992","Hand Tools","Grabber Tool",,"2018-05-11T13:56:12.000"
"1993","Hand Tools","Grabber Tool",,"2018-05-11T13:57:44.000"
"1994","Hand Tools","Grabber Tool",,"2018-05-11T13:57:49.000"
"1995","Hand Tools","Grabber Tool",,"2018-05-11T13:59:39.000"
"1996","Hand Tools","Grabber Tool",,"2018-05-11T13:59:45.000"
"1997","Dollies","2 in 1 Hand Utility Cart Dolly",,"2018-05-11T14:04:34.000"
"1998","Cultivators","3-Tine Garden Cultivator","Gardening & Digging","2018-05-11T14:37:01.000"
"1999","Hoes","54 in. Wood Handle Action Scuffle Hoe","Gardening & Digging","2018-05-11T14:44:00.000"
"2000","Post Hole Digger","Post Hole Digger","Gardening & Digging","2018-05-11T14:50:55.000"
"2001","Electric Lawn Edger","7.5 in. 12-Amp Corded Electric 2-in-1 Landscape Edger/Trencher","Electrical, Gardening & Digging, Power Tools","2018-05-11T15:01:34.000"
"2002","Extension Cords","10ft Extension Cord","Electrical","2018-05-11T16:34:54.000"
"2003","Chainsaws","Electric Tree Chainsaw","Gardening & Digging, Power Tools","2018-05-16T16:13:04.000"
"2004","Extension Cords","100ft Extension Cord","Electrical","2018-05-30T16:07:07.000"
"2005","Pruning Saw","Tree Saw",,"2018-06-22T13:28:22.000"
"2006","Lawn Care (other)","Lawn Coring Aerator",,"2018-06-22T14:05:12.000"
"2007","Broad Fork","Broad Fork","Gardening & Digging","2018-06-22T16:29:20.000"
"2008","Hand Miter Saws","Clamping Miter Box","Carpentry & Woodworking, Clamps","2018-08-29T13:23:14.000"
"2009","Hand Miter Saws","Clamping Miter Box","Carpentry & Woodworking, Clamps","2018-08-29T13:23:23.000"
"2010","Electric Leaf Blower","Leaf Blower","Electrical, Gardening & Digging, Power Tools","2018-08-29T13:27:23.000"
"2011","Reciprocating Saw","Milwaukee Sawzall Reciprocating Saw","Carpentry & Woodworking, Floor & Wall, Power Tools","2018-08-29T13:30:21.000"
"2012","Lighting","Work Light","Electrical","2018-08-29T13:52:40.000"
"2013","Axes","Pickaxe","Gardening & Digging","2018-10-26T13:22:11.000"
"2014","Hand Shovel","Hand Shovel",,"2018-10-26T13:27:36.000"
"2015","Hand Tools","Grabber Tool",,"2018-10-26T16:20:08.000"
"2016","Hand Tools","Grabber Tool",,"2018-10-26T16:20:14.000"
"2017","Tap and Die","Pipe Threader Kit","Mechanical Tools, Plumbing & Drain Cleaning","2018-12-05T15:53:39.000"
"2018","Hoes","Garden Hoe",,"2018-12-07T16:48:31.000"
"2019","Drill Bits","Drill Bit 1/2"" x 12",,"2019-01-30T15:41:20.000"
"2020","Garden Tools","Garden Hand Tool",,"2019-02-25T13:17:45.000"
"2021","Trimmers","15"" Electric Weed Trimmer","Electrical, Gardening & Digging","2019-02-25T15:43:20.000"
"2022","Hand Pruner","Hand Pruner",,"2019-03-01T13:45:54.000"
"2023","Hand Pruner","Hand Pruner",,"2019-03-01T13:46:48.000"
"2024","Wet Tile Saws","Wet Tile Saw","Floor & Wall, Power Tools","2019-03-15T16:55:16.000"
"2025","Lawn Care (other)","Broadcast Spreader","Material Handling","2019-03-22T15:22:01.000"
"2026","Compound Miter Saw","Compound Saw","Carpentry & Woodworking, Power Tools","2019-04-15T15:50:31.000"
"2027","Lawn Mower","Lawn Mower","Gardening & Digging, Power Tools","2019-09-06T13:31:34.000"
"2028","Reciprocating Saw","Reciprocating Saw","Carpentry & Woodworking, Power Tools","2019-09-13T17:01:19.000"
"2029","Tack Hammers","Hammer Tacker","Floor & Wall","2019-11-08T14:02:41.000"
"2030","Staple Guns","Staple / Gun Tacker","Floor & Wall","2019-11-08T14:04:25.000"
"2031","Staple Guns","Staple / Gun Tacker","Floor & Wall","2019-11-08T14:05:05.000"
"2032","Staple Guns","Staple / Gun Tacker","Floor & Wall","2019-11-08T14:06:20.000"
"2033","Saw Horses","Saw Horse","Carpentry & Woodworking","2019-11-08T14:40:26.000"
"2034","Saw Horses","Saw Horse","Carpentry & Woodworking","2019-11-08T14:40:40.000"
"2035","Drywall Tools","Knock-down Knife","Carpentry & Woodworking","2020-01-08T11:45:00.000"
"2036","Miter Saws","Precision Miter Saw","Power Tools","2020-01-08T11:49:08.000"
"2037","Circular Saws","DeWalt 7-1/4"" Circular Saw","Carpentry & Woodworking, Power Tools","2020-01-08T11:54:54.000"
"2038","Extension Cords","25 ft. Extension Cord",,"2020-01-08T12:00:49.000"
"2039","Random Orbit Sander","Skil Orbital Sander","Power Tools","2020-01-08T12:06:03.000"
"2040","Shears","Fiskars 23"" Hedge Shears","Gardening & Digging","2020-01-08T12:07:59.000"
"2041","Staple Gun","Stapling Plier",,"2020-01-08T13:54:45.000"
"2042","Notched Trowel","U Notched Trowel",,"2020-01-08T13:57:50.000"
"2043","Back Saw","14"" Miter Back Saw",,"2020-01-08T13:59:33.000"
"2044","Hoes","Hand Garden Hoe/Cultivator","Gardening & Digging","2020-01-08T14:04:20.000"
"2045","Hoes","Hand Garden Hoe/Cultivator","Gardening & Digging","2020-01-08T14:04:58.000"
"2046","Drills","Black and Decker 3/8 in. Drill","Carpentry & Woodworking, Floor & Wall, Power Tools","2020-01-08T14:08:53.000"
"2047","Kids & Baby","Kid Garden Shovel Tool","Gardening & Digging","2020-01-08T14:17:13.000"
"2048","Kids & Baby","Kid Garden Shovel Tool","Gardening & Digging","2020-01-08T14:17:41.000"
"2049","Kids & Baby","Kid Garden Spade Tool","Gardening & Digging","2020-01-08T14:18:22.000"
"2050","Kids & Baby","Kid Garden Spade Tool","Gardening & Digging","2020-01-08T14:19:02.000"
"2051","Kids & Baby","Kid Garden Rake Tool","Gardening & Digging","2020-01-08T14:19:45.000"
"2052","Kids & Baby","Kid Garden Rake Tool","Gardening & Digging","2020-01-08T14:20:02.000"
"2053","Shears","26""-33"" Telescoping Hedge Shears","Gardening & Digging","2020-01-08T14:28:58.000"
"2054","Shears","Hedge Shears","Gardening & Digging","2020-01-08T14:31:19.000"
"2055","Caulk Guns","Caulk Gun","Floor & Wall","2020-01-08T14:32:10.000"
"2056","Extension Cords","Husky 50 ft. 14/3 Extension Cord","Electrical","2020-01-08T14:35:05.000"
"6398","Worm Drive Circular Saw","skilsaw","Carpentry & Woodworking, Power Tools","2017-07-14T16:27:57.000"
"6399","Wooden Leaf Rake","Rake With Wood Handle","Gardening & Digging","2017-09-27T18:15:05.000"
"6400","Saws","Insulation Saw",,"2017-11-01T18:35:57.000"
"6401","Levels","empire 24in I-Beam Level","Carpentry & Woodworking, Concrete & Masonry, Floor & Wall","2017-11-01T18:59:33.000"
"6402","Shears","Hedge Shears","Gardening & Digging, Mechanical Tools","2017-11-01T19:07:39.000"
"6403","Hammers & Mallets","Mallet","Carpentry & Woodworking, Mechanical Tools","2017-11-01T19:11:41.000"
"6404","Chisels & Gouges","3"" FatMax Brick Set / Chisel","Concrete & Masonry","2017-11-27T14:06:54.000"
"6405","Scrapers","Scraper","Floor & Wall","2017-11-27T14:13:12.000"
"6406","Tools","Terra Planter garden trowel/pick","Gardening & Digging","2017-11-27T14:21:26.000"
"6407","Tools","Terra Planter garden trowel/pick","Gardening & Digging","2017-11-27T14:21:45.000"
"6408","Tools","Garden Trowel/Pick","Gardening & Digging","2017-11-27T14:22:02.000"
"6409","Back Saw","Back saw","Carpentry & Woodworking","2017-11-27T14:29:36.000"
"6410","Chalklines","Irwin Strait-Line","Carpentry & Woodworking, Concrete & Masonry","2017-11-27T14:36:45.000"
"6411","Planes","Bench Plane","Carpentry & Woodworking","2017-12-11T14:18:52.000"
"6412","Wet-Dry Vac","RIGID Wet Dry Vacuum 12 Gallon",,"2018-01-10T15:41:58.000"
"6413","Telescopic Pruner","Tree Pruner / Pole Saw","Gardening & Digging","2018-02-21T18:06:59.000"
"6414","Tools","Water Hose","Gardening & Digging","2018-02-21T18:28:11.000"
"6415","Hammer Drills","Heavy-Duty Hammerdrill 1/2""","Carpentry & Woodworking, Concrete & Masonry, Floor & Wall, Power Tools","2018-06-13T18:57:44.000"
"6416","Spade Shovel","Spade Shovel",,"2018-08-10T16:56:09.000"
"6417","Pressure Washer Attachments","Pressure Washer","Carpentry & Woodworking, Gardening & Digging, Power Tools","2019-02-20T15:32:00.000"
"6418","Torque Wrench","Smaller Micrometer Adjustable Torque Wrench","Mechanical Tools","2019-03-06T18:19:24.000"
"6419","Extension Cords","50 ft. medium duty Extension Cord","Electrical","2019-03-13T18:15:56.000"
"6420","Power Tools",,,"2019-09-20T15:29:33.000"
