amendment_id,amendment_ts,applicant_id,field_code,field_label,old_value,new_value,workstation_id,source_document,requires_cert,counter_log_ref,notes
AMD-000001,2022-01-04,WL-01912,VESSEL_NAME,Vessel Name,SALISH MOON,SEAL ANN,HB-COUNTER-2,,N,day log 2022-01-04,
AMD-000002,2022-01-04,WL-02451,LOA,Length Overall (LOA),26.6,23.7,HB-COUNTER-2,,Y,day log 2022-01-04,
AMD-000003,2022-01-04,WL-02532,OFFICIAL_NUM,Official Number / Registration,583536,912469,HB-COUNTER-2,driver's license,N,day log 2022-01-04,
AMD-000004,2022-01-04,WL-03719,LOA,Length Overall (LOA),52.4,52.7,HB-COUNTER-2,,Y,day log 2022-01-04,
AMD-000005,2022-01-05,WL-01030,BEAM,Beam (Width),10.2,9.5,HB-COUNTER-2,check-in measurement 2022-01-05,Y,day log 2022-01-05,
AMD-000006,2022-01-05,WL-01279,HIN,Hull Identification Number,CHD93697R987,CHD31514J530,HB-COUNTER-2,,N,day log 2022-01-05,
AMD-000007,2022-01-05,WL-01327,YEAR_BUILT,Year Built,1970,1970,HB-COUNTER-2,owner declaration at counter,N,day log 2022-01-05,
AMD-000008,2022-01-06,WL-02766,VESSEL_NAME,Vessel Name,HALIBUT SONG,BRANT DANCER,HB-COUNTER-2,,N,day log 2022-01-06,
AMD-000009,2022-01-06,WL-03069,OWNER_NAME,Owner Name,POWER_STERNDRIVE,ALUMINUM,HB-COUNTER-2,insurance decl page,N,day log 2022-01-06,
AMD-000010,2022-01-08,WL-02223,VESSEL_NAME,Vessel Name,PINTAIL HARBOR,SCOTER ANN,HB-COUNTER-2,insurance decl page,N,day log 2022-01-08,
AMD-000011,2022-01-09,WL-02658,OFFICIAL_NUM,Official Number / Registration,600626,775543,HB-COUNTER-2,owner declaration at counter,N,day log 2022-01-09,
AMD-000012,2022-01-09,WL-02515,YEAR_BUILT,Year Built,2019,2019,HB-COUNTER-2,,N,day log 2022-01-09,
AMD-000013,2022-01-11,WL-02159,LOA,Length Overall (LOA),36.4,35.8,HB-COUNTER-2,,Y,day log 2022-01-11,
AMD-000014,2022-01-11,WL-03620,ENGINE_HP,Engine Horsepower,250,210,HB-COUNTER-2,registration,N,day log 2022-01-11,
AMD-000015,2022-01-12,WL-03233,OFFICIAL_NUM,Official Number / Registration,444197,531542,HB-COUNTER-2,insurance decl page,N,day log 2022-01-12,
AMD-000016,2022-01-13,WL-02963,PROPULSION_TYPE,Propulsion Type,SPORTFISH,CRUISER,HB-COUNTER-2,insurance decl page,N,day log 2022-01-13,
AMD-000017,2022-01-14,WL-03558,HULL_MATERIAL,Hull Material,CA,WOOD,HB-COUNTER-2,registration,N,day log 2022-01-14,
AMD-000018,2022-01-16,WL-03728,BUILD_LOCATION,Build Location / Yard,US,SPORTFISH,HB-COUNTER-2,bill of sale,N,day log 2022-01-16,
AMD-000019,2022-01-17,WL-03478,ENGINE_HP,Engine Horsepower,150,85,HB-COUNTER-2,driver's license,N,day log 2022-01-17,
AMD-000020,2022-01-19,WL-02811,LOA,Length Overall (LOA),54.2,51.3,HB-COUNTER-2,,Y,day log 2022-01-19,
AMD-000021,2022-01-19,WL-02251,NET_TONNAGE,Net Tonnage (NT),12.7,12.8,HB-COUNTER-2,,Y,day log 2022-01-19,
AMD-000022,2022-01-20,WL-01279,PROPULSION_TYPE,Propulsion Type,SPORTFISH,US,HB-COUNTER-2,,N,day log 2022-01-20,
AMD-000023,2022-01-20,WL-01770,ENGINE_HP,Engine Horsepower,330,330,HB-COUNTER-2,,N,day log 2022-01-20,
AMD-000024,2022-01-20,WL-02211,OWNER_NAME,Owner Name,POWER_STERNDRIVE,CRUISER,HB-COUNTER-2,registration,N,day log 2022-01-20,
AMD-000025,2022-01-21,WL-02564,OWNER_ADDRESS,Owner Address,"7770 Zachary Ville, Aberdeen, WA","8994 Roman Burgs, Aberdeen, WA",HB-COUNTER-2,insurance decl page,N,day log 2022-01-21,
AMD-000026,2022-01-21,WL-03090,HIN,Hull Identification Number,CHD81847K911,CHD99753P758,HB-COUNTER-2,driver's license,N,day log 2022-01-21,
AMD-000027,2022-01-23,WL-03837,FLAG,Flag State,ELECTRIC,POWER_INBOARD,HB-COUNTER-2,driver's license,N,day log 2022-01-23,
AMD-000028,2022-01-24,WL-03847,OWNER_NAME,Owner Name,WOOD,US,HB-COUNTER-2,bill of sale,N,day log 2022-01-24,
AMD-000029,2022-01-25,WL-02050,LOA,Length Overall (LOA),45.4,42.5,HB-COUNTER-2,,Y,day log 2022-01-25,
AMD-000030,2022-01-25,WL-03720,ENGINE_HP,Engine Horsepower,375,210,HB-COUNTER-2,owner declaration at counter,N,day log 2022-01-25,
AMD-000031,2022-01-26,WL-03436,ENGINE_MAKE,Engine Make / Model,SAIL_MONO,SAIL_MULTI,HB-COUNTER-2,registration,N,day log 2022-01-26,
AMD-000032,2022-01-26,WL-01762,YEAR_BUILT,Year Built,1971,1971,HB-COUNTER-2,,N,day log 2022-01-26,
AMD-000033,2022-01-26,WL-01737,VESSEL_NAME,Vessel Name,OTTER REACH,HALIBUT REACH,HB-COUNTER-2,,N,day log 2022-01-26,
AMD-000034,2022-01-27,WL-01169,OWNER_NAME,Owner Name,POWER_INBOARD,SAIL_MULTI,HB-COUNTER-2,insurance decl page,N,day log 2022-01-27,
AMD-000035,2022-01-28,WL-02302,BUILD_LOCATION,Build Location / Yard,FOAM_CORE,POWER_OUTBOARD,HB-COUNTER-2,owner declaration at counter,N,day log 2022-01-28,
AMD-000036,2022-01-28,WL-01515,HULL_MATERIAL,Hull Material,POWER_OUTBOARD,FIBERGLASS,HB-COUNTER-2,driver's license,N,day log 2022-01-28,
AMD-000037,2022-01-28,WL-01863,GROSS_TONNAGE,Gross Tonnage (GT),27.4,27.8,HB-COUNTER-2,,Y,day log 2022-01-28,
AMD-000038,2022-01-29,WL-02195,BUILD_LOCATION,Build Location / Yard,POWER_OUTBOARD,SAIL_MONO,HB-COUNTER-2,,N,day log 2022-01-29,
AMD-000039,2022-01-29,WL-01740,GROSS_TONNAGE,Gross Tonnage (GT),22.1,22.4,HB-COUNTER-2,,Y,day log 2022-01-29,
AMD-000040,2022-01-29,WL-03151,LOA,Length Overall (LOA),23.8,26.7,HB-COUNTER-2,,Y,day log 2022-01-29,
AMD-000041,2022-01-30,WL-01317,VESSEL_NAME,Vessel Name,POINT CREST,DRIFT LIGHT,HB-COUNTER-2,driver's license,N,day log 2022-01-30,
AMD-000042,2022-01-30,WL-02016,PROPULSION_TYPE,Propulsion Type,POWER_OUTBOARD,FIBERGLASS,HB-COUNTER-2,driver's license,N,day log 2022-01-30,
AMD-000043,2022-01-30,WL-02153,OFFICIAL_NUM,Official Number / Registration,617153,442398,HB-COUNTER-2,owner declaration at counter,N,day log 2022-01-30,
AMD-000044,2022-01-31,WL-01637,NET_TONNAGE,Net Tonnage (NT),13.3,13.0,HB-COUNTER-2,,Y,day log 2022-01-31,
AMD-000045,2022-02-01,WL-03689,OWNER_NAME,Owner Name,CRUISER,SAIL_MONO,HB-COUNTER-2,owner declaration at counter,N,day log 2022-02-01,
AMD-000046,2022-02-01,WL-02856,ENGINE_HP,Engine Horsepower,330,85,HB-COUNTER-2,registration,N,day log 2022-02-01,
AMD-000047,2022-02-04,WL-03315,GROSS_TONNAGE,Gross Tonnage (GT),22.6,22.9,HB-COUNTER-2,,Y,day log 2022-02-04,
AMD-000048,2022-02-04,WL-02145,YEAR_BUILT,Year Built,1991,1991,HB-COUNTER-2,driver's license,N,day log 2022-02-04,
AMD-000049,2022-02-05,WL-02339,VESSEL_TYPE,Vessel Type,SPORTFISH,POWER_INBOARD,HB-COUNTER-2,driver's license,N,day log 2022-02-05,
AMD-000050,2022-02-07,WL-01732,ENGINE_MAKE,Engine Make / Model,CRUISER,POWER_OUTBOARD,HB-COUNTER-2,owner declaration at counter,N,day log 2022-02-07,
AMD-000051,2022-02-08,WL-01167,VESSEL_NAME,Vessel Name,SPINDRIFT LIGHT,FOUL QUEEN,HB-COUNTER-2,driver's license,N,day log 2022-02-08,
AMD-000052,2022-02-08,WL-01853,YEAR_BUILT,Year Built,1993,1993,HB-COUNTER-2,bill of sale,N,day log 2022-02-08,
AMD-000053,2022-02-09,WL-02320,YEAR_BUILT,Year Built,1977,1977,HB-COUNTER-2,owner declaration at counter,N,day log 2022-02-09,
AMD-000054,2022-02-09,WL-01716,VESSEL_NAME,Vessel Name,SEAL REACH,POINT QUEEN,HB-COUNTER-2,,N,day log 2022-02-09,
AMD-000055,2022-02-10,WL-01064,VESSEL_TYPE,Vessel Type,POWER_INBOARD,SAIL_MONO,HB-COUNTER-2,owner declaration at counter,N,day log 2022-02-10,
AMD-000056,2022-02-10,WL-03526,NET_TONNAGE,Net Tonnage (NT),18.6,19.3,HB-COUNTER-2,check-in measurement 2022-02-10,Y,day log 2022-02-10,
AMD-000057,2022-02-15,WL-02020,VESSEL_NAME,Vessel Name,COHO ROCK,OTTER WEATHER,HB-COUNTER-2,driver's license,N,day log 2022-02-15,
AMD-000058,2022-02-15,WL-01499,BUILD_LOCATION,Build Location / Yard,ELECTRIC,STEEL,HB-COUNTER-2,bill of sale,N,day log 2022-02-15,
AMD-000059,2022-02-15,WL-03790,GROSS_TONNAGE,Gross Tonnage (GT),21.4,22.4,HB-COUNTER-2,,Y,day log 2022-02-15,
AMD-000060,2022-02-16,WL-03663,HULL_MATERIAL,Hull Material,POWER_STERNDRIVE,POWER_STERNDRIVE,HB-COUNTER-2,bill of sale,N,day log 2022-02-16,
AMD-000061,2022-02-17,WL-03471,HULL_MATERIAL,Hull Material,POWER_INBOARD,US,HB-COUNTER-2,owner declaration at counter,N,day log 2022-02-17,
AMD-000062,2022-02-19,WL-03569,PROPULSION_TYPE,Propulsion Type,FIBERGLASS,SAIL_MULTI,HB-COUNTER-2,bill of sale,N,day log 2022-02-19,
AMD-000063,2022-02-20,WL-02166,VESSEL_NAME,Vessel Name,ANCHOR LINE,FOUL REACH,HB-COUNTER-2,insurance decl page,N,day log 2022-02-20,
AMD-000064,2022-02-21,WL-02241,GROSS_TONNAGE,Gross Tonnage (GT),31.2,29.6,HB-COUNTER-2,,Y,day log 2022-02-21,
AMD-000065,2022-02-21,WL-03189,YEAR_BUILT,Year Built,1972,1972,HB-COUNTER-2,owner declaration at counter,N,day log 2022-02-21,
AMD-000066,2022-02-21,WL-03108,NET_TONNAGE,Net Tonnage (NT),9.0,9.9,HB-COUNTER-2,,Y,day log 2022-02-21,
AMD-000067,2022-02-21,WL-02937,VESSEL_NAME,Vessel Name,MURRE SONG,SALISH STAR,HB-COUNTER-2,registration,N,day log 2022-02-21,
AMD-000068,2022-02-22,WL-01666,ENGINE_MAKE,Engine Make / Model,TRAWLER,ELECTRIC,HB-COUNTER-2,,N,day log 2022-02-22,
AMD-000069,2022-02-22,WL-02169,NET_TONNAGE,Net Tonnage (NT),39.1,39.4,HB-COUNTER-2,,Y,day log 2022-02-22,
AMD-000070,2022-02-23,WL-03037,VESSEL_NAME,Vessel Name,ANCHOR REACH,SPINDRIFT MOON,HB-COUNTER-2,,N,day log 2022-02-23,
AMD-000071,2022-02-24,WL-01381,BUILD_LOCATION,Build Location / Yard,WOOD,SPORTFISH,HB-COUNTER-2,driver's license,N,day log 2022-02-24,
AMD-000072,2022-02-25,WL-01676,BEAM,Beam (Width),12.9,12.3,HB-COUNTER-2,,Y,day log 2022-02-25,
AMD-000073,2022-02-26,WL-03235,FLAG,Flag State,POWER_OUTBOARD,CA,HB-COUNTER-2,,N,day log 2022-02-26,
AMD-000074,2022-03-01,WL-02597,OWNER_ADDRESS,Owner Address,"6911 John Mountain, Port Angeles, WA","5352 Jenna Extension, Tacoma, WA",HB-COUNTER-2,insurance decl page,N,day log 2022-03-01,
AMD-000075,2022-03-02,WL-03817,GROSS_TONNAGE,Gross Tonnage (GT),21.1,21.4,HB-COUNTER-2,check-in measurement 2022-03-02,Y,day log 2022-03-02,
AMD-000076,2022-03-03,WL-03055,OWNER_ADDRESS,Owner Address,"8103 Ball Place, Seattle, WA","1769 James Walk, Coos Bay, OR",HB-COUNTER-2,,N,day log 2022-03-03,
AMD-000077,2022-03-04,WL-02828,OWNER_ADDRESS,Owner Address,"1396 Mary Flat, Tacoma, WA","8189 Christopher Forest, Everett, WA",HB-COUNTER-2,bill of sale,N,day log 2022-03-04,
AMD-000078,2022-03-07,WL-01890,LOA,Length Overall (LOA),50.4,50.1,HB-COUNTER-2,,Y,day log 2022-03-07,
AMD-000079,2022-03-07,WL-01007,BEAM,Beam (Width),11.0,11.8,HB-COUNTER-2,,Y,day log 2022-03-07,
AMD-000080,2022-03-09,WL-01406,HULL_MATERIAL,Hull Material,FIBERGLASS,HOUSEBOAT,HB-COUNTER-2,driver's license,N,day log 2022-03-09,
AMD-000081,2022-03-09,WL-01497,VESSEL_NAME,Vessel Name,COHO LINE,PINTAIL ROSE,HB-COUNTER-2,registration,N,day log 2022-03-09,
AMD-000082,2022-03-09,WL-03447,OFFICIAL_NUM,Official Number / Registration,400578,866206,HB-COUNTER-2,driver's license,N,day log 2022-03-09,
AMD-000083,2022-03-10,WL-03285,LOA,Length Overall (LOA),53.7,54.3,HB-COUNTER-2,check-in measurement 2022-03-10,Y,day log 2022-03-10,
AMD-000084,2022-03-13,WL-03805,PROPULSION_TYPE,Propulsion Type,ALUMINUM,POWER_INBOARD,HB-COUNTER-2,registration,N,day log 2022-03-13,
AMD-000085,2022-03-14,WL-02118,VESSEL_TYPE,Vessel Type,US,WOOD,HB-COUNTER-2,registration,N,day log 2022-03-14,
AMD-000086,2022-03-14,WL-02297,ENGINE_MAKE,Engine Make / Model,HOUSEBOAT,POWER_INBOARD,HB-COUNTER-2,bill of sale,N,day log 2022-03-14,
AMD-000087,2022-03-14,WL-03628,HULL_MATERIAL,Hull Material,US,ALUMINUM,HB-COUNTER-2,bill of sale,N,day log 2022-03-14,
AMD-000088,2022-03-16,WL-01910,ENGINE_MAKE,Engine Make / Model,POWER_INBOARD,ALUMINUM,HB-COUNTER-2,registration,N,day log 2022-03-16,
AMD-000089,2022-03-17,WL-03462,LOA,Length Overall (LOA),26.4,23.6,HB-COUNTER-2,check-in measurement 2022-03-17,Y,day log 2022-03-17,
AMD-000090,2022-03-17,WL-01760,BEAM,Beam (Width),13.6,14.6,HB-COUNTER-2,check-in measurement 2022-03-17,Y,day log 2022-03-17,
AMD-000091,2022-03-17,WL-03041,PROPULSION_TYPE,Propulsion Type,POWER_INBOARD,US,HB-COUNTER-2,bill of sale,N,day log 2022-03-17,
AMD-000092,2022-03-17,WL-01443,VESSEL_NAME,Vessel Name,HALIBUT MIST,HERON MOON,HB-COUNTER-2,bill of sale,N,day log 2022-03-17,
AMD-000093,2022-03-18,WL-01376,NET_TONNAGE,Net Tonnage (NT),20.4,19.5,HB-COUNTER-2,,Y,day log 2022-03-18,
AMD-000094,2022-03-19,WL-03499,BUILD_LOCATION,Build Location / Yard,US,HOUSEBOAT,HB-COUNTER-2,,N,day log 2022-03-19,
AMD-000095,2022-03-20,WL-03349,YEAR_BUILT,Year Built,1996,1996,HB-COUNTER-2,,N,day log 2022-03-20,
AMD-000096,2022-03-20,WL-01804,GROSS_TONNAGE,Gross Tonnage (GT),31.6,32.2,HB-COUNTER-2,,Y,day log 2022-03-20,
AMD-000097,2022-03-21,WL-01264,ENGINE_HP,Engine Horsepower,210,375,HB-COUNTER-2,driver's license,N,day log 2022-03-21,
AMD-000098,2022-03-22,WL-01930,LOA,Length Overall (LOA),33.1,32.7,HB-COUNTER-2,owner declaration at counter,Y,day log 2022-03-22,
AMD-000099,2022-03-23,WL-01583,LOA,Length Overall (LOA),22.5,22.1,HB-COUNTER-2,,Y,day log 2022-03-23,
AMD-000100,2022-03-27,WL-01806,YEAR_BUILT,Year Built,1981,1981,HB-COUNTER-2,driver's license,N,day log 2022-03-27,
AMD-000101,2022-03-27,WL-01851,HIN,Hull Identification Number,CHD18215P515,CHD68902K787,HB-COUNTER-2,,N,day log 2022-03-27,
AMD-000102,2022-03-27,WL-02575,FLAG,Flag State,SAIL_MONO,POWER_OUTBOARD,HB-COUNTER-2,registration,N,day log 2022-03-27,
AMD-000103,2022-03-29,WL-03168,NET_TONNAGE,Net Tonnage (NT),15.9,16.5,HB-COUNTER-2,,Y,day log 2022-03-29,
AMD-000104,2022-03-29,WL-02458,NET_TONNAGE,Net Tonnage (NT),37.1,38.2,HB-COUNTER-2,check-in measurement 2022-03-29,Y,day log 2022-03-29,
AMD-000105,2022-03-29,WL-02153,YEAR_BUILT,Year Built,2000,2000,HB-COUNTER-2,registration,N,day log 2022-03-29,
AMD-000106,2022-03-29,WL-01666,PROPULSION_TYPE,Propulsion Type,COMMERCIAL_FISH,POWER_OUTBOARD,HB-COUNTER-2,insurance decl page,N,day log 2022-03-29,
AMD-000107,2022-03-30,WL-01361,LOA,Length Overall (LOA),28.0,29.3,HB-COUNTER-2,,Y,day log 2022-03-30,
AMD-000108,2022-03-30,WL-01373,LOA,Length Overall (LOA),29.6,30.5,HB-COUNTER-2,,Y,day log 2022-03-30,
AMD-000109,2022-03-30,WL-03531,OWNER_NAME,Owner Name,POWER_STERNDRIVE,CRUISER,HB-COUNTER-2,bill of sale,N,day log 2022-03-30,
AMD-000110,2022-03-30,WL-01539,HIN,Hull Identification Number,CHD72295L906,CHD86836H100,HB-COUNTER-2,driver's license,N,day log 2022-03-30,
AMD-000111,2022-03-31,WL-01401,YEAR_BUILT,Year Built,2001,2001,HB-COUNTER-2,bill of sale,N,day log 2022-03-31,
AMD-000112,2022-04-03,WL-02448,YEAR_BUILT,Year Built,2010,2010,HB-COUNTER-2,driver's license,N,day log 2022-04-03,
AMD-000113,2022-04-04,WL-01710,ENGINE_HP,Engine Horsepower,375,210,HB-COUNTER-2,insurance decl page,N,day log 2022-04-04,
AMD-000114,2022-04-05,WL-01345,LOA,Length Overall (LOA),32.7,30.7,HB-COUNTER-2,,Y,day log 2022-04-05,
AMD-000115,2022-04-05,WL-03893,VESSEL_NAME,Vessel Name,PETREL ROSE,PINTAIL RUNNER,HB-COUNTER-2,bill of sale,N,day log 2022-04-05,
AMD-000116,2022-04-06,WL-03119,LOA,Length Overall (LOA),23.7,24.5,HB-COUNTER-2,,Y,day log 2022-04-06,
AMD-000117,2022-04-06,WL-01556,BUILD_LOCATION,Build Location / Yard,SAIL_MULTI,SAIL_MONO,HB-COUNTER-2,,N,day log 2022-04-06,
AMD-000118,2022-04-07,WL-03167,HULL_MATERIAL,Hull Material,POWER_INBOARD,SAIL_MONO,HB-COUNTER-2,bill of sale,N,day log 2022-04-07,
AMD-000119,2022-04-07,WL-02672,OWNER_NAME,Owner Name,CA,US,HB-COUNTER-2,insurance decl page,N,day log 2022-04-07,
AMD-000120,2022-04-08,WL-02621,ENGINE_MAKE,Engine Make / Model,CRUISER,CA,HB-COUNTER-2,,N,day log 2022-04-08,
AMD-000121,2022-04-08,WL-02968,VESSEL_NAME,Vessel Name,OTTER QUEEN,OSPREY MIST,HB-COUNTER-2,insurance decl page,N,day log 2022-04-08,
AMD-000122,2022-04-09,WL-03863,NET_TONNAGE,Net Tonnage (NT),22.0,20.7,HB-COUNTER-2,,Y,day log 2022-04-09,
AMD-000123,2022-04-10,WL-01847,BUILD_LOCATION,Build Location / Yard,POWER_INBOARD,WOOD,HB-COUNTER-2,driver's license,N,day log 2022-04-10,
AMD-000124,2022-04-11,WL-03357,GROSS_TONNAGE,Gross Tonnage (GT),28.6,28.2,HB-COUNTER-2,,Y,day log 2022-04-11,
AMD-000125,2022-04-12,WL-01110,BEAM,Beam (Width),8.0,8.6,HB-COUNTER-2,,Y,day log 2022-04-12,
AMD-000126,2022-04-13,WL-01127,VESSEL_NAME,Vessel Name,WIDGEON PASSAGE,DRIFT STAR,HB-COUNTER-2,driver's license,N,day log 2022-04-13,
AMD-000127,2022-04-14,WL-01974,GROSS_TONNAGE,Gross Tonnage (GT),4.5,4.0,HB-COUNTER-2,,Y,day log 2022-04-14,
AMD-000128,2022-04-14,WL-03289,YEAR_BUILT,Year Built,1993,1993,HB-COUNTER-2,owner declaration at counter,N,day log 2022-04-14,
AMD-000129,2022-04-15,WL-01666,FLAG,Flag State,CA,CRUISER,HB-COUNTER-2,insurance decl page,N,day log 2022-04-15,
AMD-000130,2022-04-16,WL-02226,HIN,Hull Identification Number,CHD25416E434,CHD88089S164,HB-COUNTER-2,,N,day log 2022-04-16,
AMD-000131,2022-04-16,WL-01034,DRAFT,Draft (Depth),5.3,4.8,HB-COUNTER-2,,Y,day log 2022-04-16,
AMD-000132,2022-04-17,WL-01747,BUILD_LOCATION,Build Location / Yard,CRUISER,FIBERGLASS,HB-COUNTER-2,owner declaration at counter,N,day log 2022-04-17,
AMD-000133,2022-04-17,WL-02800,VESSEL_TYPE,Vessel Type,SPORTFISH,FIBERGLASS,HB-COUNTER-2,bill of sale,N,day log 2022-04-17,
AMD-000134,2022-04-17,WL-01980,FLAG,Flag State,SAIL_MONO,CRUISER,HB-COUNTER-2,driver's license,N,day log 2022-04-17,
AMD-000135,2022-04-18,WL-03456,HULL_MATERIAL,Hull Material,POWER_INBOARD,POWER_INBOARD,HB-COUNTER-2,bill of sale,N,day log 2022-04-18,
AMD-000136,2022-04-20,WL-02755,ENGINE_MAKE,Engine Make / Model,SAIL_MONO,FIBERGLASS,HB-COUNTER-2,registration,N,day log 2022-04-20,
AMD-000137,2022-04-20,WL-03338,ENGINE_HP,Engine Horsepower,110,375,HB-COUNTER-2,insurance decl page,N,day log 2022-04-20,
AMD-000138,2022-04-22,WL-02099,FLAG,Flag State,US,ALUMINUM,HB-COUNTER-2,owner declaration at counter,N,day log 2022-04-22,
AMD-000139,2022-04-22,WL-02009,HULL_MATERIAL,Hull Material,CA,FIBERGLASS,HB-COUNTER-2,,N,day log 2022-04-22,
AMD-000140,2022-04-24,WL-03016,FLAG,Flag State,SPORTFISH,FIBERGLASS,HB-COUNTER-2,insurance decl page,N,day log 2022-04-24,
AMD-000141,2022-04-24,WL-02661,FLAG,Flag State,US,POWER_STERNDRIVE,HB-COUNTER-2,insurance decl page,N,day log 2022-04-24,
AMD-000142,2022-04-24,WL-03381,VESSEL_TYPE,Vessel Type,HOUSEBOAT,FOAM_CORE,HB-COUNTER-2,,N,day log 2022-04-24,
AMD-000143,2022-04-26,WL-01008,GROSS_TONNAGE,Gross Tonnage (GT),31.3,31.5,HB-COUNTER-2,,Y,day log 2022-04-26,
AMD-000144,2022-04-27,WL-01274,VESSEL_NAME,Vessel Name,SABLE SOUND,MURRE ANN,HB-COUNTER-2,bill of sale,N,day log 2022-04-27,
AMD-000145,2022-04-27,WL-02524,ENGINE_MAKE,Engine Make / Model,FOAM_CORE,POWER_OUTBOARD,HB-COUNTER-2,registration,N,day log 2022-04-27,
AMD-000146,2022-04-28,WL-03363,YEAR_BUILT,Year Built,1984,1984,HB-COUNTER-2,,N,day log 2022-04-28,
AMD-000147,2022-04-28,WL-02520,LOA,Length Overall (LOA),41.6,44.5,HB-COUNTER-2,,Y,day log 2022-04-28,
AMD-000148,2022-04-29,WL-01430,OFFICIAL_NUM,Official Number / Registration,817868,767969,HB-COUNTER-2,driver's license,N,day log 2022-04-29,
AMD-000149,2022-04-30,WL-03748,LOA,Length Overall (LOA),41.1,43.9,HB-COUNTER-2,,Y,day log 2022-04-30,
AMD-000150,2022-04-30,WL-02588,OFFICIAL_NUM,Official Number / Registration,723218,590811,HB-COUNTER-2,owner declaration at counter,N,day log 2022-04-30,
AMD-000151,2022-05-01,WL-02361,BEAM,Beam (Width),8.3,8.4,HB-COUNTER-2,,Y,day log 2022-05-01,
AMD-000152,2022-05-03,WL-02237,VESSEL_NAME,Vessel Name,SABLE RUNNER,POINT CREST,HB-COUNTER-2,bill of sale,N,day log 2022-05-03,
AMD-000153,2022-05-04,WL-02274,HULL_MATERIAL,Hull Material,POWER_INBOARD,COMMERCIAL_FISH,HB-COUNTER-2,bill of sale,N,day log 2022-05-04,
AMD-000154,2022-05-04,WL-02449,BUILD_LOCATION,Build Location / Yard,POWER_STERNDRIVE,ELECTRIC,HB-COUNTER-2,registration,N,day log 2022-05-04,
AMD-000155,2022-05-06,WL-02178,BUILD_LOCATION,Build Location / Yard,WOOD,POWER_STERNDRIVE,HB-COUNTER-2,driver's license,N,day log 2022-05-06,
AMD-000156,2022-05-07,WL-03371,DRAFT,Draft (Depth),2.2,2.6,HB-COUNTER-2,,Y,day log 2022-05-07,
AMD-000157,2022-05-07,WL-01760,LOA,Length Overall (LOA),41.2,40.9,HB-COUNTER-2,,Y,day log 2022-05-07,
AMD-000158,2022-05-08,WL-01572,VESSEL_NAME,Vessel Name,HALIBUT BAY,HALIBUT REACH,HB-COUNTER-2,owner declaration at counter,N,day log 2022-05-08,
AMD-000159,2022-05-08,WL-03691,LOA,Length Overall (LOA),38.0,35.8,HB-COUNTER-2,,Y,day log 2022-05-08,
AMD-000160,2022-05-08,WL-03032,LOA,Length Overall (LOA),40.9,41.6,HB-COUNTER-2,,Y,day log 2022-05-08,
AMD-000161,2022-05-08,WL-01928,OWNER_NAME,Owner Name,WOOD,US,HB-COUNTER-2,bill of sale,N,day log 2022-05-08,
AMD-000162,2022-05-08,WL-03358,LOA,Length Overall (LOA),44.9,44.3,HB-COUNTER-2,,Y,day log 2022-05-08,
AMD-000163,2022-05-10,WL-01992,OWNER_NAME,Owner Name,COMMERCIAL_FISH,FIBERGLASS,HB-COUNTER-2,insurance decl page,N,day log 2022-05-10,
AMD-000164,2022-05-10,WL-03585,DRAFT,Draft (Depth),3.5,3.5,HB-COUNTER-2,,Y,day log 2022-05-10,
AMD-000165,2022-05-11,WL-02081,OWNER_ADDRESS,Owner Address,"6782 Joseph Drives, Olympia, WA","5527 Nicole Union, Port Angeles, WA",HB-COUNTER-2,bill of sale,N,day log 2022-05-11,
AMD-000166,2022-05-11,WL-02937,NET_TONNAGE,Net Tonnage (NT),16.0,14.3,HB-COUNTER-2,,Y,day log 2022-05-11,
AMD-000167,2022-05-12,WL-01993,LOA,Length Overall (LOA),36.7,35.3,HB-COUNTER-2,,Y,day log 2022-05-12,
AMD-000168,2022-05-12,WL-01844,PROPULSION_TYPE,Propulsion Type,FOAM_CORE,SAIL_MONO,HB-COUNTER-2,driver's license,N,day log 2022-05-12,
AMD-000169,2022-05-12,WL-02241,BUILD_LOCATION,Build Location / Yard,TRAWLER,STEEL,HB-COUNTER-2,insurance decl page,N,day log 2022-05-12,
AMD-000170,2022-05-13,WL-01854,PROPULSION_TYPE,Propulsion Type,HOUSEBOAT,SAIL_MONO,HB-COUNTER-2,owner declaration at counter,N,day log 2022-05-13,
AMD-000171,2022-05-15,WL-02127,PROPULSION_TYPE,Propulsion Type,STEEL,WOOD,HB-COUNTER-2,,N,day log 2022-05-15,
AMD-000172,2022-05-15,WL-03350,ENGINE_HP,Engine Horsepower,375,110,HB-COUNTER-2,insurance decl page,N,day log 2022-05-15,
AMD-000173,2022-05-15,WL-03240,VESSEL_TYPE,Vessel Type,COMMERCIAL_FISH,WOOD,HB-COUNTER-2,registration,N,day log 2022-05-15,
AMD-000174,2022-05-15,WL-01296,VESSEL_TYPE,Vessel Type,FIBERGLASS,POWER_OUTBOARD,HB-COUNTER-2,registration,N,day log 2022-05-15,
AMD-000175,2022-05-16,WL-03144,PROPULSION_TYPE,Propulsion Type,POWER_INBOARD,POWER_STERNDRIVE,HB-COUNTER-2,registration,N,day log 2022-05-16,
AMD-000176,2022-05-16,WL-01052,VESSEL_NAME,Vessel Name,SANDERLING ROCK,TIDE HARBOR,HB-COUNTER-2,registration,N,day log 2022-05-16,
AMD-000177,2022-05-17,WL-01580,HIN,Hull Identification Number,CHD65137S529,CHD11749C842,HB-COUNTER-2,bill of sale,N,day log 2022-05-17,
AMD-000178,2022-05-17,WL-02930,VESSEL_TYPE,Vessel Type,SPORTFISH,POWER_STERNDRIVE,HB-COUNTER-2,driver's license,N,day log 2022-05-17,
AMD-000179,2022-05-18,WL-01212,BEAM,Beam (Width),11.7,11.6,HB-COUNTER-2,,Y,day log 2022-05-18,
AMD-000180,2022-05-19,WL-03861,ENGINE_MAKE,Engine Make / Model,US,CRUISER,HB-COUNTER-2,owner declaration at counter,N,day log 2022-05-19,
AMD-000181,2022-05-19,WL-02619,GROSS_TONNAGE,Gross Tonnage (GT),23.9,22.8,HB-COUNTER-2,,Y,day log 2022-05-19,
AMD-000182,2022-05-19,WL-01816,ENGINE_HP,Engine Horsepower,110,375,HB-COUNTER-2,bill of sale,N,day log 2022-05-19,
AMD-000183,2022-05-21,WL-01665,BUILD_LOCATION,Build Location / Yard,US,COMMERCIAL_FISH,HB-COUNTER-2,owner declaration at counter,N,day log 2022-05-21,
AMD-000184,2022-05-21,WL-01968,VESSEL_NAME,Vessel Name,OSPREY PASSAGE,COHO SHORE,HB-COUNTER-2,driver's license,N,day log 2022-05-21,
AMD-000185,2022-05-21,WL-01417,VESSEL_TYPE,Vessel Type,STEEL,CA,HB-COUNTER-2,driver's license,N,day log 2022-05-21,
AMD-000186,2022-05-23,WL-02776,LOA,Length Overall (LOA),54.2,53.1,HB-COUNTER-2,,Y,day log 2022-05-23,
AMD-000187,2022-05-24,WL-03113,LOA,Length Overall (LOA),45.4,48.0,HB-COUNTER-2,,Y,day log 2022-05-24,
AMD-000188,2022-05-24,WL-02490,VESSEL_NAME,Vessel Name,HERON ROCK,MURRE STAR,HB-COUNTER-2,owner declaration at counter,N,day log 2022-05-24,
AMD-000189,2022-05-26,WL-02573,FLAG,Flag State,FIBERGLASS,CRUISER,HB-COUNTER-2,owner declaration at counter,N,day log 2022-05-26,
AMD-000190,2022-05-27,WL-02030,YEAR_BUILT,Year Built,1981,1981,HB-COUNTER-2,driver's license,N,day log 2022-05-27,
AMD-000191,2022-05-28,WL-03627,BUILD_LOCATION,Build Location / Yard,FIBERGLASS,POWER_OUTBOARD,HB-COUNTER-2,bill of sale,N,day log 2022-05-28,
AMD-000192,2022-05-28,WL-03506,YEAR_BUILT,Year Built,1971,1971,HB-COUNTER-2,bill of sale,N,day log 2022-05-28,
AMD-000193,2022-05-29,WL-03130,HULL_MATERIAL,Hull Material,CRUISER,CA,HB-COUNTER-2,bill of sale,N,day log 2022-05-29,
AMD-000194,2022-06-01,WL-02831,LOA,Length Overall (LOA),52.4,54.7,HB-COUNTER-2,,Y,day log 2022-06-01,
AMD-000195,2022-06-02,WL-02627,LOA,Length Overall (LOA),47.1,46.8,HB-COUNTER-2,,Y,day log 2022-06-02,
AMD-000196,2022-06-02,WL-02281,GROSS_TONNAGE,Gross Tonnage (GT),17.3,17.5,HB-COUNTER-2,,Y,day log 2022-06-02,
AMD-000197,2022-06-02,WL-01541,DRAFT,Draft (Depth),7.4,7.9,HB-COUNTER-2,,Y,day log 2022-06-02,
AMD-000198,2022-06-03,WL-01353,ENGINE_MAKE,Engine Make / Model,POWER_STERNDRIVE,POWER_INBOARD,HB-COUNTER-2,driver's license,N,day log 2022-06-03,
AMD-000199,2022-06-03,WL-01444,YEAR_BUILT,Year Built,1981,1981,HB-COUNTER-2,registration,N,day log 2022-06-03,
AMD-000200,2022-06-03,WL-02435,VESSEL_NAME,Vessel Name,OSPREY ROCK,PINTAIL SOUND,HB-COUNTER-2,insurance decl page,N,day log 2022-06-03,
AMD-000201,2022-06-03,WL-01367,NET_TONNAGE,Net Tonnage (NT),21.9,21.9,HB-COUNTER-2,check-in measurement 2022-06-03,Y,day log 2022-06-03,
AMD-000202,2022-06-05,WL-02140,LOA,Length Overall (LOA),33.5,34.5,HB-COUNTER-2,,Y,day log 2022-06-05,
AMD-000203,2022-06-06,WL-03350,HULL_MATERIAL,Hull Material,CRUISER,ALUMINUM,HB-COUNTER-2,driver's license,N,day log 2022-06-06,
AMD-000204,2022-06-06,WL-03268,ENGINE_HP,Engine Horsepower,150,150,HB-COUNTER-2,driver's license,N,day log 2022-06-06,
AMD-000205,2022-06-07,WL-03496,YEAR_BUILT,Year Built,2005,2005,HB-COUNTER-2,registration,N,day log 2022-06-07,
AMD-000206,2022-06-07,WL-01038,ENGINE_HP,Engine Horsepower,330,150,HB-COUNTER-2,registration,N,day log 2022-06-07,
AMD-000207,2022-06-07,WL-02431,OWNER_ADDRESS,Owner Address,"9933 Thomas Drive, Coos Bay, OR","6631 Young Street, Astoria, OR",HB-COUNTER-2,driver's license,N,day log 2022-06-07,
AMD-000208,2022-06-08,WL-02409,OWNER_ADDRESS,Owner Address,"9132 Timothy Pines, Tacoma, WA","2204 Jessica Shoals, Newport, OR",HB-COUNTER-2,bill of sale,N,day log 2022-06-08,
AMD-000209,2022-06-08,WL-01862,NET_TONNAGE,Net Tonnage (NT),38.3,38.5,HB-COUNTER-2,,Y,day log 2022-06-08,
AMD-000210,2022-06-09,WL-02001,NET_TONNAGE,Net Tonnage (NT),9.7,11.3,HB-COUNTER-2,,Y,day log 2022-06-09,
AMD-000211,2022-06-10,WL-03061,HIN,Hull Identification Number,CHD51083F931,CHD64473O328,HB-COUNTER-2,driver's license,N,day log 2022-06-10,
AMD-000212,2022-06-10,WL-02268,VESSEL_NAME,Vessel Name,OTTER CREST,CORMORANT SOUND,HB-COUNTER-2,insurance decl page,N,day log 2022-06-10,
AMD-000213,2022-06-14,WL-03093,ENGINE_MAKE,Engine Make / Model,POWER_INBOARD,SAIL_MONO,HB-COUNTER-2,,N,day log 2022-06-14,
AMD-000214,2022-06-14,WL-01336,ENGINE_HP,Engine Horsepower,210,210,HB-COUNTER-2,,N,day log 2022-06-14,
AMD-000215,2022-06-16,WL-03178,OFFICIAL_NUM,Official Number / Registration,646800,880517,HB-COUNTER-2,bill of sale,N,day log 2022-06-16,
AMD-000216,2022-06-17,WL-03888,NET_TONNAGE,Net Tonnage (NT),35.6,35.5,HB-COUNTER-2,,Y,day log 2022-06-17,
AMD-000217,2022-06-17,WL-03753,OWNER_NAME,Owner Name,ELECTRIC,WOOD,HB-COUNTER-2,insurance decl page,N,day log 2022-06-17,
AMD-000218,2022-06-17,WL-02807,NET_TONNAGE,Net Tonnage (NT),7.4,6.0,HB-COUNTER-2,,Y,day log 2022-06-17,
AMD-000219,2022-06-18,WL-02875,BEAM,Beam (Width),15.9,16.1,HB-COUNTER-2,,Y,day log 2022-06-18,
AMD-000220,2022-06-18,WL-02959,LOA,Length Overall (LOA),44.5,47.2,HB-COUNTER-2,,Y,day log 2022-06-18,
AMD-000221,2022-06-19,WL-02185,OWNER_NAME,Owner Name,COMMERCIAL_FISH,COMMERCIAL_FISH,HB-COUNTER-2,,N,day log 2022-06-19,
AMD-000222,2022-06-20,WL-02387,OWNER_ADDRESS,Owner Address,"2084 Wilson Motorway, Tacoma, WA","905 Rachel Divide, Newport, OR",HB-COUNTER-2,,N,day log 2022-06-20,
AMD-000223,2022-06-20,WL-02986,VESSEL_TYPE,Vessel Type,POWER_INBOARD,COMMERCIAL_FISH,HB-COUNTER-2,insurance decl page,N,day log 2022-06-20,
AMD-000224,2022-06-22,WL-02719,NET_TONNAGE,Net Tonnage (NT),18.3,16.7,HB-COUNTER-2,check-in measurement 2022-06-22,Y,day log 2022-06-22,
AMD-000225,2022-06-23,WL-02390,ENGINE_MAKE,Engine Make / Model,COMMERCIAL_FISH,POWER_INBOARD,HB-COUNTER-2,insurance decl page,N,day log 2022-06-23,
AMD-000226,2022-06-26,WL-02281,DRAFT,Draft (Depth),5.8,6.4,HB-COUNTER-2,check-in measurement 2022-06-26,Y,day log 2022-06-26,
AMD-000227,2022-06-27,WL-01562,PROPULSION_TYPE,Propulsion Type,SPORTFISH,POWER_INBOARD,HB-COUNTER-2,registration,N,day log 2022-06-27,
AMD-000228,2022-06-29,WL-01010,DRAFT,Draft (Depth),6.0,5.5,HB-COUNTER-2,,Y,day log 2022-06-29,
AMD-000229,2022-06-29,WL-03792,HIN,Hull Identification Number,CHD16009P683,CHD60295B501,HB-COUNTER-2,insurance decl page,N,day log 2022-06-29,
AMD-000230,2022-06-29,WL-03120,BEAM,Beam (Width),9.3,9.9,HB-COUNTER-2,check-in measurement 2022-06-29,Y,day log 2022-06-29,
AMD-000231,2022-06-29,WL-01562,OWNER_NAME,Owner Name,CA,FIBERGLASS,HB-COUNTER-2,driver's license,N,day log 2022-06-29,
AMD-000232,2022-06-29,WL-01023,YEAR_BUILT,Year Built,2007,2007,HB-COUNTER-2,insurance decl page,N,day log 2022-06-29,
AMD-000233,2022-06-30,WL-01106,PROPULSION_TYPE,Propulsion Type,CA,POWER_STERNDRIVE,HB-COUNTER-2,registration,N,day log 2022-06-30,
AMD-000234,2022-07-02,WL-03378,HULL_MATERIAL,Hull Material,SAIL_MULTI,SAIL_MULTI,HB-COUNTER-2,driver's license,N,day log 2022-07-02,
AMD-000235,2022-07-02,WL-02131,VESSEL_TYPE,Vessel Type,COMMERCIAL_FISH,HOUSEBOAT,HB-COUNTER-2,registration,N,day log 2022-07-02,
AMD-000236,2022-07-03,WL-03547,HIN,Hull Identification Number,CHD65114B338,CHD79220V856,HB-COUNTER-2,registration,N,day log 2022-07-03,
AMD-000237,2022-07-04,WL-02538,NET_TONNAGE,Net Tonnage (NT),27.6,28.0,HB-COUNTER-2,,Y,day log 2022-07-04,
AMD-000238,2022-07-04,WL-02187,DRAFT,Draft (Depth),5.6,5.7,HB-COUNTER-2,,Y,day log 2022-07-04,
AMD-000239,2022-07-05,WL-03645,HIN,Hull Identification Number,CHD48971N556,CHD39041D647,HB-COUNTER-2,,N,day log 2022-07-05,
AMD-000240,2022-07-05,WL-01202,BEAM,Beam (Width),11.6,10.9,HB-COUNTER-2,,Y,day log 2022-07-05,
AMD-000241,2022-07-06,WL-02623,LOA,Length Overall (LOA),24.2,26.2,HB-COUNTER-2,,Y,day log 2022-07-06,
AMD-000242,2022-07-07,WL-02936,OFFICIAL_NUM,Official Number / Registration,732850,177303,HB-COUNTER-2,owner declaration at counter,N,day log 2022-07-07,
AMD-000243,2022-07-07,WL-01900,LOA,Length Overall (LOA),20.1,21.5,HB-COUNTER-2,,Y,day log 2022-07-07,
AMD-000244,2022-07-08,WL-03123,OWNER_ADDRESS,Owner Address,"3740 Andre Village, Everett, WA","5008 Lawrence Squares, Chaldale, WA",HB-COUNTER-2,insurance decl page,N,day log 2022-07-08,
AMD-000245,2022-07-09,WL-03010,LOA,Length Overall (LOA),34.0,31.9,HB-COUNTER-2,,Y,day log 2022-07-09,
AMD-000246,2022-07-11,WL-03683,GROSS_TONNAGE,Gross Tonnage (GT),15.7,14.6,HB-COUNTER-2,check-in measurement 2022-07-11,Y,day log 2022-07-11,
AMD-000247,2022-07-12,WL-01693,VESSEL_NAME,Vessel Name,SALISH CREST,ANCHOR WEATHER,HB-COUNTER-2,,N,day log 2022-07-12,
AMD-000248,2022-07-13,WL-03750,OWNER_ADDRESS,Owner Address,"5089 Yvonne Viaduct, Seattle, WA","9825 Alicia Manor, Olympia, WA",HB-COUNTER-2,driver's license,N,day log 2022-07-13,
AMD-000249,2022-07-14,WL-03395,FLAG,Flag State,US,CRUISER,HB-COUNTER-2,owner declaration at counter,N,day log 2022-07-14,
AMD-000250,2022-07-15,WL-03812,VESSEL_TYPE,Vessel Type,ELECTRIC,US,HB-COUNTER-2,,N,day log 2022-07-15,
AMD-000251,2022-07-15,WL-01990,OWNER_NAME,Owner Name,FIBERGLASS,FOAM_CORE,HB-COUNTER-2,insurance decl page,N,day log 2022-07-15,
AMD-000252,2022-07-15,WL-03108,BUILD_LOCATION,Build Location / Yard,FOAM_CORE,CA,HB-COUNTER-2,,N,day log 2022-07-15,
AMD-000253,2022-07-15,WL-01938,ENGINE_HP,Engine Horsepower,210,250,HB-COUNTER-2,bill of sale,N,day log 2022-07-15,
AMD-000254,2022-07-16,WL-01043,BUILD_LOCATION,Build Location / Yard,CRUISER,US,HB-COUNTER-2,owner declaration at counter,N,day log 2022-07-16,
AMD-000255,2022-07-16,WL-01871,OFFICIAL_NUM,Official Number / Registration,575090,625892,HB-COUNTER-2,,N,day log 2022-07-16,
AMD-000256,2022-07-17,WL-03255,BUILD_LOCATION,Build Location / Yard,TRAWLER,POWER_OUTBOARD,HB-COUNTER-2,owner declaration at counter,N,day log 2022-07-17,
AMD-000257,2022-07-18,WL-01734,BEAM,Beam (Width),9.8,9.9,HB-COUNTER-2,,Y,day log 2022-07-18,
AMD-000258,2022-07-19,WL-02025,ENGINE_HP,Engine Horsepower,110,250,HB-COUNTER-2,,N,day log 2022-07-19,
AMD-000259,2022-07-19,WL-01792,VESSEL_NAME,Vessel Name,HALIBUT MIST,ANCHOR MOON,HB-COUNTER-2,registration,N,day log 2022-07-19,
AMD-000260,2022-07-21,WL-02668,VESSEL_NAME,Vessel Name,SPINDRIFT SONG,CORMORANT GLIDE,HB-COUNTER-2,insurance decl page,N,day log 2022-07-21,
AMD-000261,2022-07-21,WL-02425,ENGINE_HP,Engine Horsepower,85,110,HB-COUNTER-2,insurance decl page,N,day log 2022-07-21,
AMD-000262,2022-07-21,WL-02366,NET_TONNAGE,Net Tonnage (NT),8.4,9.8,HB-COUNTER-2,,Y,day log 2022-07-21,
AMD-000263,2022-07-22,WL-03166,VESSEL_NAME,Vessel Name,PINTAIL MIST,PINTAIL WIND,HB-COUNTER-2,insurance decl page,N,day log 2022-07-22,
AMD-000264,2022-07-22,WL-02767,LOA,Length Overall (LOA),50.5,52.2,HB-COUNTER-2,check-in measurement 2022-07-22,Y,day log 2022-07-22,
AMD-000265,2022-07-22,WL-01480,ENGINE_MAKE,Engine Make / Model,US,US,HB-COUNTER-2,driver's license,N,day log 2022-07-22,
AMD-000266,2022-07-24,WL-01098,ENGINE_MAKE,Engine Make / Model,CA,POWER_STERNDRIVE,HB-COUNTER-2,,N,day log 2022-07-24,
AMD-000267,2022-07-24,WL-02707,BEAM,Beam (Width),11.3,12.2,HB-COUNTER-2,,Y,day log 2022-07-24,
AMD-000268,2022-07-25,WL-02402,LOA,Length Overall (LOA),53.2,53.5,HB-COUNTER-2,,Y,day log 2022-07-25,
AMD-000269,2022-07-25,WL-01912,HIN,Hull Identification Number,CHD91160E786,CHD96490O828,HB-COUNTER-2,bill of sale,N,day log 2022-07-25,
AMD-000270,2022-07-26,WL-03102,YEAR_BUILT,Year Built,1984,1984,HB-COUNTER-2,driver's license,N,day log 2022-07-26,
AMD-000271,2022-07-26,WL-01013,HIN,Hull Identification Number,CHD54462C143,CHD75026W386,HB-COUNTER-2,,N,day log 2022-07-26,
AMD-000272,2022-07-27,WL-03680,VESSEL_NAME,Vessel Name,DRIFT GLIDE,ANCHOR GLIDE,HB-COUNTER-2,,N,day log 2022-07-27,
AMD-000273,2022-07-27,WL-01508,VESSEL_TYPE,Vessel Type,POWER_STERNDRIVE,ELECTRIC,HB-COUNTER-2,owner declaration at counter,N,day log 2022-07-27,
AMD-000274,2022-07-28,WL-01893,OWNER_ADDRESS,Owner Address,"5509 Katherine Orchard, Olympia, WA","9745 Elizabeth Courts, Bellingham, WA",HB-COUNTER-2,owner declaration at counter,N,day log 2022-07-28,
AMD-000275,2022-07-28,WL-02556,OWNER_ADDRESS,Owner Address,"7867 Tiffany Square, Longview, WA","6782 Watson Brook, Astoria, OR",HB-COUNTER-2,insurance decl page,N,day log 2022-07-28,
AMD-000276,2022-07-30,WL-01902,ENGINE_HP,Engine Horsepower,150,150,HB-COUNTER-2,registration,N,day log 2022-07-30,
AMD-000277,2022-07-30,WL-02134,YEAR_BUILT,Year Built,1988,1988,HB-COUNTER-2,owner declaration at counter,N,day log 2022-07-30,
AMD-000278,2022-07-31,WL-02174,ENGINE_HP,Engine Horsepower,150,85,HB-COUNTER-2,owner declaration at counter,N,day log 2022-07-31,
AMD-000279,2022-07-31,WL-03482,PROPULSION_TYPE,Propulsion Type,FIBERGLASS,CA,HB-COUNTER-2,registration,N,day log 2022-07-31,
AMD-000280,2022-08-03,WL-01722,PROPULSION_TYPE,Propulsion Type,FOAM_CORE,ALUMINUM,HB-COUNTER-2,,N,day log 2022-08-03,
AMD-000281,2022-08-04,WL-01122,ENGINE_MAKE,Engine Make / Model,CA,COMMERCIAL_FISH,HB-COUNTER-2,bill of sale,N,day log 2022-08-04,
AMD-000282,2022-08-04,WL-02252,YEAR_BUILT,Year Built,2007,2007,HB-COUNTER-2,registration,N,day log 2022-08-04,
AMD-000283,2022-08-04,WL-03103,VESSEL_NAME,Vessel Name,KESTREL MOON,SABLE QUEEN,HB-COUNTER-2,registration,N,day log 2022-08-04,
AMD-000284,2022-08-04,WL-01716,ENGINE_HP,Engine Horsepower,110,375,HB-COUNTER-2,registration,N,day log 2022-08-04,
AMD-000285,2022-08-05,WL-02933,LOA,Length Overall (LOA),44.5,46.4,HB-COUNTER-2,Foldview Marine Services haul-out sheet 2022-08-02,Y,day log 2022-08-05,
AMD-000286,2022-08-07,WL-03367,NET_TONNAGE,Net Tonnage (NT),11.6,10.0,HB-COUNTER-2,MC-2022-0314,Y,day log 2022-08-07,
AMD-000287,2022-08-09,WL-01893,LOA,Length Overall (LOA),26.4,25.8,HB-COUNTER-2,Foldview Marine Services haul-out sheet 2022-08-08,Y,day log 2022-08-09,
AMD-000288,2022-08-09,WL-03054,LOA,Length Overall (LOA),46.9,45.3,HB-COUNTER-2,MC-2022-0411,Y,day log 2022-08-09,
AMD-000289,2022-08-10,WL-03103,LOA,Length Overall (LOA),51.0,51.1,HB-COUNTER-2,Foldview Marine Services haul-out sheet 2022-08-04,Y,day log 2022-08-10,
AMD-000290,2022-08-10,WL-03618,ENGINE_MAKE,Engine Make / Model,ELECTRIC,FOAM_CORE,HB-COUNTER-2,driver's license,N,day log 2022-08-10,
AMD-000291,2022-08-11,WL-02955,HULL_MATERIAL,Hull Material,SPORTFISH,SPORTFISH,HB-COUNTER-2,,N,day log 2022-08-11,
AMD-000292,2022-08-11,WL-03903,GROSS_TONNAGE,Gross Tonnage (GT),19.6,20.9,HB-COUNTER-2,MC-2022-0526,Y,day log 2022-08-11,
AMD-000293,2022-08-12,WL-03661,BEAM,Beam (Width),9.2,8.8,HB-COUNTER-2,MC-2022-0301,Y,day log 2022-08-12,
AMD-000294,2022-08-13,WL-03795,DRAFT,Draft (Depth),4.4,4.8,HB-COUNTER-2,MC-2022-0871,Y,day log 2022-08-13,
AMD-000295,2022-08-14,WL-03028,ENGINE_MAKE,Engine Make / Model,ALUMINUM,FIBERGLASS,HB-COUNTER-2,,N,day log 2022-08-14,
AMD-000296,2022-08-14,WL-01905,HIN,Hull Identification Number,CHD15066B464,CHD39950Y377,HB-COUNTER-2,,N,day log 2022-08-14,
AMD-000297,2022-08-16,WL-01827,FLAG,Flag State,SAIL_MULTI,POWER_OUTBOARD,HB-COUNTER-2,insurance decl page,N,day log 2022-08-16,
AMD-000298,2022-08-16,WL-03208,BUILD_LOCATION,Build Location / Yard,POWER_STERNDRIVE,POWER_STERNDRIVE,HB-COUNTER-2,bill of sale,N,day log 2022-08-16,
AMD-000299,2022-08-17,WL-02799,VESSEL_NAME,Vessel Name,WIDGEON ROCK,SALISH LIGHT,HB-COUNTER-2,driver's license,N,day log 2022-08-17,
AMD-000300,2022-08-18,WL-03760,FLAG,Flag State,CA,FIBERGLASS,HB-COUNTER-2,,N,day log 2022-08-18,
AMD-000301,2022-08-22,WL-01594,ENGINE_MAKE,Engine Make / Model,CA,US,HB-COUNTER-2,insurance decl page,N,day log 2022-08-22,
AMD-000302,2022-08-24,WL-03554,FLAG,Flag State,ELECTRIC,HOUSEBOAT,HB-COUNTER-2,registration,N,day log 2022-08-24,
AMD-000303,2022-08-24,WL-02549,NET_TONNAGE,Net Tonnage (NT),13.8,12.4,HB-COUNTER-2,MC-2022-0471,Y,day log 2022-08-24,
AMD-000304,2022-08-24,WL-01379,VESSEL_NAME,Vessel Name,SPINDRIFT REACH,SEAL VEER,HB-COUNTER-2,registration,N,day log 2022-08-24,
AMD-000305,2022-08-26,WL-03774,VESSEL_NAME,Vessel Name,HALIBUT SONG,OTTER RUNNER,HB-COUNTER-2,owner declaration at counter,N,day log 2022-08-26,
AMD-000306,2022-08-26,WL-01507,ENGINE_MAKE,Engine Make / Model,CRUISER,FIBERGLASS,HB-COUNTER-2,registration,N,day log 2022-08-26,
AMD-000307,2022-08-27,WL-02295,PROPULSION_TYPE,Propulsion Type,POWER_STERNDRIVE,POWER_OUTBOARD,HB-COUNTER-2,bill of sale,N,day log 2022-08-27,
AMD-000308,2022-08-29,WL-03415,YEAR_BUILT,Year Built,1973,1973,HB-COUNTER-2,,N,day log 2022-08-29,
AMD-000309,2022-08-30,WL-03017,FLAG,Flag State,WOOD,POWER_INBOARD,HB-COUNTER-2,owner declaration at counter,N,day log 2022-08-30,
AMD-000310,2022-08-30,WL-03578,OFFICIAL_NUM,Official Number / Registration,700320,723239,HB-COUNTER-2,,N,day log 2022-08-30,
AMD-000311,2022-08-30,WL-02354,YEAR_BUILT,Year Built,1981,1981,HB-COUNTER-2,insurance decl page,N,day log 2022-08-30,
AMD-000312,2022-08-30,WL-03908,GROSS_TONNAGE,Gross Tonnage (GT),11.4,12.8,HB-COUNTER-2,MC-2022-0644,Y,day log 2022-08-30,
AMD-000313,2022-08-31,WL-01263,OWNER_NAME,Owner Name,POWER_OUTBOARD,SAIL_MULTI,HB-COUNTER-2,,N,day log 2022-08-31,
AMD-000314,2022-08-31,WL-02957,BEAM,Beam (Width),11.4,11.2,HB-COUNTER-2,Foldview Marine Services haul-out sheet 2022-08-12,Y,day log 2022-08-31,
AMD-000315,2022-09-01,WL-03351,BUILD_LOCATION,Build Location / Yard,POWER_STERNDRIVE,FIBERGLASS,HB-COUNTER-2,owner declaration at counter,N,day log 2022-09-01,
AMD-000316,2022-09-01,WL-03085,LOA,Length Overall (LOA),28.7,26.4,HB-COUNTER-2,Foldview Marine Services haul-out sheet 2022-08-03,Y,day log 2022-09-01,
AMD-000317,2022-09-01,WL-03348,HULL_MATERIAL,Hull Material,STEEL,COMMERCIAL_FISH,HB-COUNTER-2,registration,N,day log 2022-09-01,
AMD-000318,2022-09-04,WL-02580,HIN,Hull Identification Number,CHD12512K305,CHD37747W349,HB-COUNTER-2,registration,N,day log 2022-09-04,
AMD-000319,2022-09-04,WL-03038,PROPULSION_TYPE,Propulsion Type,HOUSEBOAT,POWER_INBOARD,HB-COUNTER-2,registration,N,day log 2022-09-04,
AMD-000320,2022-09-05,WL-03117,OWNER_NAME,Owner Name,US,POWER_OUTBOARD,HB-COUNTER-2,driver's license,N,day log 2022-09-05,
AMD-000321,2022-09-07,WL-03033,ENGINE_MAKE,Engine Make / Model,FIBERGLASS,WOOD,HB-COUNTER-2,bill of sale,N,day log 2022-09-07,
AMD-000322,2022-09-07,WL-01962,LOA,Length Overall (LOA),30.4,31.5,HB-COUNTER-2,Foldview Marine Services haul-out sheet 2022-09-01,Y,day log 2022-09-07,
AMD-000323,2022-09-08,WL-02747,DRAFT,Draft (Depth),4.3,3.9,HB-COUNTER-2,MC-2022-0546,Y,day log 2022-09-08,
AMD-000324,2022-09-10,WL-01145,PROPULSION_TYPE,Propulsion Type,COMMERCIAL_FISH,SPORTFISH,HB-COUNTER-2,owner declaration at counter,N,day log 2022-09-10,
AMD-000325,2022-09-11,WL-02261,PROPULSION_TYPE,Propulsion Type,SPORTFISH,SAIL_MONO,HB-COUNTER-2,,N,day log 2022-09-11,
AMD-000326,2022-09-12,WL-02804,VESSEL_NAME,Vessel Name,HALIBUT SHORE,HERON SONG,HB-COUNTER-2,bill of sale,N,day log 2022-09-12,
AMD-000327,2022-09-12,WL-02869,YEAR_BUILT,Year Built,1982,1982,HB-COUNTER-2,insurance decl page,N,day log 2022-09-12,
AMD-000328,2022-09-14,WL-02871,DRAFT,Draft (Depth),7.2,7.4,HB-COUNTER-2,MC-2022-0802,Y,day log 2022-09-14,
AMD-000329,2022-09-14,WL-03498,VESSEL_NAME,Vessel Name,TIDE WIND,HALIBUT DANCER,HB-COUNTER-2,owner declaration at counter,N,day log 2022-09-14,
AMD-000330,2022-09-14,WL-02308,PROPULSION_TYPE,Propulsion Type,WOOD,ELECTRIC,HB-COUNTER-2,insurance decl page,N,day log 2022-09-14,
AMD-000331,2022-09-14,WL-01442,ENGINE_MAKE,Engine Make / Model,TRAWLER,POWER_OUTBOARD,HB-COUNTER-2,driver's license,N,day log 2022-09-14,
AMD-000332,2022-09-14,WL-02281,NET_TONNAGE,Net Tonnage (NT),26.6,25.8,HB-COUNTER-2,MC-2022-0125,Y,day log 2022-09-14,
AMD-000333,2022-09-14,WL-02974,OWNER_ADDRESS,Owner Address,"9044 Davenport Brooks, Bellingham, WA","1656 Garner Radial, Portland, OR",HB-COUNTER-2,registration,N,day log 2022-09-14,
AMD-000334,2022-09-15,WL-03397,GROSS_TONNAGE,Gross Tonnage (GT),16.2,17.8,HB-COUNTER-2,Foldview Marine Services haul-out sheet 2022-08-28,Y,day log 2022-09-15,
AMD-000335,2022-09-15,WL-03743,ENGINE_MAKE,Engine Make / Model,POWER_INBOARD,CRUISER,HB-COUNTER-2,registration,N,day log 2022-09-15,
AMD-000336,2022-09-17,WL-03105,PROPULSION_TYPE,Propulsion Type,TRAWLER,FIBERGLASS,HB-COUNTER-2,registration,N,day log 2022-09-17,
AMD-000337,2022-09-19,WL-03607,DRAFT,Draft (Depth),6.1,6.0,HB-COUNTER-2,Foldview Marine Services haul-out sheet 2022-08-27,Y,day log 2022-09-19,
AMD-000338,2022-09-20,WL-03600,LOA,Length Overall (LOA),51.4,49.0,HB-COUNTER-2,,Y,day log 2022-09-20,
AMD-000339,2022-09-22,WL-02493,LOA,Length Overall (LOA),42.8,42.9,HB-COUNTER-2,Foldview Marine Services haul-out sheet 2022-08-21,Y,day log 2022-09-22,
AMD-000340,2022-09-23,WL-03685,OFFICIAL_NUM,Official Number / Registration,523036,972292,HB-COUNTER-2,owner declaration at counter,N,day log 2022-09-23,
AMD-000341,2022-09-23,WL-01355,OWNER_NAME,Owner Name,FIBERGLASS,US,HB-COUNTER-2,owner declaration at counter,N,day log 2022-09-23,
AMD-000342,2022-09-23,WL-01407,DRAFT,Draft (Depth),5.4,5.0,HB-COUNTER-2,,Y,day log 2022-09-23,
AMD-000343,2022-09-23,WL-03241,LOA,Length Overall (LOA),37.1,38.3,HB-COUNTER-2,MC-2022-0705,Y,day log 2022-09-23,
AMD-000344,2022-09-24,WL-01092,HIN,Hull Identification Number,CHD14828L591,CHD78916G172,HB-COUNTER-2,insurance decl page,N,day log 2022-09-24,
AMD-000345,2022-09-24,WL-01972,FLAG,Flag State,US,SAIL_MONO,HB-COUNTER-2,registration,N,day log 2022-09-24,
AMD-000346,2022-09-26,WL-02064,OWNER_ADDRESS,Owner Address,"3258 Farrell Harbor, Bremerton, WA","3048 Newman Lights, Portland, OR",HB-COUNTER-2,,N,day log 2022-09-26,
AMD-000347,2022-09-27,WL-01218,BUILD_LOCATION,Build Location / Yard,SAIL_MONO,SAIL_MONO,HB-COUNTER-2,driver's license,N,day log 2022-09-27,
AMD-000348,2022-09-27,WL-01713,OFFICIAL_NUM,Official Number / Registration,302988,539409,HB-COUNTER-2,bill of sale,N,day log 2022-09-27,
AMD-000349,2022-09-27,WL-02500,VESSEL_NAME,Vessel Name,MURRE PASSAGE,HALIBUT WIND,HB-COUNTER-2,driver's license,N,day log 2022-09-27,
AMD-000350,2022-09-27,WL-01187,OWNER_NAME,Owner Name,SAIL_MONO,POWER_OUTBOARD,HB-COUNTER-2,registration,N,day log 2022-09-27,
AMD-000351,2022-09-29,WL-01898,YEAR_BUILT,Year Built,2007,2007,HB-COUNTER-2,registration,N,day log 2022-09-29,
AMD-000352,2022-10-01,WL-02247,PROPULSION_TYPE,Propulsion Type,FIBERGLASS,SAIL_MONO,HB-COUNTER-2,,N,day log 2022-10-01,
AMD-000353,2022-10-02,WL-03760,OWNER_ADDRESS,Owner Address,"7291 Baird Dam, Olympia, WA","6240 Rodney Fords, Portland, OR",HB-COUNTER-2,bill of sale,N,day log 2022-10-02,
AMD-000354,2022-10-04,WL-03427,OWNER_ADDRESS,Owner Address,"2126 Ibarra Roads, Port Angeles, WA","2474 Kathleen Glens, Portland, OR",HB-COUNTER-2,owner declaration at counter,N,day log 2022-10-04,
AMD-000355,2022-10-04,WL-02825,ENGINE_HP,Engine Horsepower,210,150,HB-COUNTER-2,driver's license,N,day log 2022-10-04,
AMD-000356,2022-10-05,WL-01333,LOA,Length Overall (LOA),22.6,20.2,HB-COUNTER-2,MC-2022-0134,Y,day log 2022-10-05,
AMD-000357,2022-10-06,WL-03387,BEAM,Beam (Width),15.1,16.1,HB-COUNTER-2,MC-2022-0496,Y,day log 2022-10-06,
AMD-000358,2022-10-06,WL-01222,GROSS_TONNAGE,Gross Tonnage (GT),23.0,21.0,HB-COUNTER-2,MC-2022-0633,Y,day log 2022-10-06,
AMD-000359,2022-10-07,WL-03592,VESSEL_TYPE,Vessel Type,ALUMINUM,HOUSEBOAT,HB-COUNTER-2,owner declaration at counter,N,day log 2022-10-07,
AMD-000360,2022-10-08,WL-02821,ENGINE_HP,Engine Horsepower,250,210,HB-COUNTER-2,driver's license,N,day log 2022-10-08,
AMD-000361,2022-10-09,WL-03413,OWNER_ADDRESS,Owner Address,"3239 Porter Shoal, Port Angeles, WA","6245 Blanchard Parkway, Coos Bay, OR",HB-COUNTER-2,insurance decl page,N,day log 2022-10-09,
AMD-000362,2022-10-10,WL-03677,GROSS_TONNAGE,Gross Tonnage (GT),15.5,17.0,HB-COUNTER-2,Foldview Marine Services haul-out sheet 2022-08-24,Y,day log 2022-10-10,
AMD-000363,2022-10-10,WL-02250,HIN,Hull Identification Number,CHD38740S795,CHD77627D827,HB-COUNTER-2,driver's license,N,day log 2022-10-10,
AMD-000364,2022-10-10,WL-02340,VESSEL_TYPE,Vessel Type,CRUISER,WOOD,HB-COUNTER-2,driver's license,N,day log 2022-10-10,
AMD-000365,2022-10-10,WL-03764,BEAM,Beam (Width),15.5,16.4,HB-COUNTER-2,Foldview Marine Services haul-out sheet 2022-08-06,Y,day log 2022-10-10,
AMD-000366,2022-10-11,WL-02076,OWNER_ADDRESS,Owner Address,"8953 Christine Junction, Tacoma, WA","455 Simon Underpass, Longview, WA",HB-COUNTER-2,registration,N,day log 2022-10-11,
AMD-000367,2022-10-12,WL-01841,OFFICIAL_NUM,Official Number / Registration,766075,255781,HB-COUNTER-2,,N,day log 2022-10-12,
AMD-000368,2022-10-12,WL-01115,LOA,Length Overall (LOA),42.1,43.7,HB-COUNTER-2,MC-2022-0882,Y,day log 2022-10-12,
AMD-000369,2022-10-13,WL-03189,OWNER_NAME,Owner Name,WOOD,US,HB-COUNTER-2,bill of sale,N,day log 2022-10-13,
AMD-000370,2022-10-14,WL-03228,FLAG,Flag State,POWER_OUTBOARD,US,HB-COUNTER-2,registration,N,day log 2022-10-14,
AMD-000371,2022-10-14,WL-03359,HIN,Hull Identification Number,CHD76268S569,CHD92805G181,HB-COUNTER-2,bill of sale,N,day log 2022-10-14,
AMD-000372,2022-10-15,WL-03219,ENGINE_HP,Engine Horsepower,85,85,HB-COUNTER-2,driver's license,N,day log 2022-10-15,
AMD-000373,2022-10-15,WL-01070,GROSS_TONNAGE,Gross Tonnage (GT),13.0,14.3,HB-COUNTER-2,MC-2022-0644,Y,day log 2022-10-15,
AMD-000374,2022-10-16,WL-01079,NET_TONNAGE,Net Tonnage (NT),33.4,33.5,HB-COUNTER-2,Foldview Marine Services haul-out sheet 2022-09-12,Y,day log 2022-10-16,
AMD-000375,2022-10-16,WL-01573,VESSEL_NAME,Vessel Name,COHO REACH,CORMORANT SHORE,HB-COUNTER-2,,N,day log 2022-10-16,
AMD-000376,2022-10-16,WL-01042,OWNER_ADDRESS,Owner Address,"2977 Gordon Orchard, Everett, WA","1945 Thomas Junctions, Everett, WA",HB-COUNTER-2,insurance decl page,N,day log 2022-10-16,
AMD-000377,2022-10-16,WL-01622,HIN,Hull Identification Number,CHD62319E829,CHD17573K778,HB-COUNTER-2,registration,N,day log 2022-10-16,
AMD-000378,2022-10-16,WL-01090,OWNER_NAME,Owner Name,FIBERGLASS,CA,HB-COUNTER-2,insurance decl page,N,day log 2022-10-16,
AMD-000379,2022-10-17,WL-03505,BUILD_LOCATION,Build Location / Yard,HOUSEBOAT,POWER_INBOARD,HB-COUNTER-2,driver's license,N,day log 2022-10-17,
AMD-000380,2022-10-17,WL-02120,LOA,Length Overall (LOA),43.5,42.6,HB-COUNTER-2,MC-2022-0916,Y,day log 2022-10-17,
AMD-000381,2022-10-18,WL-03592,PROPULSION_TYPE,Propulsion Type,US,SAIL_MULTI,HB-COUNTER-2,registration,N,day log 2022-10-18,
AMD-000382,2022-10-20,WL-02269,YEAR_BUILT,Year Built,2000,2000,HB-COUNTER-2,driver's license,N,day log 2022-10-20,
AMD-000383,2022-10-21,WL-03772,HULL_MATERIAL,Hull Material,HOUSEBOAT,SAIL_MONO,HB-COUNTER-2,,N,day log 2022-10-21,
AMD-000384,2022-10-22,WL-02608,DRAFT,Draft (Depth),6.4,6.6,HB-COUNTER-2,Foldview Marine Services haul-out sheet 2022-09-27,Y,day log 2022-10-22,
AMD-000385,2022-10-22,WL-01373,PROPULSION_TYPE,Propulsion Type,POWER_OUTBOARD,CRUISER,HB-COUNTER-2,driver's license,N,day log 2022-10-22,
AMD-000386,2022-10-22,WL-03327,BUILD_LOCATION,Build Location / Yard,CA,ALUMINUM,HB-COUNTER-2,owner declaration at counter,N,day log 2022-10-22,
AMD-000387,2022-10-23,WL-02742,ENGINE_HP,Engine Horsepower,250,330,HB-COUNTER-2,registration,N,day log 2022-10-23,
AMD-000388,2022-10-23,WL-02909,OFFICIAL_NUM,Official Number / Registration,445986,679816,HB-COUNTER-2,driver's license,N,day log 2022-10-23,
AMD-000389,2022-10-24,WL-03497,OFFICIAL_NUM,Official Number / Registration,828560,844273,HB-COUNTER-2,registration,N,day log 2022-10-24,
AMD-000390,2022-10-25,WL-02085,YEAR_BUILT,Year Built,2005,2005,HB-COUNTER-2,driver's license,N,day log 2022-10-25,
AMD-000391,2022-10-25,WL-01153,HULL_MATERIAL,Hull Material,ALUMINUM,POWER_OUTBOARD,HB-COUNTER-2,registration,N,day log 2022-10-25,
AMD-000392,2022-10-26,WL-01772,NET_TONNAGE,Net Tonnage (NT),18.2,16.7,HB-COUNTER-2,MC-2022-0747,Y,day log 2022-10-26,
AMD-000393,2022-10-28,WL-02415,FLAG,Flag State,SAIL_MONO,HOUSEBOAT,HB-COUNTER-2,insurance decl page,N,day log 2022-10-28,
AMD-000394,2022-10-28,WL-01562,BEAM,Beam (Width),9.4,8.5,HB-COUNTER-2,Foldview Marine Services haul-out sheet 2022-09-21,Y,day log 2022-10-28,
AMD-000395,2022-10-28,WL-02294,HIN,Hull Identification Number,CHD70934V464,CHD20736I125,HB-COUNTER-2,bill of sale,N,day log 2022-10-28,
AMD-000396,2022-10-29,WL-01115,VESSEL_NAME,Vessel Name,SALISH PASSAGE,MURRE BAY,HB-COUNTER-2,driver's license,N,day log 2022-10-29,
AMD-000397,2022-10-30,WL-02129,OFFICIAL_NUM,Official Number / Registration,468516,355529,HB-COUNTER-2,insurance decl page,N,day log 2022-10-30,
AMD-000398,2022-10-31,WL-01355,ENGINE_HP,Engine Horsepower,375,85,HB-COUNTER-2,,N,day log 2022-10-31,
AMD-000399,2022-11-04,WL-03184,ENGINE_MAKE,Engine Make / Model,ELECTRIC,COMMERCIAL_FISH,HB-COUNTER-2,insurance decl page,N,day log 2022-11-04,
AMD-000400,2022-11-05,WL-01454,FLAG,Flag State,COMMERCIAL_FISH,COMMERCIAL_FISH,HB-COUNTER-2,registration,N,day log 2022-11-05,
AMD-000401,2022-11-07,WL-01131,VESSEL_TYPE,Vessel Type,SAIL_MULTI,US,HB-COUNTER-2,insurance decl page,N,day log 2022-11-07,
AMD-000402,2022-11-07,WL-01394,HIN,Hull Identification Number,CHD18845D181,CHD10560C705,HB-COUNTER-2,,N,day log 2022-11-07,
AMD-000403,2022-11-08,WL-01088,LOA,Length Overall (LOA),28.2,28.9,HB-COUNTER-2,Foldview Marine Services haul-out sheet 2022-10-02,Y,day log 2022-11-08,
AMD-000404,2022-11-09,WL-03107,OWNER_NAME,Owner Name,COMMERCIAL_FISH,FOAM_CORE,HB-COUNTER-2,bill of sale,N,day log 2022-11-09,
AMD-000405,2022-11-10,WL-02840,VESSEL_NAME,Vessel Name,ANCHOR MOON,POINT SOUND,HB-COUNTER-2,registration,N,day log 2022-11-10,
AMD-000406,2022-11-10,WL-01588,ENGINE_MAKE,Engine Make / Model,COMMERCIAL_FISH,CRUISER,HB-COUNTER-2,driver's license,N,day log 2022-11-10,
AMD-000407,2022-11-10,WL-03770,ENGINE_HP,Engine Horsepower,330,85,HB-COUNTER-2,driver's license,N,day log 2022-11-10,
AMD-000408,2022-11-11,WL-01617,GROSS_TONNAGE,Gross Tonnage (GT),4.9,4.1,HB-COUNTER-2,Foldview Marine Services haul-out sheet 2022-08-20,Y,day log 2022-11-11,
AMD-000409,2022-11-11,WL-01499,NET_TONNAGE,Net Tonnage (NT),12.8,14.0,HB-COUNTER-2,Foldview Marine Services haul-out sheet 2022-10-09,Y,day log 2022-11-11,
AMD-000410,2022-11-12,WL-02922,OWNER_ADDRESS,Owner Address,"2308 Wolf Islands, Coos Bay, OR","8603 Martin Trace, Aberdeen, WA",HB-COUNTER-2,owner declaration at counter,N,day log 2022-11-12,
AMD-000411,2022-11-12,WL-03199,BEAM,Beam (Width),9.5,8.9,HB-COUNTER-2,Foldview Marine Services haul-out sheet 2022-08-03,Y,day log 2022-11-12,
AMD-000412,2022-11-13,WL-01363,VESSEL_TYPE,Vessel Type,POWER_OUTBOARD,CRUISER,HB-COUNTER-2,,N,day log 2022-11-13,
AMD-000413,2022-11-13,WL-02512,LOA,Length Overall (LOA),41.9,40.7,HB-COUNTER-2,MC-2022-0143,Y,day log 2022-11-13,
AMD-000414,2022-11-14,WL-03428,OWNER_ADDRESS,Owner Address,"5269 Sullivan Groves, Newport, OR","6798 Beverly Streets, Bellingham, WA",HB-COUNTER-2,owner declaration at counter,N,day log 2022-11-14,
AMD-000415,2022-11-16,WL-02107,LOA,Length Overall (LOA),48.4,47.3,HB-COUNTER-2,Foldview Marine Services haul-out sheet 2022-09-01,Y,day log 2022-11-16,
AMD-000416,2022-11-16,WL-03636,LOA,Length Overall (LOA),23.0,24.8,HB-COUNTER-2,Foldview Marine Services haul-out sheet 2022-09-21,Y,day log 2022-11-16,
AMD-000417,2022-11-16,WL-02164,BEAM,Beam (Width),14.5,13.8,HB-COUNTER-2,MC-2022-0469,Y,day log 2022-11-16,
AMD-000418,2022-11-20,WL-01283,HIN,Hull Identification Number,CHD78225O672,CHD13269L503,HB-COUNTER-2,registration,N,day log 2022-11-20,
AMD-000419,2022-11-20,WL-03574,GROSS_TONNAGE,Gross Tonnage (GT),13.6,14.0,HB-COUNTER-2,MC-2022-0978,Y,day log 2022-11-20,
AMD-000420,2022-11-20,WL-01297,BUILD_LOCATION,Build Location / Yard,STEEL,CRUISER,HB-COUNTER-2,owner declaration at counter,N,day log 2022-11-20,
AMD-000421,2022-11-20,WL-03224,BUILD_LOCATION,Build Location / Yard,POWER_INBOARD,SAIL_MONO,HB-COUNTER-2,driver's license,N,day log 2022-11-20,
AMD-000422,2022-11-20,WL-01646,HIN,Hull Identification Number,CHD28983K683,CHD15991W542,HB-COUNTER-2,owner declaration at counter,N,day log 2022-11-20,
AMD-000423,2022-11-21,WL-01884,FLAG,Flag State,ELECTRIC,FIBERGLASS,HB-COUNTER-2,owner declaration at counter,N,day log 2022-11-21,
AMD-000424,2022-11-24,WL-01479,PROPULSION_TYPE,Propulsion Type,SAIL_MULTI,CA,HB-COUNTER-2,driver's license,N,day log 2022-11-24,
AMD-000425,2022-11-24,WL-03350,LOA,Length Overall (LOA),37.5,35.2,HB-COUNTER-2,MC-2022-0209,Y,day log 2022-11-24,
AMD-000426,2022-11-24,WL-03845,VESSEL_NAME,Vessel Name,KESTREL WAKE,SCOTER LIGHT,HB-COUNTER-2,driver's license,N,day log 2022-11-24,
AMD-000427,2022-11-26,WL-01650,FLAG,Flag State,POWER_INBOARD,POWER_INBOARD,HB-COUNTER-2,owner declaration at counter,N,day log 2022-11-26,
AMD-000428,2022-11-26,WL-02085,NET_TONNAGE,Net Tonnage (NT),29.0,27.9,HB-COUNTER-2,MC-2022-0302,Y,day log 2022-11-26,
AMD-000429,2022-11-28,WL-02889,VESSEL_NAME,Vessel Name,SANDERLING SHORE,POINT LIGHT,HB-COUNTER-2,insurance decl page,N,day log 2022-11-28,
AMD-000430,2022-11-28,WL-01753,BUILD_LOCATION,Build Location / Yard,TRAWLER,COMMERCIAL_FISH,HB-COUNTER-2,registration,N,day log 2022-11-28,
AMD-000431,2022-11-28,WL-03727,LOA,Length Overall (LOA),42.3,44.0,HB-COUNTER-2,Foldview Marine Services haul-out sheet 2022-08-20,Y,day log 2022-11-28,
AMD-000432,2022-11-28,WL-02868,ENGINE_MAKE,Engine Make / Model,FOAM_CORE,POWER_INBOARD,HB-COUNTER-2,insurance decl page,N,day log 2022-11-28,
AMD-000433,2022-11-28,WL-02862,BUILD_LOCATION,Build Location / Yard,WOOD,STEEL,HB-COUNTER-2,bill of sale,N,day log 2022-11-28,
AMD-000434,2022-11-29,WL-03659,ENGINE_MAKE,Engine Make / Model,TRAWLER,COMMERCIAL_FISH,HB-COUNTER-2,bill of sale,N,day log 2022-11-29,
AMD-000435,2022-11-30,WL-03758,LOA,Length Overall (LOA),53.2,51.4,HB-COUNTER-2,MC-2022-0410,Y,day log 2022-11-30,
AMD-000436,2022-12-02,WL-02036,LOA,Length Overall (LOA),23.5,23.5,HB-COUNTER-2,MC-2022-0629,Y,day log 2022-12-02,
AMD-000437,2022-12-02,WL-01489,NET_TONNAGE,Net Tonnage (NT),5.1,3.8,HB-COUNTER-2,MC-2022-0673,Y,day log 2022-12-02,
AMD-000438,2022-12-03,WL-01234,VESSEL_NAME,Vessel Name,POINT QUEEN,BRANT SONG,HB-COUNTER-2,insurance decl page,N,day log 2022-12-03,
AMD-000439,2022-12-04,WL-02670,PROPULSION_TYPE,Propulsion Type,FIBERGLASS,POWER_STERNDRIVE,HB-COUNTER-2,registration,N,day log 2022-12-04,
AMD-000440,2022-12-05,WL-02774,DRAFT,Draft (Depth),6.1,5.6,HB-COUNTER-2,MC-2022-0441,Y,day log 2022-12-05,
AMD-000441,2022-12-06,WL-02323,DRAFT,Draft (Depth),2.8,2.6,HB-COUNTER-2,MC-2022-0336,Y,day log 2022-12-06,
AMD-000442,2022-12-06,WL-03015,VESSEL_TYPE,Vessel Type,HOUSEBOAT,US,HB-COUNTER-2,insurance decl page,N,day log 2022-12-06,
AMD-000443,2022-12-06,WL-01474,NET_TONNAGE,Net Tonnage (NT),4.6,5.0,HB-COUNTER-2,MC-2022-0821,Y,day log 2022-12-06,
AMD-000444,2022-12-07,WL-01863,GROSS_TONNAGE,Gross Tonnage (GT),9.6,9.4,HB-COUNTER-2,Foldview Marine Services haul-out sheet 2022-08-20,Y,day log 2022-12-07,
AMD-000445,2022-12-08,WL-03264,FLAG,Flag State,CA,FIBERGLASS,HB-COUNTER-2,registration,N,day log 2022-12-08,
AMD-000446,2022-12-08,WL-01120,NET_TONNAGE,Net Tonnage (NT),34.4,36.3,HB-COUNTER-2,Foldview Marine Services haul-out sheet 2022-12-01,Y,day log 2022-12-08,
AMD-000447,2022-12-08,WL-02984,VESSEL_NAME,Vessel Name,PETREL GLIDE,ANCHOR BAY,HB-COUNTER-2,insurance decl page,N,day log 2022-12-08,
AMD-000448,2022-12-08,WL-02209,OWNER_NAME,Owner Name,TRAWLER,US,HB-COUNTER-2,bill of sale,N,day log 2022-12-08,
AMD-000449,2022-12-08,WL-01586,BUILD_LOCATION,Build Location / Yard,FIBERGLASS,SAIL_MONO,HB-COUNTER-2,driver's license,N,day log 2022-12-08,
AMD-000450,2022-12-10,WL-03123,HULL_MATERIAL,Hull Material,SAIL_MONO,TRAWLER,HB-COUNTER-2,insurance decl page,N,day log 2022-12-10,
AMD-000451,2022-12-10,WL-02035,ENGINE_MAKE,Engine Make / Model,SAIL_MULTI,POWER_OUTBOARD,HB-COUNTER-2,driver's license,N,day log 2022-12-10,
AMD-000452,2022-12-10,WL-02522,OWNER_ADDRESS,Owner Address,"5913 Aguirre Ridge, Portland, OR","8589 Baldwin Rapid, Port Angeles, WA",HB-COUNTER-2,driver's license,N,day log 2022-12-10,
AMD-000453,2022-12-11,WL-01060,VESSEL_NAME,Vessel Name,ANCHOR GLIDE,SALISH SHORE,HB-COUNTER-2,bill of sale,N,day log 2022-12-11,
AMD-000454,2022-12-12,WL-03369,OWNER_NAME,Owner Name,STEEL,FIBERGLASS,HB-COUNTER-2,driver's license,N,day log 2022-12-12,
AMD-000455,2022-12-13,WL-02131,OWNER_NAME,Owner Name,SAIL_MULTI,WOOD,HB-COUNTER-2,owner declaration at counter,N,day log 2022-12-13,
AMD-000456,2022-12-15,WL-03612,NET_TONNAGE,Net Tonnage (NT),9.7,11.4,HB-COUNTER-2,MC-2022-0725,Y,day log 2022-12-15,
AMD-000457,2022-12-18,WL-02814,HIN,Hull Identification Number,CHD59588H782,CHD63169M671,HB-COUNTER-2,driver's license,N,day log 2022-12-18,
AMD-000458,2022-12-18,WL-03242,FLAG,Flag State,CA,FOAM_CORE,HB-COUNTER-2,registration,N,day log 2022-12-18,
AMD-000459,2022-12-18,WL-02261,DRAFT,Draft (Depth),5.0,4.6,HB-COUNTER-2,MC-2022-0703,Y,day log 2022-12-18,
AMD-000460,2022-12-20,WL-01011,VESSEL_NAME,Vessel Name,SEAL REACH,BRANT VEER,HB-COUNTER-2,,N,day log 2022-12-20,
AMD-000461,2022-12-20,WL-03633,LOA,Length Overall (LOA),30.8,33.4,HB-COUNTER-2,Foldview Marine Services haul-out sheet 2022-09-09,Y,day log 2022-12-20,
AMD-000462,2022-12-21,WL-02309,LOA,Length Overall (LOA),32.1,29.7,HB-COUNTER-2,MC-2022-0151,Y,day log 2022-12-21,
AMD-000463,2022-12-21,WL-03144,ENGINE_HP,Engine Horsepower,85,210,HB-COUNTER-2,,N,day log 2022-12-21,
AMD-000464,2022-12-21,WL-02839,OWNER_NAME,Owner Name,TRAWLER,POWER_INBOARD,HB-COUNTER-2,registration,N,day log 2022-12-21,
AMD-000465,2022-12-23,WL-03353,ENGINE_HP,Engine Horsepower,85,150,HB-COUNTER-2,driver's license,N,day log 2022-12-23,
AMD-000466,2022-12-23,WL-01496,BUILD_LOCATION,Build Location / Yard,POWER_INBOARD,FIBERGLASS,HB-COUNTER-2,owner declaration at counter,N,day log 2022-12-23,
AMD-000467,2022-12-24,WL-02526,VESSEL_NAME,Vessel Name,WIDGEON WIND,OSPREY REACH,HB-COUNTER-2,registration,N,day log 2022-12-24,
AMD-000468,2022-12-25,WL-02338,NET_TONNAGE,Net Tonnage (NT),14.6,13.0,HB-COUNTER-2,MC-2022-0205,Y,day log 2022-12-25,
AMD-000469,2022-12-25,WL-03462,PROPULSION_TYPE,Propulsion Type,WOOD,POWER_INBOARD,HB-COUNTER-2,insurance decl page,N,day log 2022-12-25,
AMD-000470,2022-12-26,WL-01837,OWNER_ADDRESS,Owner Address,"1853 Cooper Lock, Chaldale, WA","2262 Melanie Forks, Olympia, WA",HB-COUNTER-2,insurance decl page,N,day log 2022-12-26,
AMD-000471,2022-12-26,WL-02957,LOA,Length Overall (LOA),50.6,48.9,HB-COUNTER-2,MC-2022-0675,Y,day log 2022-12-26,
AMD-000472,2022-12-27,WL-01981,ENGINE_MAKE,Engine Make / Model,US,WOOD,HB-COUNTER-2,bill of sale,N,day log 2022-12-27,
AMD-000473,2022-12-29,WL-02872,VESSEL_NAME,Vessel Name,OTTER SHORE,SANDERLING BAY,HB-COUNTER-2,insurance decl page,N,day log 2022-12-29,
AMD-000474,2022-12-29,WL-01062,BEAM,Beam (Width),8.3,8.1,HB-COUNTER-2,Foldview Marine Services haul-out sheet 2022-09-10,Y,day log 2022-12-29,
AMD-000475,2022-12-29,WL-03423,VESSEL_TYPE,Vessel Type,ALUMINUM,HOUSEBOAT,HB-COUNTER-2,registration,N,day log 2022-12-29,
AMD-000476,2022-12-29,WL-01489,VESSEL_NAME,Vessel Name,KESTREL MIST,SABLE CREST,HB-COUNTER-2,owner declaration at counter,N,day log 2022-12-29,
AMD-000477,2022-12-30,WL-03713,BUILD_LOCATION,Build Location / Yard,CRUISER,COMMERCIAL_FISH,HB-COUNTER-2,owner declaration at counter,N,day log 2022-12-30,
AMD-000478,2022-12-30,WL-03274,LOA,Length Overall (LOA),26.3,27.5,HB-COUNTER-2,MC-2022-0649,Y,day log 2022-12-30,
AMD-000479,2022-12-30,WL-02253,BEAM,Beam (Width),15.3,14.4,HB-COUNTER-2,Foldview Marine Services haul-out sheet 2022-11-05,Y,day log 2022-12-30,
AMD-000480,2022-12-31,WL-02996,OFFICIAL_NUM,Official Number / Registration,588846,604497,HB-COUNTER-2,bill of sale,N,day log 2022-12-31,
AMD-000481,2022-12-31,WL-02968,PROPULSION_TYPE,Propulsion Type,WOOD,WOOD,HB-COUNTER-2,owner declaration at counter,N,day log 2022-12-31,
AMD-000482,2023-01-01,WL-03883,LOA,Length Overall (LOA),23.8,24.0,HB-COUNTER-2,MC-2023-0263,Y,day log 2023-01-01,
AMD-000483,2023-01-01,WL-02232,HIN,Hull Identification Number,CHD10193L254,CHD70881F490,HB-COUNTER-2,,N,day log 2023-01-01,
AMD-000484,2023-01-02,WL-02085,HIN,Hull Identification Number,CHD29013R466,CHD22505T825,HB-COUNTER-2,insurance decl page,N,day log 2023-01-02,
AMD-000485,2023-01-02,WL-03038,ENGINE_HP,Engine Horsepower,110,250,HB-COUNTER-2,registration,N,day log 2023-01-02,
AMD-000486,2023-01-05,WL-02328,DRAFT,Draft (Depth),6.6,6.9,HB-COUNTER-2,,Y,day log 2023-01-05,
AMD-000487,2023-01-05,WL-02736,PROPULSION_TYPE,Propulsion Type,SAIL_MULTI,POWER_INBOARD,HB-COUNTER-2,insurance decl page,N,day log 2023-01-05,
AMD-000488,2023-01-06,WL-02852,HIN,Hull Identification Number,CHD74764F149,CHD17272P652,HB-COUNTER-2,driver's license,N,day log 2023-01-06,
AMD-000489,2023-01-07,WL-02811,GROSS_TONNAGE,Gross Tonnage (GT),29.8,30.4,HB-COUNTER-2,Foldview Marine Services haul-out sheet 2022-09-17,Y,day log 2023-01-07,
AMD-000490,2023-01-08,WL-02352,BEAM,Beam (Width),10.0,9.1,HB-COUNTER-2,MC-2023-0323,Y,day log 2023-01-08,
AMD-000491,2023-01-08,WL-01161,PROPULSION_TYPE,Propulsion Type,TRAWLER,CA,HB-COUNTER-2,driver's license,N,day log 2023-01-08,
AMD-000492,2023-01-10,WL-02236,NET_TONNAGE,Net Tonnage (NT),12.1,12.0,HB-COUNTER-2,Foldview Marine Services haul-out sheet 2022-11-23,Y,day log 2023-01-10,
AMD-000493,2023-01-11,WL-02848,YEAR_BUILT,Year Built,1988,1988,HB-COUNTER-2,,N,day log 2023-01-11,
AMD-000494,2023-01-11,WL-03264,ENGINE_HP,Engine Horsepower,110,330,HB-COUNTER-2,insurance decl page,N,day log 2023-01-11,
AMD-000495,2023-01-11,WL-03592,OWNER_ADDRESS,Owner Address,"4169 Samuel Fields, Seattle, WA","1227 Nancy Ville, Bellingham, WA",HB-COUNTER-2,insurance decl page,N,day log 2023-01-11,
AMD-000496,2023-01-11,WL-02386,VESSEL_NAME,Vessel Name,COHO WAKE,TIDE CREST,HB-COUNTER-2,owner declaration at counter,N,day log 2023-01-11,
AMD-000497,2023-01-13,WL-02531,GROSS_TONNAGE,Gross Tonnage (GT),38.4,38.3,HB-COUNTER-2,MC-2023-0638,Y,day log 2023-01-13,
AMD-000498,2023-01-14,WL-02223,BUILD_LOCATION,Build Location / Yard,US,CRUISER,HB-COUNTER-2,driver's license,N,day log 2023-01-14,
AMD-000499,2023-01-15,WL-02337,NET_TONNAGE,Net Tonnage (NT),11.3,12.8,HB-COUNTER-2,MC-2023-0869,Y,day log 2023-01-15,
AMD-000500,2023-01-15,WL-03266,HULL_MATERIAL,Hull Material,SAIL_MULTI,ELECTRIC,HB-COUNTER-2,driver's license,N,day log 2023-01-15,
AMD-000501,2023-01-17,WL-03134,BEAM,Beam (Width),14.5,15.1,HB-COUNTER-2,,Y,day log 2023-01-17,
AMD-000502,2023-01-17,WL-02172,NET_TONNAGE,Net Tonnage (NT),8.2,8.0,HB-COUNTER-2,MC-2023-0189,Y,day log 2023-01-17,
AMD-000503,2023-01-18,WL-01857,VESSEL_TYPE,Vessel Type,FIBERGLASS,COMMERCIAL_FISH,HB-COUNTER-2,owner declaration at counter,N,day log 2023-01-18,
AMD-000504,2023-01-21,WL-01498,BEAM,Beam (Width),15.9,16.6,HB-COUNTER-2,Foldview Marine Services haul-out sheet 2022-08-05,Y,day log 2023-01-21,
AMD-000505,2023-01-22,WL-01486,VESSEL_TYPE,Vessel Type,CA,FIBERGLASS,HB-COUNTER-2,registration,N,day log 2023-01-22,
AMD-000506,2023-01-22,WL-02724,LOA,Length Overall (LOA),45.4,44.5,HB-COUNTER-2,MC-2023-0238,Y,day log 2023-01-22,
AMD-000507,2023-01-22,WL-03759,VESSEL_NAME,Vessel Name,POINT LINE,SABLE STAR,HB-COUNTER-2,owner declaration at counter,N,day log 2023-01-22,
AMD-000508,2023-01-22,WL-01658,NET_TONNAGE,Net Tonnage (NT),35.7,35.4,HB-COUNTER-2,MC-2023-0260,Y,day log 2023-01-22,
AMD-000509,2023-01-23,WL-03506,FLAG,Flag State,SAIL_MONO,POWER_STERNDRIVE,HB-COUNTER-2,registration,N,day log 2023-01-23,
AMD-000510,2023-01-23,WL-01128,ENGINE_MAKE,Engine Make / Model,STEEL,US,HB-COUNTER-2,owner declaration at counter,N,day log 2023-01-23,
AMD-000511,2023-01-24,WL-03190,GROSS_TONNAGE,Gross Tonnage (GT),39.1,40.9,HB-COUNTER-2,MC-2023-0887,Y,day log 2023-01-24,
AMD-000512,2023-01-25,WL-01623,VESSEL_TYPE,Vessel Type,FIBERGLASS,POWER_OUTBOARD,HB-COUNTER-2,bill of sale,N,day log 2023-01-25,
AMD-000513,2023-01-27,WL-03115,ENGINE_MAKE,Engine Make / Model,SAIL_MULTI,POWER_STERNDRIVE,HB-COUNTER-2,bill of sale,N,day log 2023-01-27,
AMD-000514,2023-01-27,WL-01998,HIN,Hull Identification Number,CHD80417J531,CHD94530J862,HB-COUNTER-2,insurance decl page,N,day log 2023-01-27,
AMD-000515,2023-01-28,WL-02378,DRAFT,Draft (Depth),7.6,8.2,HB-COUNTER-2,,Y,day log 2023-01-28,
AMD-000516,2023-01-29,WL-02462,BEAM,Beam (Width),14.1,13.1,HB-COUNTER-2,MC-2023-0318,Y,day log 2023-01-29,
AMD-000517,2023-01-29,WL-01241,OWNER_NAME,Owner Name,FOAM_CORE,HOUSEBOAT,HB-COUNTER-2,owner declaration at counter,N,day log 2023-01-29,
AMD-000518,2023-01-29,WL-02176,YEAR_BUILT,Year Built,2016,2016,HB-COUNTER-2,owner declaration at counter,N,day log 2023-01-29,
AMD-000519,2023-01-30,WL-01429,NET_TONNAGE,Net Tonnage (NT),8.6,9.1,HB-COUNTER-2,MC-2023-0213,Y,day log 2023-01-30,
AMD-000520,2023-01-31,WL-02096,VESSEL_NAME,Vessel Name,COHO LINE,KESTREL WIND,HB-COUNTER-2,,N,day log 2023-01-31,
AMD-000521,2023-01-31,WL-01911,BUILD_LOCATION,Build Location / Yard,FIBERGLASS,POWER_INBOARD,HB-COUNTER-2,owner declaration at counter,N,day log 2023-01-31,
AMD-000522,2023-01-31,WL-03352,VESSEL_TYPE,Vessel Type,STEEL,COMMERCIAL_FISH,HB-COUNTER-2,insurance decl page,N,day log 2023-01-31,
AMD-000523,2023-02-01,WL-02839,FLAG,Flag State,SAIL_MONO,TRAWLER,HB-COUNTER-2,insurance decl page,N,day log 2023-02-01,
AMD-000524,2023-02-02,WL-02167,ENGINE_HP,Engine Horsepower,375,150,HB-COUNTER-2,,N,day log 2023-02-02,
AMD-000525,2023-02-03,WL-02554,ENGINE_HP,Engine Horsepower,250,85,HB-COUNTER-2,driver's license,N,day log 2023-02-03,
AMD-000526,2023-02-03,WL-03429,LOA,Length Overall (LOA),20.4,23.1,HB-COUNTER-2,MC-2023-0961,Y,day log 2023-02-03,
AMD-000527,2023-02-03,WL-01352,DRAFT,Draft (Depth),6.4,6.8,HB-COUNTER-2,MC-2023-0700,Y,day log 2023-02-03,
AMD-000528,2023-02-03,WL-01746,LOA,Length Overall (LOA),53.7,54.4,HB-COUNTER-2,MC-2023-0335,Y,day log 2023-02-03,
AMD-000529,2023-02-04,WL-03255,HULL_MATERIAL,Hull Material,US,WOOD,HB-COUNTER-2,insurance decl page,N,day log 2023-02-04,
AMD-000530,2023-02-05,WL-01377,HIN,Hull Identification Number,CHD62549I547,CHD10933J361,HB-COUNTER-2,owner declaration at counter,N,day log 2023-02-05,
AMD-000531,2023-02-05,WL-03512,GROSS_TONNAGE,Gross Tonnage (GT),23.5,21.6,HB-COUNTER-2,MC-2023-0706,Y,day log 2023-02-05,
AMD-000532,2023-02-06,WL-02855,NET_TONNAGE,Net Tonnage (NT),26.6,27.1,HB-COUNTER-2,MC-2023-0851,Y,day log 2023-02-06,
AMD-000533,2023-02-06,WL-01121,ENGINE_MAKE,Engine Make / Model,TRAWLER,POWER_INBOARD,HB-COUNTER-2,driver's license,N,day log 2023-02-06,
AMD-000534,2023-02-08,WL-03789,HULL_MATERIAL,Hull Material,SPORTFISH,ELECTRIC,HB-COUNTER-2,insurance decl page,N,day log 2023-02-08,
AMD-000535,2023-02-08,WL-03168,FLAG,Flag State,TRAWLER,CRUISER,HB-COUNTER-2,bill of sale,N,day log 2023-02-08,
AMD-000536,2023-02-10,WL-03902,NET_TONNAGE,Net Tonnage (NT),36.9,35.6,HB-COUNTER-2,MC-2023-0410,Y,day log 2023-02-10,
AMD-000537,2023-02-10,WL-02373,VESSEL_TYPE,Vessel Type,ALUMINUM,POWER_INBOARD,HB-COUNTER-2,bill of sale,N,day log 2023-02-10,
AMD-000538,2023-02-12,WL-01320,OWNER_NAME,Owner Name,CRUISER,SAIL_MONO,HB-COUNTER-2,insurance decl page,N,day log 2023-02-12,
AMD-000539,2023-02-13,WL-01785,YEAR_BUILT,Year Built,2000,2000,HB-COUNTER-2,registration,N,day log 2023-02-13,
AMD-000540,2023-02-13,WL-01068,DRAFT,Draft (Depth),3.8,3.7,HB-COUNTER-2,MC-2023-0334,Y,day log 2023-02-13,
AMD-000541,2023-02-13,WL-02684,HIN,Hull Identification Number,CHD66215R602,CHD42877R719,HB-COUNTER-2,registration,N,day log 2023-02-13,
AMD-000542,2023-02-13,WL-01447,FLAG,Flag State,POWER_INBOARD,SAIL_MONO,HB-COUNTER-2,,N,day log 2023-02-13,
AMD-000543,2023-02-14,WL-03622,VESSEL_TYPE,Vessel Type,US,HOUSEBOAT,HB-COUNTER-2,insurance decl page,N,day log 2023-02-14,
AMD-000544,2023-02-15,WL-02319,HIN,Hull Identification Number,CHD64634B966,CHD21223K137,HB-COUNTER-2,owner declaration at counter,N,day log 2023-02-15,
AMD-000545,2023-02-15,WL-01549,GROSS_TONNAGE,Gross Tonnage (GT),18.5,17.7,HB-COUNTER-2,MC-2023-0956,Y,day log 2023-02-15,
AMD-000546,2023-02-15,WL-03687,BUILD_LOCATION,Build Location / Yard,CRUISER,SAIL_MONO,HB-COUNTER-2,,N,day log 2023-02-15,
AMD-000547,2023-02-15,WL-02899,BUILD_LOCATION,Build Location / Yard,POWER_OUTBOARD,US,HB-COUNTER-2,bill of sale,N,day log 2023-02-15,
AMD-000548,2023-02-15,WL-02947,ENGINE_MAKE,Engine Make / Model,POWER_OUTBOARD,ALUMINUM,HB-COUNTER-2,owner declaration at counter,N,day log 2023-02-15,
AMD-000549,2023-02-15,WL-03418,FLAG,Flag State,COMMERCIAL_FISH,POWER_STERNDRIVE,HB-COUNTER-2,insurance decl page,N,day log 2023-02-15,
AMD-000550,2023-02-16,WL-03736,YEAR_BUILT,Year Built,1971,1971,HB-COUNTER-2,driver's license,N,day log 2023-02-16,
AMD-000551,2023-02-16,WL-02732,DRAFT,Draft (Depth),2.2,2.0,HB-COUNTER-2,Foldview Marine Services haul-out sheet 2022-10-26,Y,day log 2023-02-16,
AMD-000552,2023-02-17,WL-01336,VESSEL_TYPE,Vessel Type,FIBERGLASS,CA,HB-COUNTER-2,bill of sale,N,day log 2023-02-17,
AMD-000553,2023-02-21,WL-01328,HIN,Hull Identification Number,CHD44929D609,CHD76347T107,HB-COUNTER-2,bill of sale,N,day log 2023-02-21,
AMD-000554,2023-02-23,WL-01318,ENGINE_HP,Engine Horsepower,150,110,HB-COUNTER-2,insurance decl page,N,day log 2023-02-23,
AMD-000555,2023-02-23,WL-03415,ENGINE_MAKE,Engine Make / Model,US,CRUISER,HB-COUNTER-2,,N,day log 2023-02-23,
AMD-000556,2023-02-23,WL-01189,HULL_MATERIAL,Hull Material,POWER_INBOARD,ALUMINUM,HB-COUNTER-2,owner declaration at counter,N,day log 2023-02-23,
AMD-000557,2023-02-24,WL-03490,BUILD_LOCATION,Build Location / Yard,STEEL,CRUISER,HB-COUNTER-2,,N,day log 2023-02-24,
AMD-000558,2023-02-24,WL-02551,PROPULSION_TYPE,Propulsion Type,FIBERGLASS,WOOD,HB-COUNTER-2,bill of sale,N,day log 2023-02-24,
AMD-000559,2023-02-24,WL-02524,FLAG,Flag State,ALUMINUM,STEEL,HB-COUNTER-2,registration,N,day log 2023-02-24,
AMD-000560,2023-02-25,WL-03869,VESSEL_TYPE,Vessel Type,FIBERGLASS,POWER_INBOARD,HB-COUNTER-2,bill of sale,N,day log 2023-02-25,
AMD-000561,2023-02-27,WL-02502,HIN,Hull Identification Number,CHD86658H180,CHD59403L132,HB-COUNTER-2,,N,day log 2023-02-27,
AMD-000562,2023-02-28,WL-02096,ENGINE_HP,Engine Horsepower,330,375,HB-COUNTER-2,owner declaration at counter,N,day log 2023-02-28,
AMD-000563,2023-02-28,WL-01628,ENGINE_HP,Engine Horsepower,150,150,HB-COUNTER-2,bill of sale,N,day log 2023-02-28,
AMD-000564,2023-02-28,WL-03904,PROPULSION_TYPE,Propulsion Type,FOAM_CORE,ALUMINUM,HB-COUNTER-2,registration,N,day log 2023-02-28,
AMD-000565,2023-03-02,WL-02878,HULL_MATERIAL,Hull Material,STEEL,CRUISER,HB-COUNTER-2,registration,N,day log 2023-03-02,
AMD-000566,2023-03-03,WL-02264,VESSEL_NAME,Vessel Name,CORMORANT REACH,PINTAIL STAR,HB-COUNTER-2,insurance decl page,N,day log 2023-03-03,
AMD-000567,2023-03-03,WL-01161,BUILD_LOCATION,Build Location / Yard,WOOD,POWER_OUTBOARD,HB-COUNTER-2,insurance decl page,N,day log 2023-03-03,
AMD-000568,2023-03-03,WL-02207,BUILD_LOCATION,Build Location / Yard,SPORTFISH,ALUMINUM,HB-COUNTER-2,owner declaration at counter,N,day log 2023-03-03,
AMD-000569,2023-03-03,WL-02668,PROPULSION_TYPE,Propulsion Type,ALUMINUM,FIBERGLASS,HB-COUNTER-2,,N,day log 2023-03-03,
AMD-000570,2023-03-04,WL-02567,FLAG,Flag State,STEEL,SPORTFISH,HB-COUNTER-2,bill of sale,N,day log 2023-03-04,
AMD-000571,2023-03-05,WL-01589,YEAR_BUILT,Year Built,2013,2013,HB-COUNTER-2,bill of sale,N,day log 2023-03-05,
AMD-000572,2023-03-05,WL-01189,YEAR_BUILT,Year Built,1968,1968,HB-COUNTER-2,registration,N,day log 2023-03-05,
AMD-000573,2023-03-06,WL-01421,HULL_MATERIAL,Hull Material,POWER_INBOARD,SAIL_MONO,HB-COUNTER-2,insurance decl page,N,day log 2023-03-06,
AMD-000574,2023-03-07,WL-01891,VESSEL_NAME,Vessel Name,PETREL SONG,HALIBUT ROCK,HB-COUNTER-2,bill of sale,N,day log 2023-03-07,
AMD-000575,2023-03-08,WL-03762,OWNER_NAME,Owner Name,CRUISER,SPORTFISH,HB-COUNTER-2,insurance decl page,N,day log 2023-03-08,
AMD-000576,2023-03-10,WL-02075,ENGINE_MAKE,Engine Make / Model,POWER_STERNDRIVE,TRAWLER,HB-COUNTER-2,insurance decl page,N,day log 2023-03-10,
AMD-000577,2023-03-10,WL-03685,VESSEL_NAME,Vessel Name,WIDGEON WEATHER,SEAL WAKE,HB-COUNTER-2,registration,N,day log 2023-03-10,
AMD-000578,2023-03-10,WL-03089,OFFICIAL_NUM,Official Number / Registration,916579,984652,HB-COUNTER-2,driver's license,N,day log 2023-03-10,
AMD-000579,2023-03-10,WL-03043,OFFICIAL_NUM,Official Number / Registration,755143,548618,HB-COUNTER-2,owner declaration at counter,N,day log 2023-03-10,
AMD-000580,2023-03-11,WL-03115,LOA,Length Overall (LOA),53.7,51.8,HB-COUNTER-2,MC-2023-0485,Y,day log 2023-03-11,
AMD-000581,2023-03-12,WL-02500,NET_TONNAGE,Net Tonnage (NT),4.4,4.4,HB-COUNTER-2,Foldview Marine Services haul-out sheet 2023-03-05,Y,day log 2023-03-12,
AMD-000582,2023-03-12,WL-03909,YEAR_BUILT,Year Built,1996,1996,HB-COUNTER-2,,N,day log 2023-03-12,
AMD-000583,2023-03-13,WL-02032,OWNER_NAME,Owner Name,US,US,HB-COUNTER-2,driver's license,N,day log 2023-03-13,
AMD-000584,2023-03-14,WL-03617,LOA,Length Overall (LOA),25.5,26.7,HB-COUNTER-2,Foldview Marine Services haul-out sheet 2022-09-09,Y,day log 2023-03-14,
AMD-000585,2023-03-15,WL-03119,NET_TONNAGE,Net Tonnage (NT),10.3,11.4,HB-COUNTER-2,MC-2023-0874,Y,day log 2023-03-15,
AMD-000586,2023-03-16,WL-02424,ENGINE_MAKE,Engine Make / Model,US,COMMERCIAL_FISH,HB-COUNTER-2,registration,N,day log 2023-03-16,
AMD-000587,2023-03-16,WL-03492,PROPULSION_TYPE,Propulsion Type,US,SAIL_MONO,HB-COUNTER-2,registration,N,day log 2023-03-16,
AMD-000588,2023-03-17,WL-02215,FLAG,Flag State,WOOD,US,HB-COUNTER-2,registration,N,day log 2023-03-17,
AMD-000589,2023-03-17,WL-03216,HULL_MATERIAL,Hull Material,POWER_INBOARD,SAIL_MONO,HB-COUNTER-2,insurance decl page,N,day log 2023-03-17,
AMD-000590,2023-03-19,WL-02907,VESSEL_NAME,Vessel Name,KESTREL BAY,SABLE WAKE,HB-COUNTER-2,bill of sale,N,day log 2023-03-19,
AMD-000591,2023-03-19,WL-03709,HIN,Hull Identification Number,CHD30104V745,CHD39483A234,HB-COUNTER-2,insurance decl page,N,day log 2023-03-19,
AMD-000592,2023-03-19,WL-01522,VESSEL_NAME,Vessel Name,KESTREL STAR,SCOTER WIND,HB-COUNTER-2,bill of sale,N,day log 2023-03-19,
AMD-000593,2023-03-19,WL-03294,HULL_MATERIAL,Hull Material,SAIL_MONO,US,HB-COUNTER-2,registration,N,day log 2023-03-19,
AMD-000594,2023-03-20,WL-03859,BEAM,Beam (Width),9.1,9.8,HB-COUNTER-2,MC-2023-0319,Y,day log 2023-03-20,
AMD-000595,2023-03-21,WL-01845,FLAG,Flag State,POWER_STERNDRIVE,SPORTFISH,HB-COUNTER-2,owner declaration at counter,N,day log 2023-03-21,
AMD-000596,2023-03-21,WL-01172,NET_TONNAGE,Net Tonnage (NT),28.7,29.2,HB-COUNTER-2,Foldview Marine Services haul-out sheet 2023-02-04,Y,day log 2023-03-21,
AMD-000597,2023-03-22,WL-02052,VESSEL_NAME,Vessel Name,SPINDRIFT MIST,HALIBUT LIGHT,HB-COUNTER-2,,N,day log 2023-03-22,
AMD-000598,2023-03-23,WL-02343,ENGINE_HP,Engine Horsepower,210,330,HB-COUNTER-2,driver's license,N,day log 2023-03-23,
AMD-000599,2023-03-24,WL-01476,BEAM,Beam (Width),13.3,13.4,HB-COUNTER-2,Foldview Marine Services haul-out sheet 2022-09-04,Y,day log 2023-03-24,
AMD-000600,2023-03-24,WL-02311,HIN,Hull Identification Number,CHD61771H767,CHD65744Y462,HB-COUNTER-2,owner declaration at counter,N,day log 2023-03-24,
AMD-000601,2023-03-25,WL-01670,LOA,Length Overall (LOA),28.8,29.6,HB-COUNTER-2,MC-2023-0255,Y,day log 2023-03-25,
AMD-000602,2023-03-26,WL-02603,PROPULSION_TYPE,Propulsion Type,CRUISER,US,HB-COUNTER-2,owner declaration at counter,N,day log 2023-03-26,
AMD-000603,2023-03-26,WL-03412,BUILD_LOCATION,Build Location / Yard,TRAWLER,US,HB-COUNTER-2,,N,day log 2023-03-26,
AMD-000604,2023-03-26,WL-01830,VESSEL_NAME,Vessel Name,BRANT ROSE,SEAL REACH,HB-COUNTER-2,driver's license,N,day log 2023-03-26,
AMD-000605,2023-03-26,WL-02870,ENGINE_HP,Engine Horsepower,250,150,HB-COUNTER-2,owner declaration at counter,N,day log 2023-03-26,
AMD-000606,2023-03-27,WL-03036,HIN,Hull Identification Number,CHD24943X441,CHD43927S560,HB-COUNTER-2,driver's license,N,day log 2023-03-27,
AMD-000607,2023-03-27,WL-01489,GROSS_TONNAGE,Gross Tonnage (GT),24.9,22.9,HB-COUNTER-2,MC-2023-0371,Y,day log 2023-03-27,
AMD-000608,2023-04-02,WL-02665,BUILD_LOCATION,Build Location / Yard,POWER_STERNDRIVE,ALUMINUM,HB-COUNTER-2,driver's license,N,day log 2023-04-02,
AMD-000609,2023-04-05,WL-01401,NET_TONNAGE,Net Tonnage (NT),10.8,11.8,HB-COUNTER-2,MC-2023-0815,Y,day log 2023-04-05,
AMD-000610,2023-04-07,WL-02695,LOA,Length Overall (LOA),52.1,52.5,HB-COUNTER-2,Foldview Marine Services haul-out sheet 2022-11-25,Y,day log 2023-04-07,
AMD-000611,2023-04-07,WL-03052,PROPULSION_TYPE,Propulsion Type,FIBERGLASS,CA,HB-COUNTER-2,driver's license,N,day log 2023-04-07,
AMD-000612,2023-04-07,WL-03625,BEAM,Beam (Width),13.8,14.4,HB-COUNTER-2,MC-2023-0236,Y,day log 2023-04-07,
AMD-000613,2023-04-10,WL-01197,GROSS_TONNAGE,Gross Tonnage (GT),5.7,6.9,HB-COUNTER-2,MC-2023-0470,Y,day log 2023-04-10,
AMD-000614,2023-04-10,WL-03726,HULL_MATERIAL,Hull Material,WOOD,SAIL_MULTI,HB-COUNTER-2,bill of sale,N,day log 2023-04-10,
AMD-000615,2023-04-12,WL-01509,HIN,Hull Identification Number,CHD15401V104,CHD94434F469,HB-COUNTER-2,bill of sale,N,day log 2023-04-12,
AMD-000616,2023-04-12,WL-01729,BEAM,Beam (Width),14.8,15.8,HB-COUNTER-2,Foldview Marine Services haul-out sheet 2023-02-18,Y,day log 2023-04-12,
AMD-000617,2023-04-14,WL-03056,OFFICIAL_NUM,Official Number / Registration,891167,972557,HB-COUNTER-2,owner declaration at counter,N,day log 2023-04-14,
AMD-000618,2023-04-14,WL-02338,BUILD_LOCATION,Build Location / Yard,ALUMINUM,FOAM_CORE,HB-COUNTER-2,registration,N,day log 2023-04-14,
AMD-000619,2023-04-15,WL-02826,PROPULSION_TYPE,Propulsion Type,SAIL_MULTI,ALUMINUM,HB-COUNTER-2,,N,day log 2023-04-15,
AMD-000620,2023-04-15,WL-01334,FLAG,Flag State,ELECTRIC,FIBERGLASS,HB-COUNTER-2,insurance decl page,N,day log 2023-04-15,
AMD-000621,2023-04-16,WL-02671,BUILD_LOCATION,Build Location / Yard,CA,FIBERGLASS,HB-COUNTER-2,driver's license,N,day log 2023-04-16,
AMD-000622,2023-04-17,WL-01153,DRAFT,Draft (Depth),4.2,4.4,HB-COUNTER-2,Foldview Marine Services haul-out sheet 2022-12-06,Y,day log 2023-04-17,
AMD-000623,2023-04-18,WL-02155,VESSEL_NAME,Vessel Name,SPIRIT OF ALDA,ALDA MARIE,HB-COUNTER-2,bill of sale,N,day log 2023-04-18,
AMD-000624,2023-04-19,WL-02958,PROPULSION_TYPE,Propulsion Type,FOAM_CORE,WOOD,HB-COUNTER-2,registration,N,day log 2023-04-19,
AMD-000625,2023-04-19,WL-01298,PROPULSION_TYPE,Propulsion Type,POWER_STERNDRIVE,ELECTRIC,HB-COUNTER-2,bill of sale,N,day log 2023-04-19,
AMD-000626,2023-04-19,WL-02227,NET_TONNAGE,Net Tonnage (NT),8.7,6.9,HB-COUNTER-2,MC-2023-0736,Y,day log 2023-04-19,
AMD-000627,2023-04-22,WL-01438,LOA,Length Overall (LOA),21.7,21.3,HB-COUNTER-2,MC-2023-0423,Y,day log 2023-04-22,
AMD-000628,2023-04-22,WL-02270,GROSS_TONNAGE,Gross Tonnage (GT),13.3,13.9,HB-COUNTER-2,MC-2023-0444,Y,day log 2023-04-22,
AMD-000629,2023-04-23,WL-02482,VESSEL_NAME,Vessel Name,TIDE GLIDE,SANDERLING ANN,HB-COUNTER-2,driver's license,N,day log 2023-04-23,
AMD-000630,2023-04-24,WL-03432,HIN,Hull Identification Number,CHD66360H612,CHD15562H367,HB-COUNTER-2,insurance decl page,N,day log 2023-04-24,
AMD-000631,2023-04-24,WL-02593,YEAR_BUILT,Year Built,2013,2013,HB-COUNTER-2,owner declaration at counter,N,day log 2023-04-24,
AMD-000632,2023-04-24,WL-02128,PROPULSION_TYPE,Propulsion Type,FIBERGLASS,SAIL_MONO,HB-COUNTER-2,owner declaration at counter,N,day log 2023-04-24,
AMD-000633,2023-04-25,WL-03470,GROSS_TONNAGE,Gross Tonnage (GT),22.9,22.0,HB-COUNTER-2,Foldview Marine Services haul-out sheet 2023-02-24,Y,day log 2023-04-25,
AMD-000634,2023-04-26,WL-02482,YEAR_BUILT,Year Built,1975,1975,HB-COUNTER-2,,N,day log 2023-04-26,
AMD-000635,2023-04-27,WL-02209,BUILD_LOCATION,Build Location / Yard,POWER_OUTBOARD,US,HB-COUNTER-2,insurance decl page,N,day log 2023-04-27,
AMD-000636,2023-04-27,WL-03748,OFFICIAL_NUM,Official Number / Registration,617816,516251,HB-COUNTER-2,bill of sale,N,day log 2023-04-27,
AMD-000637,2023-04-27,WL-01482,VESSEL_NAME,Vessel Name,FOUL RUNNER,KESTREL MIST,HB-COUNTER-2,,N,day log 2023-04-27,
AMD-000638,2023-04-28,WL-03249,BUILD_LOCATION,Build Location / Yard,COMMERCIAL_FISH,SPORTFISH,HB-COUNTER-2,,N,day log 2023-04-28,
AMD-000639,2023-04-28,WL-02703,BUILD_LOCATION,Build Location / Yard,CA,SAIL_MULTI,HB-COUNTER-2,driver's license,N,day log 2023-04-28,
AMD-000640,2023-04-29,WL-01049,GROSS_TONNAGE,Gross Tonnage (GT),36.5,35.4,HB-COUNTER-2,MC-2023-0120,Y,day log 2023-04-29,
AMD-000641,2023-04-29,WL-02981,HIN,Hull Identification Number,CHD62583H483,CHD98424D146,HB-COUNTER-2,owner declaration at counter,N,day log 2023-04-29,
AMD-000642,2023-04-30,WL-02253,GROSS_TONNAGE,Gross Tonnage (GT),9.4,8.2,HB-COUNTER-2,MC-2023-0621,Y,day log 2023-04-30,
AMD-000643,2023-05-01,WL-01166,PROPULSION_TYPE,Propulsion Type,POWER_OUTBOARD,POWER_INBOARD,HB-COUNTER-2,insurance decl page,N,day log 2023-05-01,
AMD-000644,2023-05-01,WL-01133,OWNER_ADDRESS,Owner Address,"339 Catherine Meadow, Newport, OR","9712 Claudia Via, Coos Bay, OR",HB-COUNTER-2,owner declaration at counter,N,day log 2023-05-01,
AMD-000645,2023-05-03,WL-03200,PROPULSION_TYPE,Propulsion Type,CRUISER,SPORTFISH,HB-COUNTER-2,driver's license,N,day log 2023-05-03,
AMD-000646,2023-05-04,WL-02496,LOA,Length Overall (LOA),24.2,24.3,HB-COUNTER-2,,Y,day log 2023-05-04,
AMD-000647,2023-05-05,WL-01756,FLAG,Flag State,CRUISER,ALUMINUM,HB-COUNTER-2,insurance decl page,N,day log 2023-05-05,
AMD-000648,2023-05-05,WL-03511,ENGINE_HP,Engine Horsepower,375,330,HB-COUNTER-2,registration,N,day log 2023-05-05,
AMD-000649,2023-05-06,WL-02439,OWNER_NAME,Owner Name,US,FIBERGLASS,HB-COUNTER-2,insurance decl page,N,day log 2023-05-06,
AMD-000650,2023-05-06,WL-01587,HULL_MATERIAL,Hull Material,FIBERGLASS,POWER_INBOARD,HB-COUNTER-2,driver's license,N,day log 2023-05-06,
AMD-000651,2023-05-07,WL-03454,FLAG,Flag State,ALUMINUM,SPORTFISH,HB-COUNTER-2,insurance decl page,N,day log 2023-05-07,
AMD-000652,2023-05-08,WL-03199,VESSEL_NAME,Vessel Name,WIDGEON SHORE,KESTREL MOON,HB-COUNTER-2,driver's license,N,day log 2023-05-08,
AMD-000653,2023-05-09,WL-03304,VESSEL_NAME,Vessel Name,PINTAIL SHORE,MURRE WEATHER,HB-COUNTER-2,bill of sale,N,day log 2023-05-09,
AMD-000654,2023-05-09,WL-03536,ENGINE_MAKE,Engine Make / Model,CRUISER,POWER_OUTBOARD,HB-COUNTER-2,owner declaration at counter,N,day log 2023-05-09,
AMD-000655,2023-05-10,WL-03036,VESSEL_NAME,Vessel Name,SEAL ROCK,BRANT HARBOR,HB-COUNTER-2,driver's license,N,day log 2023-05-10,
AMD-000656,2023-05-11,WL-01983,PROPULSION_TYPE,Propulsion Type,SAIL_MULTI,TRAWLER,HB-COUNTER-2,bill of sale,N,day log 2023-05-11,
AMD-000657,2023-05-12,WL-03547,HULL_MATERIAL,Hull Material,SAIL_MONO,POWER_INBOARD,HB-COUNTER-2,owner declaration at counter,N,day log 2023-05-12,
AMD-000658,2023-05-15,WL-02849,VESSEL_TYPE,Vessel Type,SAIL_MONO,POWER_INBOARD,HB-COUNTER-2,registration,N,day log 2023-05-15,
AMD-000659,2023-05-15,WL-02411,ENGINE_MAKE,Engine Make / Model,ALUMINUM,POWER_STERNDRIVE,HB-COUNTER-2,owner declaration at counter,N,day log 2023-05-15,
AMD-000660,2023-05-15,WL-02096,OWNER_NAME,Owner Name,CRUISER,CRUISER,HB-COUNTER-2,registration,N,day log 2023-05-15,
AMD-000661,2023-05-21,WL-02263,LOA,Length Overall (LOA),54.0,53.9,HB-COUNTER-2,Foldview Marine Services haul-out sheet 2023-04-18,Y,day log 2023-05-21,
AMD-000662,2023-05-21,WL-02278,LOA,Length Overall (LOA),44.4,44.9,HB-COUNTER-2,MC-2023-0309,Y,day log 2023-05-21,
AMD-000663,2023-05-22,WL-03258,ENGINE_MAKE,Engine Make / Model,STEEL,FOAM_CORE,HB-COUNTER-2,insurance decl page,N,day log 2023-05-22,
AMD-000664,2023-05-22,WL-02106,HIN,Hull Identification Number,CHD75691M762,CHD99587J276,HB-COUNTER-2,,N,day log 2023-05-22,
AMD-000665,2023-05-23,WL-01028,NET_TONNAGE,Net Tonnage (NT),28.1,29.3,HB-COUNTER-2,Foldview Marine Services haul-out sheet 2023-01-27,Y,day log 2023-05-23,
AMD-000666,2023-05-24,WL-03157,YEAR_BUILT,Year Built,1982,1982,HB-COUNTER-2,driver's license,N,day log 2023-05-24,
AMD-000667,2023-05-26,WL-03164,ENGINE_MAKE,Engine Make / Model,SPORTFISH,FOAM_CORE,HB-COUNTER-2,driver's license,N,day log 2023-05-26,
AMD-000668,2023-05-27,WL-01355,BUILD_LOCATION,Build Location / Yard,SPORTFISH,HOUSEBOAT,HB-COUNTER-2,,N,day log 2023-05-27,
AMD-000669,2023-05-27,WL-02354,NET_TONNAGE,Net Tonnage (NT),35.2,35.4,HB-COUNTER-2,MC-2023-0828,Y,day log 2023-05-27,
AMD-000670,2023-05-28,WL-03267,GROSS_TONNAGE,Gross Tonnage (GT),31.4,33.3,HB-COUNTER-2,MC-2023-0841,Y,day log 2023-05-28,
AMD-000671,2023-05-29,WL-01079,HULL_MATERIAL,Hull Material,WOOD,POWER_INBOARD,HB-COUNTER-2,owner declaration at counter,N,day log 2023-05-29,
AMD-000672,2023-05-29,WL-01258,NET_TONNAGE,Net Tonnage (NT),5.7,7.2,HB-COUNTER-2,,Y,day log 2023-05-29,
AMD-000673,2023-05-29,WL-02760,VESSEL_TYPE,Vessel Type,POWER_STERNDRIVE,SAIL_MONO,HB-COUNTER-2,owner declaration at counter,N,day log 2023-05-29,
AMD-000674,2023-05-31,WL-02233,DRAFT,Draft (Depth),7.0,7.4,HB-COUNTER-2,MC-2023-0530,Y,day log 2023-05-31,
AMD-000675,2023-05-31,WL-03084,PROPULSION_TYPE,Propulsion Type,POWER_STERNDRIVE,CRUISER,HB-COUNTER-2,bill of sale,N,day log 2023-05-31,
AMD-000676,2023-06-01,WL-02507,YEAR_BUILT,Year Built,1970,1970,HB-COUNTER-2,insurance decl page,N,day log 2023-06-01,
AMD-000677,2023-06-01,WL-02264,BUILD_LOCATION,Build Location / Yard,SAIL_MONO,SAIL_MONO,HB-COUNTER-2,registration,N,day log 2023-06-01,
AMD-000678,2023-06-02,WL-02811,ENGINE_HP,Engine Horsepower,375,85,HB-COUNTER-2,bill of sale,N,day log 2023-06-02,
AMD-000679,2023-06-02,WL-03767,NET_TONNAGE,Net Tonnage (NT),22.1,21.2,HB-COUNTER-2,Foldview Marine Services haul-out sheet 2022-10-06,Y,day log 2023-06-02,
AMD-000680,2023-06-03,WL-01894,HIN,Hull Identification Number,CHD15915V266,CHD71328M319,HB-COUNTER-2,registration,N,day log 2023-06-03,
AMD-000681,2023-06-04,WL-01905,DRAFT,Draft (Depth),3.5,3.8,HB-COUNTER-2,Foldview Marine Services haul-out sheet 2023-05-18,Y,day log 2023-06-04,
AMD-000682,2023-06-04,WL-02641,LOA,Length Overall (LOA),35.5,37.5,HB-COUNTER-2,Foldview Marine Services haul-out sheet 2022-12-15,Y,day log 2023-06-04,
AMD-000683,2023-06-04,WL-01923,YEAR_BUILT,Year Built,1991,1991,HB-COUNTER-2,bill of sale,N,day log 2023-06-04,
AMD-000684,2023-06-04,WL-02172,YEAR_BUILT,Year Built,1986,1986,HB-COUNTER-2,registration,N,day log 2023-06-04,
AMD-000685,2023-06-05,WL-01434,BUILD_LOCATION,Build Location / Yard,POWER_OUTBOARD,POWER_OUTBOARD,HB-COUNTER-2,owner declaration at counter,N,day log 2023-06-05,
AMD-000686,2023-06-05,WL-02263,NET_TONNAGE,Net Tonnage (NT),4.2,4.7,HB-COUNTER-2,MC-2023-0132,Y,day log 2023-06-05,
AMD-000687,2023-06-07,WL-03486,HULL_MATERIAL,Hull Material,FIBERGLASS,WOOD,HB-COUNTER-2,owner declaration at counter,N,day log 2023-06-07,
AMD-000688,2023-06-07,WL-03696,ENGINE_MAKE,Engine Make / Model,POWER_STERNDRIVE,SAIL_MULTI,HB-COUNTER-2,insurance decl page,N,day log 2023-06-07,
AMD-000689,2023-06-07,WL-03884,ENGINE_HP,Engine Horsepower,110,110,HB-COUNTER-2,bill of sale,N,day log 2023-06-07,
AMD-000690,2023-06-08,WL-03754,PROPULSION_TYPE,Propulsion Type,CRUISER,SAIL_MONO,HB-COUNTER-2,owner declaration at counter,N,day log 2023-06-08,
AMD-000691,2023-06-08,WL-03455,LOA,Length Overall (LOA),36.5,39.0,HB-COUNTER-2,MC-2023-0192,Y,day log 2023-06-08,
AMD-000692,2023-06-08,WL-01326,VESSEL_NAME,Vessel Name,SCOTER LINE,POINT SHORE,HB-COUNTER-2,driver's license,N,day log 2023-06-08,
AMD-000693,2023-06-09,WL-03034,FLAG,Flag State,TRAWLER,ELECTRIC,HB-COUNTER-2,registration,N,day log 2023-06-09,
AMD-000694,2023-06-09,WL-03698,LOA,Length Overall (LOA),38.0,37.8,HB-COUNTER-2,Foldview Marine Services haul-out sheet 2022-10-31,Y,day log 2023-06-09,
AMD-000695,2023-06-09,WL-03653,VESSEL_NAME,Vessel Name,HALIBUT GLIDE,ANCHOR ROSE,HB-COUNTER-2,registration,N,day log 2023-06-09,
AMD-000696,2023-06-11,WL-01799,BEAM,Beam (Width),13.5,12.8,HB-COUNTER-2,Foldview Marine Services haul-out sheet 2023-04-03,Y,day log 2023-06-11,
AMD-000697,2023-06-11,WL-01434,FLAG,Flag State,ALUMINUM,WOOD,HB-COUNTER-2,,N,day log 2023-06-11,
AMD-000698,2023-06-12,WL-03684,OWNER_NAME,Owner Name,FOAM_CORE,POWER_INBOARD,HB-COUNTER-2,,N,day log 2023-06-12,
AMD-000699,2023-06-14,WL-02678,VESSEL_NAME,Vessel Name,SCOTER GLIDE,KESTREL REACH,HB-COUNTER-2,insurance decl page,N,day log 2023-06-14,
AMD-000700,2023-06-15,WL-03107,GROSS_TONNAGE,Gross Tonnage (GT),17.7,18.1,HB-COUNTER-2,MC-2023-0389,Y,day log 2023-06-15,
AMD-000701,2023-06-16,WL-03794,HIN,Hull Identification Number,CHD84447Z811,CHD51478T594,HB-COUNTER-2,driver's license,N,day log 2023-06-16,
AMD-000702,2023-06-16,WL-01500,FLAG,Flag State,POWER_OUTBOARD,HOUSEBOAT,HB-COUNTER-2,driver's license,N,day log 2023-06-16,
AMD-000703,2023-06-17,WL-01120,OWNER_NAME,Owner Name,COMMERCIAL_FISH,POWER_INBOARD,HB-COUNTER-2,owner declaration at counter,N,day log 2023-06-17,
AMD-000704,2023-06-17,WL-03672,OWNER_ADDRESS,Owner Address,"2744 Jacobs Court, Portland, OR","7752 Ramos Fall, Newport, OR",HB-COUNTER-2,insurance decl page,N,day log 2023-06-17,
AMD-000705,2023-06-18,WL-02747,LOA,Length Overall (LOA),53.3,51.8,HB-COUNTER-2,MC-2023-0222,Y,day log 2023-06-18,
AMD-000706,2023-06-18,WL-01981,BEAM,Beam (Width),13.1,13.7,HB-COUNTER-2,Foldview Marine Services haul-out sheet 2023-05-05,Y,day log 2023-06-18,
AMD-000707,2023-06-19,WL-02472,YEAR_BUILT,Year Built,1976,1976,HB-COUNTER-2,driver's license,N,day log 2023-06-19,
AMD-000708,2023-06-20,WL-02453,YEAR_BUILT,Year Built,2005,2005,HB-COUNTER-2,registration,N,day log 2023-06-20,
AMD-000709,2023-06-20,WL-01302,LOA,Length Overall (LOA),25.2,26.6,HB-COUNTER-2,MC-2023-0266,Y,day log 2023-06-20,
AMD-000710,2023-06-22,WL-01594,HIN,Hull Identification Number,CHD72471U387,CHD74438M298,HB-COUNTER-2,insurance decl page,N,day log 2023-06-22,
AMD-000711,2023-06-23,WL-02863,VESSEL_NAME,Vessel Name,FOUL ROCK,GRAY BAY,HB-COUNTER-2,bill of sale,N,day log 2023-06-23,
AMD-000712,2023-06-23,WL-01762,LOA,Length Overall (LOA),33.5,34.3,HB-COUNTER-2,MC-2023-0225,Y,day log 2023-06-23,
AMD-000713,2023-06-24,WL-02050,OWNER_ADDRESS,Owner Address,"4911 Wilkerson Mountains, Port Angeles, WA","5055 Catherine Ports, Aberdeen, WA",HB-COUNTER-2,insurance decl page,N,day log 2023-06-24,
AMD-000714,2023-06-24,WL-01959,LOA,Length Overall (LOA),32.3,34.6,HB-COUNTER-2,Foldview Marine Services haul-out sheet 2023-01-12,Y,day log 2023-06-24,
AMD-000715,2023-06-26,WL-02982,VESSEL_NAME,Vessel Name,KESTREL LINE,SALISH QUEEN,HB-COUNTER-2,bill of sale,N,day log 2023-06-26,
AMD-000716,2023-06-29,WL-03353,FLAG,Flag State,FIBERGLASS,CRUISER,HB-COUNTER-2,registration,N,day log 2023-06-29,
AMD-000717,2023-06-30,WL-03566,ENGINE_HP,Engine Horsepower,210,110,HB-COUNTER-2,driver's license,N,day log 2023-06-30,
AMD-000718,2023-07-01,WL-03811,VESSEL_TYPE,Vessel Type,FIBERGLASS,SAIL_MONO,HB-COUNTER-2,bill of sale,N,day log 2023-07-01,
AMD-000719,2023-07-01,WL-02819,YEAR_BUILT,Year Built,1987,1987,HB-COUNTER-2,owner declaration at counter,N,day log 2023-07-01,
AMD-000720,2023-07-01,WL-03131,YEAR_BUILT,Year Built,1982,1982,HB-COUNTER-2,,N,day log 2023-07-01,
AMD-000721,2023-07-01,WL-03267,FLAG,Flag State,US,ELECTRIC,HB-COUNTER-2,registration,N,day log 2023-07-01,
AMD-000722,2023-07-01,WL-02554,VESSEL_NAME,Vessel Name,KESTREL BAY,SALISH LIGHT,HB-COUNTER-2,registration,N,day log 2023-07-01,
AMD-000723,2023-07-02,WL-02848,VESSEL_TYPE,Vessel Type,CA,SAIL_MULTI,HB-COUNTER-2,owner declaration at counter,N,day log 2023-07-02,
AMD-000724,2023-07-02,WL-01298,OFFICIAL_NUM,Official Number / Registration,885554,211402,HB-COUNTER-2,registration,N,day log 2023-07-02,
AMD-000725,2023-07-03,WL-01122,YEAR_BUILT,Year Built,1969,1969,HB-COUNTER-2,owner declaration at counter,N,day log 2023-07-03,
AMD-000726,2023-07-04,WL-03707,VESSEL_TYPE,Vessel Type,FIBERGLASS,WOOD,HB-COUNTER-2,insurance decl page,N,day log 2023-07-04,
AMD-000727,2023-07-05,WL-02222,OFFICIAL_NUM,Official Number / Registration,855555,712722,HB-COUNTER-2,insurance decl page,N,day log 2023-07-05,
AMD-000728,2023-07-05,WL-02914,ENGINE_MAKE,Engine Make / Model,POWER_OUTBOARD,POWER_INBOARD,HB-COUNTER-2,driver's license,N,day log 2023-07-05,
AMD-000729,2023-07-05,WL-03732,BEAM,Beam (Width),14.8,15.2,HB-COUNTER-2,MC-2023-0765,Y,day log 2023-07-05,
AMD-000730,2023-07-06,WL-02712,BEAM,Beam (Width),9.3,9.6,HB-COUNTER-2,MC-2023-0726,Y,day log 2023-07-06,
AMD-000731,2023-07-06,WL-03628,NET_TONNAGE,Net Tonnage (NT),23.2,21.4,HB-COUNTER-2,MC-2023-0245,Y,day log 2023-07-06,
AMD-000732,2023-07-07,WL-02734,BEAM,Beam (Width),10.2,9.5,HB-COUNTER-2,MC-2023-0471,Y,day log 2023-07-07,
AMD-000733,2023-07-08,WL-02530,OWNER_NAME,Owner Name,SAIL_MULTI,FIBERGLASS,HB-COUNTER-2,,N,day log 2023-07-08,
AMD-000734,2023-07-08,WL-02312,OFFICIAL_NUM,Official Number / Registration,841916,882117,HB-COUNTER-2,insurance decl page,N,day log 2023-07-08,
AMD-000735,2023-07-09,WL-01377,OWNER_ADDRESS,Owner Address,"9438 Marsh Ford, Aberdeen, WA","3769 Padilla Field, Olympia, WA",HB-COUNTER-2,registration,N,day log 2023-07-09,
AMD-000736,2023-07-09,WL-01713,OFFICIAL_NUM,Official Number / Registration,596043,251090,HB-COUNTER-2,registration,N,day log 2023-07-09,
AMD-000737,2023-07-09,WL-02991,YEAR_BUILT,Year Built,1978,1978,HB-COUNTER-2,owner declaration at counter,N,day log 2023-07-09,
AMD-000738,2023-07-10,WL-02751,VESSEL_NAME,Vessel Name,SCOTER SONG,SPINDRIFT SOUND,HB-COUNTER-2,,N,day log 2023-07-10,
AMD-000739,2023-07-12,WL-02086,HULL_MATERIAL,Hull Material,CRUISER,ELECTRIC,HB-COUNTER-2,insurance decl page,N,day log 2023-07-12,
AMD-000740,2023-07-15,WL-01675,VESSEL_TYPE,Vessel Type,CRUISER,WOOD,HB-COUNTER-2,driver's license,N,day log 2023-07-15,
AMD-000741,2023-07-16,WL-02543,OWNER_NAME,Owner Name,POWER_INBOARD,HOUSEBOAT,HB-COUNTER-2,owner declaration at counter,N,day log 2023-07-16,
AMD-000742,2023-07-18,WL-02286,VESSEL_NAME,Vessel Name,SCOTER SOUND,PINTAIL PASSAGE,HB-COUNTER-2,bill of sale,N,day log 2023-07-18,
AMD-000743,2023-07-18,WL-01953,GROSS_TONNAGE,Gross Tonnage (GT),8.1,9.4,HB-COUNTER-2,MC-2023-0396,Y,day log 2023-07-18,
AMD-000744,2023-07-20,WL-03567,YEAR_BUILT,Year Built,2010,2010,HB-COUNTER-2,bill of sale,N,day log 2023-07-20,
AMD-000745,2023-07-21,WL-02980,ENGINE_MAKE,Engine Make / Model,HOUSEBOAT,FIBERGLASS,HB-COUNTER-2,registration,N,day log 2023-07-21,
AMD-000746,2023-07-21,WL-03036,VESSEL_NAME,Vessel Name,MURRE WAKE,OSPREY BAY,HB-COUNTER-2,registration,N,day log 2023-07-21,
AMD-000747,2023-07-24,WL-03862,GROSS_TONNAGE,Gross Tonnage (GT),37.9,38.7,HB-COUNTER-2,Foldview Marine Services haul-out sheet 2023-01-21,Y,day log 2023-07-24,
AMD-000748,2023-07-24,WL-03114,YEAR_BUILT,Year Built,1980,1980,HB-COUNTER-2,registration,N,day log 2023-07-24,
AMD-000749,2023-07-25,WL-02551,BEAM,Beam (Width),14.4,13.5,HB-COUNTER-2,MC-2023-0839,Y,day log 2023-07-25,
AMD-000750,2023-07-25,WL-03333,LOA,Length Overall (LOA),29.1,26.9,HB-COUNTER-2,Foldview Marine Services haul-out sheet 2022-11-09,Y,day log 2023-07-25,
AMD-000751,2023-07-26,WL-03709,VESSEL_NAME,Vessel Name,PETREL ROSE,GRAY SOUND,HB-COUNTER-2,bill of sale,N,day log 2023-07-26,
AMD-000752,2023-07-26,WL-01601,YEAR_BUILT,Year Built,1992,1992,HB-COUNTER-2,registration,N,day log 2023-07-26,
AMD-000753,2023-07-27,WL-03776,NET_TONNAGE,Net Tonnage (NT),7.1,7.3,HB-COUNTER-2,Foldview Marine Services haul-out sheet 2023-02-27,Y,day log 2023-07-27,
AMD-000754,2023-07-28,WL-01838,VESSEL_NAME,Vessel Name,PETREL LINE,GRAY HARBOR,HB-COUNTER-2,bill of sale,N,day log 2023-07-28,
AMD-000755,2023-07-28,WL-01605,VESSEL_NAME,Vessel Name,HALIBUT LINE,ANCHOR VEER,HB-COUNTER-2,insurance decl page,N,day log 2023-07-28,
AMD-000756,2023-07-28,WL-01145,OFFICIAL_NUM,Official Number / Registration,351705,561354,HB-COUNTER-2,registration,N,day log 2023-07-28,
AMD-000757,2023-07-29,WL-01877,VESSEL_NAME,Vessel Name,PETREL DANCER,DRIFT ROCK,HB-COUNTER-2,bill of sale,N,day log 2023-07-29,
AMD-000758,2023-07-31,WL-02144,VESSEL_NAME,Vessel Name,OSPREY VEER,SPINDRIFT SHORE,HB-COUNTER-2,owner declaration at counter,N,day log 2023-07-31,
AMD-000759,2023-08-01,WL-03403,YEAR_BUILT,Year Built,1986,1986,HB-COUNTER-2,bill of sale,N,day log 2023-08-01,
AMD-000760,2023-08-03,WL-03183,LOA,Length Overall (LOA),38.8,39.8,HB-COUNTER-2,MC-2023-0648,Y,day log 2023-08-03,
AMD-000761,2023-08-03,WL-03466,VESSEL_NAME,Vessel Name,COHO VEER,HERON MOON,HB-COUNTER-2,,N,day log 2023-08-03,
AMD-000762,2023-08-04,WL-02288,HULL_MATERIAL,Hull Material,POWER_OUTBOARD,US,HB-COUNTER-2,insurance decl page,N,day log 2023-08-04,
AMD-000763,2023-08-04,WL-02205,LOA,Length Overall (LOA),38.6,37.8,HB-COUNTER-2,MC-2023-0129,Y,day log 2023-08-04,
AMD-000764,2023-08-06,WL-02129,VESSEL_NAME,Vessel Name,BRANT SHORE,SPINDRIFT ROSE,HB-COUNTER-2,,N,day log 2023-08-06,
AMD-000765,2023-08-06,WL-02927,PROPULSION_TYPE,Propulsion Type,WOOD,ELECTRIC,HB-COUNTER-2,insurance decl page,N,day log 2023-08-06,
AMD-000766,2023-08-07,WL-01797,HIN,Hull Identification Number,CHD40488T146,CHD15639R467,HB-COUNTER-2,,N,day log 2023-08-07,
AMD-000767,2023-08-07,WL-03286,HIN,Hull Identification Number,CHD43365F751,CHD38482Z666,HB-COUNTER-2,driver's license,N,day log 2023-08-07,
AMD-000768,2023-08-08,WL-01338,VESSEL_TYPE,Vessel Type,CA,WOOD,HB-COUNTER-2,driver's license,N,day log 2023-08-08,
AMD-000769,2023-08-08,WL-03161,GROSS_TONNAGE,Gross Tonnage (GT),27.1,27.5,HB-COUNTER-2,Foldview Marine Services haul-out sheet 2023-06-18,Y,day log 2023-08-08,
AMD-000770,2023-08-09,WL-03663,PROPULSION_TYPE,Propulsion Type,SAIL_MULTI,SPORTFISH,HB-COUNTER-2,driver's license,N,day log 2023-08-09,
AMD-000771,2023-08-10,WL-01605,VESSEL_NAME,Vessel Name,SANDERLING ROCK,TIDE LIGHT,HB-COUNTER-2,owner declaration at counter,N,day log 2023-08-10,
AMD-000772,2023-08-10,WL-01594,LOA,Length Overall (LOA),24.0,23.5,HB-COUNTER-2,Foldview Marine Services haul-out sheet 2022-09-12,Y,day log 2023-08-10,
AMD-000773,2023-08-10,WL-01372,DRAFT,Draft (Depth),3.7,4.2,HB-COUNTER-2,Foldview Marine Services haul-out sheet 2023-06-22,Y,day log 2023-08-10,
AMD-000774,2023-08-11,WL-02916,OWNER_ADDRESS,Owner Address,"9423 Martinez Throughway, Coos Bay, OR","8160 Yesenia Parkways, Astoria, OR",HB-COUNTER-2,driver's license,N,day log 2023-08-11,
AMD-000775,2023-08-13,WL-01447,VESSEL_TYPE,Vessel Type,FIBERGLASS,WOOD,HB-COUNTER-2,registration,N,day log 2023-08-13,
AMD-000776,2023-08-13,WL-02595,HULL_MATERIAL,Hull Material,FIBERGLASS,FIBERGLASS,HB-COUNTER-2,insurance decl page,N,day log 2023-08-13,
AMD-000777,2023-08-14,WL-02881,LOA,Length Overall (LOA),40.5,42.8,HB-COUNTER-2,MC-2023-0628,Y,day log 2023-08-14,
AMD-000778,2023-08-15,WL-02499,HIN,Hull Identification Number,CHD61788U229,CHD59261Z479,HB-COUNTER-2,driver's license,N,day log 2023-08-15,
AMD-000779,2023-08-16,WL-01864,LOA,Length Overall (LOA),39.5,41.3,HB-COUNTER-2,Foldview Marine Services haul-out sheet 2022-09-13,Y,day log 2023-08-16,
AMD-000780,2023-08-18,WL-01246,OWNER_NAME,Owner Name,FIBERGLASS,CRUISER,HB-COUNTER-2,,N,day log 2023-08-18,
AMD-000781,2023-08-18,WL-01533,HULL_MATERIAL,Hull Material,SAIL_MONO,ALUMINUM,HB-COUNTER-2,registration,N,day log 2023-08-18,
AMD-000782,2023-08-18,WL-03250,LOA,Length Overall (LOA),49.0,51.2,HB-COUNTER-2,Foldview Marine Services haul-out sheet 2023-01-11,Y,day log 2023-08-18,
AMD-000783,2023-08-18,WL-03417,OWNER_NAME,Owner Name,SAIL_MONO,TRAWLER,HB-COUNTER-2,owner declaration at counter,N,day log 2023-08-18,
AMD-000784,2023-08-19,WL-01891,HULL_MATERIAL,Hull Material,STEEL,US,HB-COUNTER-2,,N,day log 2023-08-19,
AMD-000785,2023-08-20,WL-03293,LOA,Length Overall (LOA),39.4,39.3,HB-COUNTER-2,MC-2023-0127,Y,day log 2023-08-20,
AMD-000786,2023-08-21,WL-02267,BUILD_LOCATION,Build Location / Yard,FIBERGLASS,FIBERGLASS,HB-COUNTER-2,driver's license,N,day log 2023-08-21,
AMD-000787,2023-08-22,WL-01471,OWNER_ADDRESS,Owner Address,"8673 Frost Well, Seattle, WA","7982 Scott Valleys, Coos Bay, OR",HB-COUNTER-2,insurance decl page,N,day log 2023-08-22,
AMD-000788,2023-08-22,WL-01800,OFFICIAL_NUM,Official Number / Registration,833991,832148,HB-COUNTER-2,,N,day log 2023-08-22,
AMD-000789,2023-08-23,WL-03374,BEAM,Beam (Width),9.5,9.9,HB-COUNTER-2,MC-2023-0760,Y,day log 2023-08-23,
AMD-000790,2023-08-23,WL-02484,HIN,Hull Identification Number,CHD68523V324,CHD62356E377,HB-COUNTER-2,bill of sale,N,day log 2023-08-23,
AMD-000791,2023-08-23,WL-02203,ENGINE_MAKE,Engine Make / Model,FIBERGLASS,FIBERGLASS,HB-COUNTER-2,,N,day log 2023-08-23,
AMD-000792,2023-08-23,WL-01716,VESSEL_NAME,Vessel Name,SEAL SOUND,SPINDRIFT SHORE,HB-COUNTER-2,owner declaration at counter,N,day log 2023-08-23,
AMD-000793,2023-08-23,WL-02922,ENGINE_HP,Engine Horsepower,330,250,HB-COUNTER-2,bill of sale,N,day log 2023-08-23,
AMD-000794,2023-08-24,WL-03516,OWNER_ADDRESS,Owner Address,"3050 Green Manor, Bellingham, WA","3839 Alexis Skyway, Portland, OR",HB-COUNTER-2,bill of sale,N,day log 2023-08-24,
AMD-000795,2023-08-25,WL-02363,PROPULSION_TYPE,Propulsion Type,POWER_INBOARD,FOAM_CORE,HB-COUNTER-2,registration,N,day log 2023-08-25,
AMD-000796,2023-08-26,WL-03866,ENGINE_MAKE,Engine Make / Model,SAIL_MULTI,FIBERGLASS,HB-COUNTER-2,bill of sale,N,day log 2023-08-26,
AMD-000797,2023-08-26,WL-02504,ENGINE_MAKE,Engine Make / Model,US,ELECTRIC,HB-COUNTER-2,insurance decl page,N,day log 2023-08-26,
AMD-000798,2023-08-27,WL-03521,ENGINE_MAKE,Engine Make / Model,POWER_STERNDRIVE,US,HB-COUNTER-2,bill of sale,N,day log 2023-08-27,
AMD-000799,2023-08-27,WL-02531,VESSEL_TYPE,Vessel Type,POWER_STERNDRIVE,POWER_STERNDRIVE,HB-COUNTER-2,bill of sale,N,day log 2023-08-27,
AMD-000800,2023-08-27,WL-03122,OWNER_NAME,Owner Name,CRUISER,ELECTRIC,HB-COUNTER-2,registration,N,day log 2023-08-27,
AMD-000801,2023-08-29,WL-02120,FLAG,Flag State,CA,SAIL_MONO,HB-COUNTER-2,bill of sale,N,day log 2023-08-29,
AMD-000802,2023-08-30,WL-03543,ENGINE_MAKE,Engine Make / Model,HOUSEBOAT,ALUMINUM,HB-COUNTER-2,insurance decl page,N,day log 2023-08-30,
AMD-000803,2023-08-31,WL-03666,LOA,Length Overall (LOA),20.8,23.7,HB-COUNTER-2,MC-2023-0932,Y,day log 2023-08-31,
AMD-000804,2023-09-01,WL-02675,VESSEL_TYPE,Vessel Type,FIBERGLASS,SPORTFISH,HB-COUNTER-2,driver's license,N,day log 2023-09-01,
AMD-000805,2023-09-01,WL-02354,BEAM,Beam (Width),11.5,11.9,HB-COUNTER-2,Foldview Marine Services haul-out sheet 2023-04-15,Y,day log 2023-09-01,
AMD-000806,2023-09-02,WL-03494,ENGINE_MAKE,Engine Make / Model,POWER_OUTBOARD,SAIL_MONO,HB-COUNTER-2,registration,N,day log 2023-09-02,
AMD-000807,2023-09-03,WL-02607,OFFICIAL_NUM,Official Number / Registration,424677,265196,HB-COUNTER-2,,N,day log 2023-09-03,
AMD-000808,2023-09-03,WL-03319,LOA,Length Overall (LOA),38.6,37.8,HB-COUNTER-2,,Y,day log 2023-09-03,
AMD-000809,2023-09-04,WL-01820,YEAR_BUILT,Year Built,1975,1975,HB-COUNTER-2,,N,day log 2023-09-04,
AMD-000810,2023-09-05,WL-02938,HIN,Hull Identification Number,CHD14268L768,CHD36562O738,HB-COUNTER-2,owner declaration at counter,N,day log 2023-09-05,
AMD-000811,2023-09-06,WL-02720,HULL_MATERIAL,Hull Material,CA,POWER_OUTBOARD,HB-COUNTER-2,bill of sale,N,day log 2023-09-06,
AMD-000812,2023-09-06,WL-01257,YEAR_BUILT,Year Built,2009,2009,HB-COUNTER-2,insurance decl page,N,day log 2023-09-06,
AMD-000813,2023-09-08,WL-02874,VESSEL_TYPE,Vessel Type,WOOD,CA,HB-COUNTER-2,,N,day log 2023-09-08,
AMD-000814,2023-09-10,WL-03008,OWNER_NAME,Owner Name,POWER_INBOARD,FIBERGLASS,HB-COUNTER-2,owner declaration at counter,N,day log 2023-09-10,
AMD-000815,2023-09-11,WL-01925,ENGINE_MAKE,Engine Make / Model,STEEL,WOOD,HB-COUNTER-2,insurance decl page,N,day log 2023-09-11,
AMD-000816,2023-09-11,WL-03037,FLAG,Flag State,POWER_OUTBOARD,STEEL,HB-COUNTER-2,,N,day log 2023-09-11,
AMD-000817,2023-09-11,WL-03527,GROSS_TONNAGE,Gross Tonnage (GT),37.0,36.2,HB-COUNTER-2,MC-2023-0951,Y,day log 2023-09-11,
AMD-000818,2023-09-12,WL-01808,BEAM,Beam (Width),13.7,14.1,HB-COUNTER-2,Foldview Marine Services haul-out sheet 2022-11-15,Y,day log 2023-09-12,
AMD-000819,2023-09-13,WL-03074,OFFICIAL_NUM,Official Number / Registration,673785,991120,HB-COUNTER-2,registration,N,day log 2023-09-13,
AMD-000820,2023-09-14,WL-03230,FLAG,Flag State,SAIL_MULTI,WOOD,HB-COUNTER-2,,N,day log 2023-09-14,
AMD-000821,2023-09-14,WL-03222,VESSEL_NAME,Vessel Name,SANDERLING RUNNER,ANCHOR LINE,HB-COUNTER-2,owner declaration at counter,N,day log 2023-09-14,
AMD-000822,2023-09-14,WL-03602,FLAG,Flag State,CRUISER,CA,HB-COUNTER-2,bill of sale,N,day log 2023-09-14,
AMD-000823,2023-09-15,WL-03194,OWNER_NAME,Owner Name,TRAWLER,TRAWLER,HB-COUNTER-2,registration,N,day log 2023-09-15,
AMD-000824,2023-09-16,WL-01451,VESSEL_NAME,Vessel Name,PETREL RUNNER,HALIBUT STAR,HB-COUNTER-2,bill of sale,N,day log 2023-09-16,
AMD-000825,2023-09-19,WL-02570,NET_TONNAGE,Net Tonnage (NT),31.8,32.6,HB-COUNTER-2,MC-2023-0271,Y,day log 2023-09-19,
AMD-000826,2023-09-21,WL-03519,OWNER_NAME,Owner Name,CA,CRUISER,HB-COUNTER-2,bill of sale,N,day log 2023-09-21,
AMD-000827,2023-09-21,WL-03692,VESSEL_NAME,Vessel Name,OTTER SHORE,SALISH LINE,HB-COUNTER-2,bill of sale,N,day log 2023-09-21,
AMD-000828,2023-09-23,WL-02542,BEAM,Beam (Width),8.3,8.3,HB-COUNTER-2,MC-2023-0347,Y,day log 2023-09-23,
AMD-000829,2023-09-24,WL-01686,OFFICIAL_NUM,Official Number / Registration,722997,591657,HB-COUNTER-2,registration,N,day log 2023-09-24,
AMD-000830,2023-09-25,WL-02262,ENGINE_HP,Engine Horsepower,330,250,HB-COUNTER-2,owner declaration at counter,N,day log 2023-09-25,
AMD-000831,2023-09-27,WL-02879,ENGINE_HP,Engine Horsepower,250,110,HB-COUNTER-2,driver's license,N,day log 2023-09-27,
AMD-000832,2023-09-29,WL-03365,FLAG,Flag State,US,ELECTRIC,HB-COUNTER-2,bill of sale,N,day log 2023-09-29,
AMD-000833,2023-09-29,WL-01351,YEAR_BUILT,Year Built,1977,1977,HB-COUNTER-2,driver's license,N,day log 2023-09-29,
AMD-000834,2023-09-30,WL-01371,VESSEL_NAME,Vessel Name,HERON REACH,PINTAIL SONG,HB-COUNTER-2,insurance decl page,N,day log 2023-09-30,
AMD-000835,2023-10-01,WL-03638,HIN,Hull Identification Number,CHD97549G647,CHD95083O866,HB-COUNTER-2,,N,day log 2023-10-01,
AMD-000836,2023-10-03,WL-01901,OWNER_ADDRESS,Owner Address,"6239 Gallagher Mountains, Longview, WA","8013 Smith Summit, Portland, OR",HB-COUNTER-2,,N,day log 2023-10-03,
AMD-000837,2023-10-03,WL-02856,HULL_MATERIAL,Hull Material,ALUMINUM,FOAM_CORE,HB-COUNTER-2,driver's license,N,day log 2023-10-03,
AMD-000838,2023-10-07,WL-03079,VESSEL_NAME,Vessel Name,HERON ANN,SABLE SONG,HB-COUNTER-2,,N,day log 2023-10-07,
AMD-000839,2023-10-07,WL-02166,DRAFT,Draft (Depth),7.8,7.3,HB-COUNTER-2,MC-2023-0309,Y,day log 2023-10-07,
AMD-000840,2023-10-08,WL-02139,HIN,Hull Identification Number,CHD14286V142,CHD69060L608,HB-COUNTER-2,driver's license,N,day log 2023-10-08,
AMD-000841,2023-10-09,WL-03813,VESSEL_NAME,Vessel Name,PINTAIL VEER,TIDE VEER,HB-COUNTER-2,,N,day log 2023-10-09,
AMD-000842,2023-10-10,WL-02106,YEAR_BUILT,Year Built,1985,1985,HB-COUNTER-2,owner declaration at counter,N,day log 2023-10-10,
AMD-000843,2023-10-10,WL-03094,VESSEL_TYPE,Vessel Type,SAIL_MONO,COMMERCIAL_FISH,HB-COUNTER-2,registration,N,day log 2023-10-10,
AMD-000844,2023-10-12,WL-03887,VESSEL_NAME,Vessel Name,FOUL WAKE,CORMORANT RUNNER,HB-COUNTER-2,driver's license,N,day log 2023-10-12,
AMD-000845,2023-10-13,WL-02684,OFFICIAL_NUM,Official Number / Registration,765761,767819,HB-COUNTER-2,,N,day log 2023-10-13,
AMD-000846,2023-10-13,WL-01845,BUILD_LOCATION,Build Location / Yard,US,SAIL_MULTI,HB-COUNTER-2,insurance decl page,N,day log 2023-10-13,
AMD-000847,2023-10-14,WL-03480,OFFICIAL_NUM,Official Number / Registration,219284,265620,HB-COUNTER-2,bill of sale,N,day log 2023-10-14,
AMD-000848,2023-10-14,WL-02342,LOA,Length Overall (LOA),38.1,35.9,HB-COUNTER-2,MC-2023-0955,Y,day log 2023-10-14,
AMD-000849,2023-10-14,WL-03876,OFFICIAL_NUM,Official Number / Registration,323034,877837,HB-COUNTER-2,,N,day log 2023-10-14,
AMD-000850,2023-10-17,WL-03345,BUILD_LOCATION,Build Location / Yard,POWER_INBOARD,POWER_OUTBOARD,HB-COUNTER-2,owner declaration at counter,N,day log 2023-10-17,
AMD-000851,2023-10-18,WL-03032,BEAM,Beam (Width),12.0,11.9,HB-COUNTER-2,Foldview Marine Services haul-out sheet 2022-10-30,Y,day log 2023-10-18,
AMD-000852,2023-10-18,WL-03381,ENGINE_MAKE,Engine Make / Model,STEEL,ALUMINUM,HB-COUNTER-2,insurance decl page,N,day log 2023-10-18,
AMD-000853,2023-10-19,WL-02076,OWNER_NAME,Owner Name,WOOD,HOUSEBOAT,HB-COUNTER-2,driver's license,N,day log 2023-10-19,
AMD-000854,2023-10-20,WL-01595,OWNER_ADDRESS,Owner Address,"5737 Frost Hills, Longview, WA","8671 Guerra Falls, Astoria, OR",HB-COUNTER-2,registration,N,day log 2023-10-20,
AMD-000855,2023-10-22,WL-02003,ENGINE_HP,Engine Horsepower,110,210,HB-COUNTER-2,bill of sale,N,day log 2023-10-22,
AMD-000856,2023-10-24,WL-01068,BEAM,Beam (Width),12.8,13.7,HB-COUNTER-2,Foldview Marine Services haul-out sheet 2023-02-12,Y,day log 2023-10-24,
AMD-000857,2023-10-24,WL-02325,ENGINE_MAKE,Engine Make / Model,SAIL_MULTI,FOAM_CORE,HB-COUNTER-2,driver's license,N,day log 2023-10-24,
AMD-000858,2023-10-24,WL-01549,NET_TONNAGE,Net Tonnage (NT),5.2,4.2,HB-COUNTER-2,MC-2023-0385,Y,day log 2023-10-24,
AMD-000859,2023-10-25,WL-02854,HIN,Hull Identification Number,CHD97395S219,CHD51237E336,HB-COUNTER-2,,N,day log 2023-10-25,
AMD-000860,2023-10-25,WL-03424,NET_TONNAGE,Net Tonnage (NT),14.4,12.5,HB-COUNTER-2,MC-2023-0442,Y,day log 2023-10-25,
AMD-000861,2023-10-28,WL-02690,NET_TONNAGE,Net Tonnage (NT),19.8,20.2,HB-COUNTER-2,Foldview Marine Services haul-out sheet 2023-04-18,Y,day log 2023-10-28,
AMD-000862,2023-10-29,WL-01698,OWNER_NAME,Owner Name,SAIL_MONO,TRAWLER,HB-COUNTER-2,bill of sale,N,day log 2023-10-29,
AMD-000863,2023-10-29,WL-01133,OWNER_NAME,Owner Name,ELECTRIC,SAIL_MONO,HB-COUNTER-2,insurance decl page,N,day log 2023-10-29,
AMD-000864,2023-10-29,WL-02816,VESSEL_NAME,Vessel Name,SABLE WAKE,TIDE SOUND,HB-COUNTER-2,driver's license,N,day log 2023-10-29,
AMD-000865,2023-10-29,WL-02944,DRAFT,Draft (Depth),5.7,5.2,HB-COUNTER-2,,Y,day log 2023-10-29,
AMD-000866,2023-10-30,WL-03337,OWNER_ADDRESS,Owner Address,"4277 Young Centers, Everett, WA","7130 Olson Locks, Portland, OR",HB-COUNTER-2,bill of sale,N,day log 2023-10-30,
AMD-000867,2023-11-01,WL-01052,ENGINE_HP,Engine Horsepower,85,210,HB-COUNTER-2,owner declaration at counter,N,day log 2023-11-01,
AMD-000868,2023-11-02,WL-02276,GROSS_TONNAGE,Gross Tonnage (GT),30.7,29.4,HB-COUNTER-2,Foldview Marine Services haul-out sheet 2023-05-10,Y,day log 2023-11-02,
AMD-000869,2023-11-03,WL-01207,OWNER_NAME,Owner Name,ALUMINUM,CA,HB-COUNTER-2,insurance decl page,N,day log 2023-11-03,
AMD-000870,2023-11-03,WL-02943,VESSEL_TYPE,Vessel Type,COMMERCIAL_FISH,CRUISER,HB-COUNTER-2,driver's license,N,day log 2023-11-03,
AMD-000871,2023-11-04,WL-02538,VESSEL_NAME,Vessel Name,SALISH ROSE,TIDE CREST,HB-COUNTER-2,,N,day log 2023-11-04,
AMD-000872,2023-11-05,WL-01007,HULL_MATERIAL,Hull Material,US,ELECTRIC,HB-COUNTER-2,driver's license,N,day log 2023-11-05,
AMD-000873,2023-11-05,WL-03102,BUILD_LOCATION,Build Location / Yard,CA,US,HB-COUNTER-2,insurance decl page,N,day log 2023-11-05,
AMD-000874,2023-11-06,WL-02285,OFFICIAL_NUM,Official Number / Registration,622351,161343,HB-COUNTER-2,insurance decl page,N,day log 2023-11-06,
AMD-000875,2023-11-07,WL-01048,VESSEL_TYPE,Vessel Type,SAIL_MULTI,CA,HB-COUNTER-2,owner declaration at counter,N,day log 2023-11-07,
AMD-000876,2023-11-07,WL-03908,LOA,Length Overall (LOA),33.9,31.8,HB-COUNTER-2,Foldview Marine Services haul-out sheet 2023-10-24,Y,day log 2023-11-07,
AMD-000877,2023-11-08,WL-01323,FLAG,Flag State,SAIL_MONO,FIBERGLASS,HB-COUNTER-2,registration,N,day log 2023-11-08,
AMD-000878,2023-11-08,WL-01329,NET_TONNAGE,Net Tonnage (NT),12.6,13.1,HB-COUNTER-2,MC-2023-0295,Y,day log 2023-11-08,
AMD-000879,2023-11-09,WL-01091,OWNER_ADDRESS,Owner Address,"8069 Martinez Stream, Portland, OR","910 Patricia Way, Port Angeles, WA",HB-COUNTER-2,driver's license,N,day log 2023-11-09,
AMD-000880,2023-11-11,WL-03437,YEAR_BUILT,Year Built,1980,1980,HB-COUNTER-2,insurance decl page,N,day log 2023-11-11,
AMD-000881,2023-11-11,WL-01763,PROPULSION_TYPE,Propulsion Type,STEEL,COMMERCIAL_FISH,HB-COUNTER-2,driver's license,N,day log 2023-11-11,
AMD-000882,2023-11-12,WL-01988,OWNER_NAME,Owner Name,POWER_INBOARD,ALUMINUM,HB-COUNTER-2,owner declaration at counter,N,day log 2023-11-12,
AMD-000883,2023-11-12,WL-01799,BUILD_LOCATION,Build Location / Yard,SPORTFISH,US,HB-COUNTER-2,insurance decl page,N,day log 2023-11-12,
AMD-000884,2023-11-13,WL-02331,VESSEL_NAME,Vessel Name,PINTAIL ROSE,DRIFT STAR,HB-COUNTER-2,insurance decl page,N,day log 2023-11-13,
AMD-000885,2023-11-14,WL-02113,HIN,Hull Identification Number,CHD89462Z294,CHD33935N348,HB-COUNTER-2,,N,day log 2023-11-14,
AMD-000886,2023-11-14,WL-02818,DRAFT,Draft (Depth),4.1,4.4,HB-COUNTER-2,MC-2023-0668,Y,day log 2023-11-14,
AMD-000887,2023-11-14,WL-02969,LOA,Length Overall (LOA),50.4,50.5,HB-COUNTER-2,MC-2023-0909,Y,day log 2023-11-14,
AMD-000888,2023-11-15,WL-02512,OFFICIAL_NUM,Official Number / Registration,626157,742101,HB-COUNTER-2,registration,N,day log 2023-11-15,
AMD-000889,2023-11-15,WL-01854,OWNER_ADDRESS,Owner Address,"5047 Jose Crossroad, Portland, OR","9081 Matthew Haven, Coos Bay, OR",HB-COUNTER-2,bill of sale,N,day log 2023-11-15,
AMD-000890,2023-11-16,WL-02279,LOA,Length Overall (LOA),50.0,47.1,HB-COUNTER-2,Foldview Marine Services haul-out sheet 2023-10-23,Y,day log 2023-11-16,
AMD-000891,2023-11-16,WL-01047,BEAM,Beam (Width),8.7,8.0,HB-COUNTER-2,MC-2023-0467,Y,day log 2023-11-16,
AMD-000892,2023-11-16,WL-03581,NET_TONNAGE,Net Tonnage (NT),31.3,30.3,HB-COUNTER-2,MC-2023-0887,Y,day log 2023-11-16,
AMD-000893,2023-11-16,WL-01874,LOA,Length Overall (LOA),47.3,45.3,HB-COUNTER-2,Foldview Marine Services haul-out sheet 2023-07-17,Y,day log 2023-11-16,
AMD-000894,2023-11-16,WL-01625,ENGINE_MAKE,Engine Make / Model,SAIL_MONO,STEEL,HB-COUNTER-2,registration,N,day log 2023-11-16,
AMD-000895,2023-11-17,WL-03243,NET_TONNAGE,Net Tonnage (NT),35.9,34.1,HB-COUNTER-2,MC-2023-0420,Y,day log 2023-11-17,
AMD-000896,2023-11-18,WL-01245,ENGINE_MAKE,Engine Make / Model,FIBERGLASS,POWER_STERNDRIVE,HB-COUNTER-2,driver's license,N,day log 2023-11-18,
AMD-000897,2023-11-18,WL-03674,BUILD_LOCATION,Build Location / Yard,HOUSEBOAT,CRUISER,HB-COUNTER-2,owner declaration at counter,N,day log 2023-11-18,
AMD-000898,2023-11-19,WL-02030,OFFICIAL_NUM,Official Number / Registration,232976,981284,HB-COUNTER-2,registration,N,day log 2023-11-19,
AMD-000899,2023-11-19,WL-02868,BEAM,Beam (Width),9.1,9.1,HB-COUNTER-2,MC-2023-0222,Y,day log 2023-11-19,
AMD-000900,2023-11-20,WL-01355,OWNER_NAME,Owner Name,POWER_INBOARD,CA,HB-COUNTER-2,owner declaration at counter,N,day log 2023-11-20,
AMD-000901,2023-11-20,WL-02132,ENGINE_HP,Engine Horsepower,210,330,HB-COUNTER-2,bill of sale,N,day log 2023-11-20,
AMD-000902,2023-11-21,WL-01209,PROPULSION_TYPE,Propulsion Type,COMMERCIAL_FISH,CRUISER,HB-COUNTER-2,registration,N,day log 2023-11-21,
AMD-000903,2023-11-21,WL-03020,NET_TONNAGE,Net Tonnage (NT),14.7,13.9,HB-COUNTER-2,MC-2023-0315,Y,day log 2023-11-21,
AMD-000904,2023-11-21,WL-03434,VESSEL_NAME,Vessel Name,PINTAIL LIGHT,MURRE GLIDE,HB-COUNTER-2,bill of sale,N,day log 2023-11-21,
AMD-000905,2023-11-21,WL-01623,OFFICIAL_NUM,Official Number / Registration,220719,230917,HB-COUNTER-2,driver's license,N,day log 2023-11-21,
AMD-000906,2023-11-22,WL-02622,OWNER_ADDRESS,Owner Address,"1941 Jones Lights, Longview, WA","6221 Nathan Terrace, Bellingham, WA",HB-COUNTER-2,registration,N,day log 2023-11-22,
AMD-000907,2023-11-24,WL-02946,HIN,Hull Identification Number,CHD88444J446,CHD24093J385,HB-COUNTER-2,registration,N,day log 2023-11-24,
AMD-000908,2023-11-24,WL-02312,GROSS_TONNAGE,Gross Tonnage (GT),8.0,7.1,HB-COUNTER-2,MC-2023-0128,Y,day log 2023-11-24,
AMD-000909,2023-11-24,WL-02336,FLAG,Flag State,ELECTRIC,ELECTRIC,HB-COUNTER-2,registration,N,day log 2023-11-24,
AMD-000910,2023-11-24,WL-03848,DRAFT,Draft (Depth),7.9,7.7,HB-COUNTER-2,Foldview Marine Services haul-out sheet 2022-12-18,Y,day log 2023-11-24,
AMD-000911,2023-11-24,WL-02256,DRAFT,Draft (Depth),6.7,7.2,HB-COUNTER-2,MC-2023-0681,Y,day log 2023-11-24,
AMD-000912,2023-11-24,WL-01898,NET_TONNAGE,Net Tonnage (NT),25.5,24.1,HB-COUNTER-2,Foldview Marine Services haul-out sheet 2022-12-26,Y,day log 2023-11-24,
AMD-000913,2023-11-25,WL-03638,LOA,Length Overall (LOA),44.9,47.4,HB-COUNTER-2,MC-2023-0800,Y,day log 2023-11-25,
AMD-000914,2023-11-25,WL-02672,BEAM,Beam (Width),14.0,13.1,HB-COUNTER-2,Foldview Marine Services haul-out sheet 2022-12-07,Y,day log 2023-11-25,
AMD-000915,2023-11-26,WL-03066,VESSEL_NAME,Vessel Name,HERON WAKE,OSPREY ANN,HB-COUNTER-2,owner declaration at counter,N,day log 2023-11-26,
AMD-000916,2023-11-26,WL-03233,NET_TONNAGE,Net Tonnage (NT),26.6,27.6,HB-COUNTER-2,Foldview Marine Services haul-out sheet 2023-10-08,Y,day log 2023-11-26,
AMD-000917,2023-11-26,WL-02675,GROSS_TONNAGE,Gross Tonnage (GT),29.8,28.9,HB-COUNTER-2,MC-2023-0679,Y,day log 2023-11-26,
AMD-000918,2023-11-27,WL-03155,HIN,Hull Identification Number,CHD44354Z627,CHD88466K336,HB-COUNTER-2,insurance decl page,N,day log 2023-11-27,
AMD-000919,2023-11-27,WL-02783,OWNER_NAME,Owner Name,COMMERCIAL_FISH,HOUSEBOAT,HB-COUNTER-2,registration,N,day log 2023-11-27,
AMD-000920,2023-11-27,WL-02583,BUILD_LOCATION,Build Location / Yard,POWER_STERNDRIVE,US,HB-COUNTER-2,insurance decl page,N,day log 2023-11-27,
AMD-000921,2023-11-28,WL-01913,BUILD_LOCATION,Build Location / Yard,SPORTFISH,STEEL,HB-COUNTER-2,driver's license,N,day log 2023-11-28,
AMD-000922,2023-11-28,WL-02394,GROSS_TONNAGE,Gross Tonnage (GT),8.8,10.6,HB-COUNTER-2,Foldview Marine Services haul-out sheet 2022-08-11,Y,day log 2023-11-28,
AMD-000923,2023-11-29,WL-01009,HIN,Hull Identification Number,CHD15425Y804,CHD55995D934,HB-COUNTER-2,,N,day log 2023-11-29,
AMD-000924,2023-12-02,WL-01035,PROPULSION_TYPE,Propulsion Type,SAIL_MONO,FIBERGLASS,HB-COUNTER-2,insurance decl page,N,day log 2023-12-02,
AMD-000925,2023-12-03,WL-02190,ENGINE_HP,Engine Horsepower,110,330,HB-COUNTER-2,bill of sale,N,day log 2023-12-03,
AMD-000926,2023-12-03,WL-02869,OWNER_NAME,Owner Name,SAIL_MULTI,COMMERCIAL_FISH,HB-COUNTER-2,registration,N,day log 2023-12-03,
AMD-000927,2023-12-04,WL-03150,GROSS_TONNAGE,Gross Tonnage (GT),26.0,26.1,HB-COUNTER-2,MC-2023-0631,Y,day log 2023-12-04,
AMD-000928,2023-12-05,WL-03697,OWNER_ADDRESS,Owner Address,"3685 Victoria Mountains, Newport, OR","7601 Kemp Expressway, Chaldale, WA",HB-COUNTER-2,registration,N,day log 2023-12-05,
AMD-000929,2023-12-05,WL-02255,DRAFT,Draft (Depth),5.4,5.2,HB-COUNTER-2,MC-2023-0503,Y,day log 2023-12-05,
AMD-000930,2023-12-05,WL-02495,LOA,Length Overall (LOA),48.8,47.6,HB-COUNTER-2,Foldview Marine Services haul-out sheet 2022-10-07,Y,day log 2023-12-05,
AMD-000931,2023-12-07,WL-02288,DRAFT,Draft (Depth),2.1,2.2,HB-COUNTER-2,MC-2023-0535,Y,day log 2023-12-07,
AMD-000932,2023-12-08,WL-02833,HIN,Hull Identification Number,CHD17440Y745,CHD97986V811,HB-COUNTER-2,owner declaration at counter,N,day log 2023-12-08,
AMD-000933,2023-12-08,WL-02312,BEAM,Beam (Width),14.8,14.3,HB-COUNTER-2,MC-2023-0952,Y,day log 2023-12-08,
AMD-000934,2023-12-08,WL-01965,VESSEL_NAME,Vessel Name,MURRE PASSAGE,CORMORANT QUEEN,HB-COUNTER-2,insurance decl page,N,day log 2023-12-08,
AMD-000935,2023-12-09,WL-01361,LOA,Length Overall (LOA),30.0,28.6,HB-COUNTER-2,MC-2023-0786,Y,day log 2023-12-09,
AMD-000936,2023-12-11,WL-01181,OFFICIAL_NUM,Official Number / Registration,488123,218521,HB-COUNTER-2,insurance decl page,N,day log 2023-12-11,
AMD-000937,2023-12-13,WL-01821,VESSEL_NAME,Vessel Name,SALISH PASSAGE,COHO SHORE,HB-COUNTER-2,bill of sale,N,day log 2023-12-13,
AMD-000938,2023-12-14,WL-03395,VESSEL_NAME,Vessel Name,COHO QUEEN,OSPREY STAR,HB-COUNTER-2,,N,day log 2023-12-14,
AMD-000939,2023-12-14,WL-01170,ENGINE_MAKE,Engine Make / Model,STEEL,POWER_OUTBOARD,HB-COUNTER-2,owner declaration at counter,N,day log 2023-12-14,
AMD-000940,2023-12-14,WL-03377,HIN,Hull Identification Number,CHD23931G798,CHD29247N321,HB-COUNTER-2,driver's license,N,day log 2023-12-14,
AMD-000941,2023-12-15,WL-03477,ENGINE_HP,Engine Horsepower,85,210,HB-COUNTER-2,registration,N,day log 2023-12-15,
AMD-000942,2023-12-15,WL-01351,VESSEL_NAME,Vessel Name,PINTAIL SOUND,KESTREL PASSAGE,HB-COUNTER-2,driver's license,N,day log 2023-12-15,
AMD-000943,2023-12-16,WL-02103,HULL_MATERIAL,Hull Material,US,POWER_INBOARD,HB-COUNTER-2,bill of sale,N,day log 2023-12-16,
AMD-000944,2023-12-16,WL-01929,GROSS_TONNAGE,Gross Tonnage (GT),10.2,10.9,HB-COUNTER-2,Foldview Marine Services haul-out sheet 2022-09-02,Y,day log 2023-12-16,
AMD-000945,2023-12-17,WL-02204,ENGINE_MAKE,Engine Make / Model,FIBERGLASS,FOAM_CORE,HB-COUNTER-2,bill of sale,N,day log 2023-12-17,
AMD-000946,2023-12-17,WL-01862,DRAFT,Draft (Depth),2.1,1.8,HB-COUNTER-2,MC-2023-0114,Y,day log 2023-12-17,
AMD-000947,2023-12-17,WL-01854,OWNER_ADDRESS,Owner Address,"4362 Eric Branch, Olympia, WA","4072 Brianna Street, Longview, WA",HB-COUNTER-2,insurance decl page,N,day log 2023-12-17,
AMD-000948,2023-12-17,WL-01007,ENGINE_HP,Engine Horsepower,110,250,HB-COUNTER-2,,N,day log 2023-12-17,
AMD-000949,2023-12-20,WL-02686,BUILD_LOCATION,Build Location / Yard,ALUMINUM,SAIL_MULTI,HB-COUNTER-2,owner declaration at counter,N,day log 2023-12-20,
AMD-000950,2023-12-22,WL-02748,HIN,Hull Identification Number,CHD60778W817,CHD89386S927,HB-COUNTER-2,,N,day log 2023-12-22,
AMD-000951,2023-12-23,WL-01101,DRAFT,Draft (Depth),2.3,2.2,HB-COUNTER-2,Foldview Marine Services haul-out sheet 2023-12-03,Y,day log 2023-12-23,
AMD-000952,2023-12-23,WL-02405,HULL_MATERIAL,Hull Material,SAIL_MONO,HOUSEBOAT,HB-COUNTER-2,bill of sale,N,day log 2023-12-23,
AMD-000953,2023-12-24,WL-03380,DRAFT,Draft (Depth),6.9,7.2,HB-COUNTER-2,Foldview Marine Services haul-out sheet 2022-11-24,Y,day log 2023-12-24,
AMD-000954,2023-12-24,WL-03056,HIN,Hull Identification Number,CHD94244M571,CHD19979S708,HB-COUNTER-2,registration,N,day log 2023-12-24,
AMD-000955,2023-12-25,WL-02599,BUILD_LOCATION,Build Location / Yard,CRUISER,SPORTFISH,HB-COUNTER-2,driver's license,N,day log 2023-12-25,
AMD-000956,2023-12-25,WL-01640,HULL_MATERIAL,Hull Material,COMMERCIAL_FISH,HOUSEBOAT,HB-COUNTER-2,driver's license,N,day log 2023-12-25,
AMD-000957,2023-12-26,WL-02735,HIN,Hull Identification Number,CHD75099T308,CHD57937W900,HB-COUNTER-2,bill of sale,N,day log 2023-12-26,
AMD-000958,2023-12-27,WL-01569,GROSS_TONNAGE,Gross Tonnage (GT),32.0,30.4,HB-COUNTER-2,MC-2023-0428,Y,day log 2023-12-27,
AMD-000959,2023-12-28,WL-02259,OFFICIAL_NUM,Official Number / Registration,461560,529871,HB-COUNTER-2,bill of sale,N,day log 2023-12-28,
AMD-000960,2023-12-30,WL-01359,YEAR_BUILT,Year Built,1969,1969,HB-COUNTER-2,,N,day log 2023-12-30,
AMD-000961,2023-12-30,WL-03127,ENGINE_HP,Engine Horsepower,210,375,HB-COUNTER-2,driver's license,N,day log 2023-12-30,
AMD-000962,2023-12-30,WL-01334,GROSS_TONNAGE,Gross Tonnage (GT),25.7,24.3,HB-COUNTER-2,Foldview Marine Services haul-out sheet 2023-08-04,Y,day log 2023-12-30,
AMD-000963,2023-12-30,WL-02752,VESSEL_NAME,Vessel Name,BRANT VEER,KESTREL SONG,HB-COUNTER-2,registration,N,day log 2023-12-30,
AMD-000964,2023-12-31,WL-01427,OWNER_ADDRESS,Owner Address,"7473 John Mission, Seattle, WA","3024 Duane Squares, Everett, WA",HB-COUNTER-2,bill of sale,N,day log 2023-12-31,
AMD-000965,2023-12-31,WL-02100,ENGINE_MAKE,Engine Make / Model,FIBERGLASS,STEEL,HB-COUNTER-2,insurance decl page,N,day log 2023-12-31,
AMD-000966,2023-12-31,WL-02221,GROSS_TONNAGE,Gross Tonnage (GT),33.8,34.8,HB-COUNTER-2,MC-2023-0721,Y,day log 2023-12-31,
AMD-000967,2023-12-31,WL-01675,LOA,Length Overall (LOA),31.4,34.0,HB-COUNTER-2,Foldview Marine Services haul-out sheet 2023-09-16,Y,day log 2023-12-31,
AMD-000968,2024-01-01,WL-02119,YEAR_BUILT,Year Built,2017,2017,HB-COUNTER-2,owner declaration at counter,N,day log 2024-01-01,
AMD-000969,2024-01-01,WL-01598,ENGINE_HP,Engine Horsepower,210,85,HB-COUNTER-2,registration,N,day log 2024-01-01,
AMD-000970,2024-01-02,WL-02080,YEAR_BUILT,Year Built,1975,1975,HB-COUNTER-2,,N,day log 2024-01-02,
AMD-000971,2024-01-03,WL-01323,LOA,Length Overall (LOA),41.1,38.9,HB-COUNTER-2,Foldview Marine Services haul-out sheet 2022-09-04,Y,day log 2024-01-03,
AMD-000972,2024-01-04,WL-03857,ENGINE_HP,Engine Horsepower,330,150,HB-COUNTER-2,owner declaration at counter,N,day log 2024-01-04,
AMD-000973,2024-01-05,WL-01580,FLAG,Flag State,POWER_INBOARD,CRUISER,HB-COUNTER-2,bill of sale,N,day log 2024-01-05,
AMD-000974,2024-01-05,WL-03323,VESSEL_NAME,Vessel Name,DRIFT SHORE,HERON MIST,HB-COUNTER-2,owner declaration at counter,N,day log 2024-01-05,
AMD-000975,2024-01-05,WL-02481,BUILD_LOCATION,Build Location / Yard,POWER_INBOARD,POWER_STERNDRIVE,HB-COUNTER-2,registration,N,day log 2024-01-05,
AMD-000976,2024-01-06,WL-02892,FLAG,Flag State,SPORTFISH,CA,HB-COUNTER-2,,N,day log 2024-01-06,
AMD-000977,2024-01-07,WL-01619,LOA,Length Overall (LOA),35.4,34.3,HB-COUNTER-2,MC-2024-0516,Y,day log 2024-01-07,
AMD-000978,2024-01-08,WL-01570,OWNER_NAME,Owner Name,US,WOOD,HB-COUNTER-2,driver's license,N,day log 2024-01-08,
AMD-000979,2024-01-09,WL-02586,BUILD_LOCATION,Build Location / Yard,FIBERGLASS,FIBERGLASS,HB-COUNTER-2,insurance decl page,N,day log 2024-01-09,
AMD-000980,2024-01-09,WL-01798,DRAFT,Draft (Depth),2.8,3.0,HB-COUNTER-2,,Y,day log 2024-01-09,
AMD-000981,2024-01-10,WL-01858,PROPULSION_TYPE,Propulsion Type,SAIL_MULTI,ALUMINUM,HB-COUNTER-2,registration,N,day log 2024-01-10,
AMD-000982,2024-01-11,WL-01621,LOA,Length Overall (LOA),45.3,47.0,HB-COUNTER-2,MC-2024-0232,Y,day log 2024-01-11,
AMD-000983,2024-01-11,WL-02823,GROSS_TONNAGE,Gross Tonnage (GT),4.9,4.9,HB-COUNTER-2,Foldview Marine Services haul-out sheet 2023-10-19,Y,day log 2024-01-11,
AMD-000984,2024-01-11,WL-01685,PROPULSION_TYPE,Propulsion Type,FIBERGLASS,POWER_INBOARD,HB-COUNTER-2,owner declaration at counter,N,day log 2024-01-11,
AMD-000985,2024-01-13,WL-01771,ENGINE_MAKE,Engine Make / Model,POWER_OUTBOARD,POWER_INBOARD,HB-COUNTER-2,bill of sale,N,day log 2024-01-13,
AMD-000986,2024-01-13,WL-01228,OWNER_NAME,Owner Name,US,SAIL_MULTI,HB-COUNTER-2,registration,N,day log 2024-01-13,
AMD-000987,2024-01-13,WL-03778,OWNER_ADDRESS,Owner Address,"161 Bowman View, Olympia, WA","118 Jeffrey Squares, Longview, WA",HB-COUNTER-2,driver's license,N,day log 2024-01-13,
AMD-000988,2024-01-14,WL-01140,OWNER_NAME,Owner Name,SAIL_MULTI,POWER_OUTBOARD,HB-COUNTER-2,bill of sale,N,day log 2024-01-14,
AMD-000989,2024-01-14,WL-01206,BEAM,Beam (Width),8.6,8.5,HB-COUNTER-2,Foldview Marine Services haul-out sheet 2023-12-10,Y,day log 2024-01-14,
AMD-000990,2024-01-15,WL-02339,ENGINE_MAKE,Engine Make / Model,SAIL_MONO,SAIL_MULTI,HB-COUNTER-2,bill of sale,N,day log 2024-01-15,
AMD-000991,2024-01-16,WL-01603,ENGINE_MAKE,Engine Make / Model,SAIL_MONO,FOAM_CORE,HB-COUNTER-2,,N,day log 2024-01-16,
AMD-000992,2024-01-16,WL-01294,BEAM,Beam (Width),8.1,7.9,HB-COUNTER-2,MC-2024-0579,Y,day log 2024-01-16,
AMD-000993,2024-01-17,WL-03297,ENGINE_HP,Engine Horsepower,210,85,HB-COUNTER-2,,N,day log 2024-01-17,
AMD-000994,2024-01-17,WL-02683,FLAG,Flag State,ALUMINUM,US,HB-COUNTER-2,insurance decl page,N,day log 2024-01-17,
AMD-000995,2024-01-19,WL-03109,YEAR_BUILT,Year Built,1987,1987,HB-COUNTER-2,driver's license,N,day log 2024-01-19,
AMD-000996,2024-01-20,WL-01012,OFFICIAL_NUM,Official Number / Registration,149427,793038,HB-COUNTER-2,bill of sale,N,day log 2024-01-20,
AMD-000997,2024-01-22,WL-03045,DRAFT,Draft (Depth),3.2,2.8,HB-COUNTER-2,Foldview Marine Services haul-out sheet 2023-06-21,Y,day log 2024-01-22,
AMD-000998,2024-01-22,WL-02529,OWNER_NAME,Owner Name,POWER_OUTBOARD,HOUSEBOAT,HB-COUNTER-2,insurance decl page,N,day log 2024-01-22,
AMD-000999,2024-01-23,WL-01937,LOA,Length Overall (LOA),21.2,18.8,HB-COUNTER-2,MC-2024-0198,Y,day log 2024-01-23,
AMD-001000,2024-01-24,WL-02215,ENGINE_MAKE,Engine Make / Model,CA,SAIL_MONO,HB-COUNTER-2,insurance decl page,N,day log 2024-01-24,
AMD-001001,2024-01-27,WL-01940,VESSEL_NAME,Vessel Name,DRIFT QUEEN,MURRE BAY,HB-COUNTER-2,insurance decl page,N,day log 2024-01-27,
AMD-001002,2024-01-27,WL-01210,GROSS_TONNAGE,Gross Tonnage (GT),26.7,27.0,HB-COUNTER-2,MC-2024-0702,Y,day log 2024-01-27,
AMD-001003,2024-01-28,WL-02988,OWNER_ADDRESS,Owner Address,"3897 Miller Shoal, Portland, OR","1471 Crawford Port, Portland, OR",HB-COUNTER-2,bill of sale,N,day log 2024-01-28,
AMD-001004,2024-01-28,WL-03801,ENGINE_MAKE,Engine Make / Model,STEEL,POWER_INBOARD,HB-COUNTER-2,insurance decl page,N,day log 2024-01-28,
AMD-001005,2024-01-29,WL-03409,YEAR_BUILT,Year Built,2004,2004,HB-COUNTER-2,registration,N,day log 2024-01-29,
AMD-001006,2024-01-31,WL-02699,YEAR_BUILT,Year Built,1979,1979,HB-COUNTER-2,driver's license,N,day log 2024-01-31,
AMD-001007,2024-01-31,WL-03044,HULL_MATERIAL,Hull Material,SAIL_MONO,POWER_OUTBOARD,HB-COUNTER-2,,N,day log 2024-01-31,
AMD-001008,2024-02-02,WL-02136,BEAM,Beam (Width),9.1,9.2,HB-COUNTER-2,MC-2024-0895,Y,day log 2024-02-02,
AMD-001009,2024-02-03,WL-01788,HULL_MATERIAL,Hull Material,FIBERGLASS,FOAM_CORE,HB-COUNTER-2,bill of sale,N,day log 2024-02-03,
AMD-001010,2024-02-03,WL-02212,HULL_MATERIAL,Hull Material,CRUISER,WOOD,HB-COUNTER-2,registration,N,day log 2024-02-03,
AMD-001011,2024-02-03,WL-03594,FLAG,Flag State,POWER_INBOARD,CRUISER,HB-COUNTER-2,,N,day log 2024-02-03,
AMD-001012,2024-02-03,WL-01358,GROSS_TONNAGE,Gross Tonnage (GT),28.3,27.5,HB-COUNTER-2,MC-2024-0118,Y,day log 2024-02-03,
AMD-001013,2024-02-05,WL-03336,VESSEL_TYPE,Vessel Type,HOUSEBOAT,SAIL_MONO,HB-COUNTER-2,insurance decl page,N,day log 2024-02-05,
AMD-001014,2024-02-06,WL-02499,OWNER_ADDRESS,Owner Address,"6699 Butler Station, Everett, WA","6740 Kevin Street, Astoria, OR",HB-COUNTER-2,registration,N,day log 2024-02-06,
AMD-001015,2024-02-07,WL-01923,HIN,Hull Identification Number,CHD21049Q431,CHD23976F437,HB-COUNTER-2,,N,day log 2024-02-07,
AMD-001016,2024-02-07,WL-01018,LOA,Length Overall (LOA),30.3,30.0,HB-COUNTER-2,Foldview Marine Services haul-out sheet 2022-10-24,Y,day log 2024-02-07,
AMD-001017,2024-02-08,WL-01201,ENGINE_HP,Engine Horsepower,150,375,HB-COUNTER-2,registration,N,day log 2024-02-08,
AMD-001018,2024-02-10,WL-03385,NET_TONNAGE,Net Tonnage (NT),34.1,33.3,HB-COUNTER-2,Foldview Marine Services haul-out sheet 2023-02-12,Y,day log 2024-02-10,
AMD-001019,2024-02-10,WL-02612,ENGINE_HP,Engine Horsepower,375,85,HB-COUNTER-2,bill of sale,N,day log 2024-02-10,
AMD-001020,2024-02-11,WL-03655,ENGINE_MAKE,Engine Make / Model,US,FIBERGLASS,HB-COUNTER-2,owner declaration at counter,N,day log 2024-02-11,
AMD-001021,2024-02-11,WL-02623,BUILD_LOCATION,Build Location / Yard,FIBERGLASS,FOAM_CORE,HB-COUNTER-2,driver's license,N,day log 2024-02-11,
AMD-001022,2024-02-14,WL-01933,VESSEL_TYPE,Vessel Type,COMMERCIAL_FISH,HOUSEBOAT,HB-COUNTER-2,bill of sale,N,day log 2024-02-14,
AMD-001023,2024-02-14,WL-03619,ENGINE_HP,Engine Horsepower,210,85,HB-COUNTER-2,owner declaration at counter,N,day log 2024-02-14,
AMD-001024,2024-02-15,WL-02799,HULL_MATERIAL,Hull Material,FIBERGLASS,FIBERGLASS,HB-COUNTER-2,registration,N,day log 2024-02-15,
AMD-001025,2024-02-15,WL-02912,VESSEL_NAME,Vessel Name,POINT WAKE,DRIFT WEATHER,HB-COUNTER-2,owner declaration at counter,N,day log 2024-02-15,
AMD-001026,2024-02-17,WL-01046,HULL_MATERIAL,Hull Material,SAIL_MULTI,FIBERGLASS,HB-COUNTER-2,registration,N,day log 2024-02-17,
AMD-001027,2024-02-18,WL-01929,LOA,Length Overall (LOA),49.1,50.4,HB-COUNTER-2,Foldview Marine Services haul-out sheet 2023-01-26,Y,day log 2024-02-18,
AMD-001028,2024-02-19,WL-03140,HIN,Hull Identification Number,CHD98899B683,CHD97059J550,HB-COUNTER-2,driver's license,N,day log 2024-02-19,
AMD-001029,2024-02-20,WL-02176,BUILD_LOCATION,Build Location / Yard,FOAM_CORE,WOOD,HB-COUNTER-2,,N,day log 2024-02-20,
AMD-001030,2024-02-20,WL-03435,BEAM,Beam (Width),14.2,13.7,HB-COUNTER-2,MC-2024-0122,Y,day log 2024-02-20,
AMD-001031,2024-02-20,WL-02205,DRAFT,Draft (Depth),2.0,1.8,HB-COUNTER-2,Foldview Marine Services haul-out sheet 2023-01-18,Y,day log 2024-02-20,
AMD-001032,2024-02-21,WL-02161,HIN,Hull Identification Number,CHD27318B888,CHD33299K911,HB-COUNTER-2,insurance decl page,N,day log 2024-02-21,
AMD-001033,2024-02-21,WL-02541,VESSEL_NAME,Vessel Name,PETREL LINE,SANDERLING GLIDE,HB-COUNTER-2,bill of sale,N,day log 2024-02-21,
AMD-001034,2024-02-21,WL-01475,VESSEL_NAME,Vessel Name,GRAY BAY,SCOTER SOUND,HB-COUNTER-2,,N,day log 2024-02-21,
AMD-001035,2024-02-23,WL-01420,ENGINE_HP,Engine Horsepower,375,250,HB-COUNTER-2,,N,day log 2024-02-23,
AMD-001036,2024-02-23,WL-03513,ENGINE_HP,Engine Horsepower,375,85,HB-COUNTER-2,insurance decl page,N,day log 2024-02-23,
AMD-001037,2024-02-23,WL-02870,BEAM,Beam (Width),11.4,11.1,HB-COUNTER-2,Foldview Marine Services haul-out sheet 2023-09-16,Y,day log 2024-02-23,
AMD-001038,2024-02-23,WL-02541,OWNER_NAME,Owner Name,POWER_OUTBOARD,HOUSEBOAT,HB-COUNTER-2,driver's license,N,day log 2024-02-23,
AMD-001039,2024-02-24,WL-03600,ENGINE_HP,Engine Horsepower,375,110,HB-COUNTER-2,,N,day log 2024-02-24,
AMD-001040,2024-02-26,WL-01756,VESSEL_NAME,Vessel Name,OTTER VEER,GRAY SOUND,HB-COUNTER-2,registration,N,day log 2024-02-26,
AMD-001041,2024-02-27,WL-02243,VESSEL_NAME,Vessel Name,ANCHOR GLIDE,COHO SOUND,HB-COUNTER-2,driver's license,N,day log 2024-02-27,
AMD-001042,2024-02-28,WL-02364,NET_TONNAGE,Net Tonnage (NT),6.0,7.7,HB-COUNTER-2,MC-2024-0786,Y,day log 2024-02-28,
AMD-001043,2024-02-29,WL-01083,BEAM,Beam (Width),11.8,11.3,HB-COUNTER-2,MC-2024-0282,Y,day log 2024-02-29,
AMD-001044,2024-03-01,WL-02243,VESSEL_TYPE,Vessel Type,HOUSEBOAT,POWER_OUTBOARD,HB-COUNTER-2,registration,N,day log 2024-03-01,
AMD-001045,2024-03-04,WL-02524,YEAR_BUILT,Year Built,2003,2003,HB-COUNTER-2,,N,day log 2024-03-04,
AMD-001046,2024-03-04,WL-01359,YEAR_BUILT,Year Built,2006,2006,HB-COUNTER-2,bill of sale,N,day log 2024-03-04,
AMD-001047,2024-03-04,WL-02564,NET_TONNAGE,Net Tonnage (NT),18.1,19.7,HB-COUNTER-2,MC-2024-0445,Y,day log 2024-03-04,
AMD-001048,2024-03-04,WL-01043,OWNER_ADDRESS,Owner Address,"6870 Porter Rest, Longview, WA","4717 Michelle Stream, Astoria, OR",HB-COUNTER-2,insurance decl page,N,day log 2024-03-04,
AMD-001049,2024-03-05,WL-01820,ENGINE_MAKE,Engine Make / Model,SAIL_MONO,SAIL_MONO,HB-COUNTER-2,registration,N,day log 2024-03-05,
AMD-001050,2024-03-05,WL-01817,GROSS_TONNAGE,Gross Tonnage (GT),19.7,19.2,HB-COUNTER-2,MC-2024-0604,Y,day log 2024-03-05,
AMD-001051,2024-03-05,WL-02630,OWNER_ADDRESS,Owner Address,"1782 Callahan Burgs, Bremerton, WA","4465 Kendra Wells, Coos Bay, OR",HB-COUNTER-2,,N,day log 2024-03-05,
AMD-001052,2024-03-06,WL-02834,GROSS_TONNAGE,Gross Tonnage (GT),18.7,18.3,HB-COUNTER-2,Foldview Marine Services haul-out sheet 2022-10-01,Y,day log 2024-03-06,
AMD-001053,2024-03-06,WL-02124,DRAFT,Draft (Depth),7.8,8.1,HB-COUNTER-2,Foldview Marine Services haul-out sheet 2023-10-22,Y,day log 2024-03-06,
AMD-001054,2024-03-07,WL-02011,PROPULSION_TYPE,Propulsion Type,COMMERCIAL_FISH,FIBERGLASS,HB-COUNTER-2,,N,day log 2024-03-07,
AMD-001055,2024-03-07,WL-03340,PROPULSION_TYPE,Propulsion Type,FIBERGLASS,POWER_INBOARD,HB-COUNTER-2,insurance decl page,N,day log 2024-03-07,
AMD-001056,2024-03-08,WL-02251,GROSS_TONNAGE,Gross Tonnage (GT),36.3,36.4,HB-COUNTER-2,Foldview Marine Services haul-out sheet 2023-05-13,Y,day log 2024-03-08,
AMD-001057,2024-03-08,WL-01310,GROSS_TONNAGE,Gross Tonnage (GT),10.8,9.2,HB-COUNTER-2,MC-2024-0252,Y,day log 2024-03-08,
AMD-001058,2024-03-08,WL-02692,PROPULSION_TYPE,Propulsion Type,CA,CRUISER,HB-COUNTER-2,owner declaration at counter,N,day log 2024-03-08,
AMD-001059,2024-03-09,WL-03272,LOA,Length Overall (LOA),48.8,48.7,HB-COUNTER-2,Foldview Marine Services haul-out sheet 2023-11-17,Y,day log 2024-03-09,
AMD-001060,2024-03-09,WL-03777,HULL_MATERIAL,Hull Material,FIBERGLASS,CRUISER,HB-COUNTER-2,bill of sale,N,day log 2024-03-09,
AMD-001061,2024-03-10,WL-02467,BUILD_LOCATION,Build Location / Yard,WOOD,POWER_INBOARD,HB-COUNTER-2,bill of sale,N,day log 2024-03-10,
AMD-001062,2024-03-12,WL-02832,OWNER_NAME,Owner Name,WOOD,FIBERGLASS,HB-COUNTER-2,driver's license,N,day log 2024-03-12,
AMD-001063,2024-03-12,WL-01088,NET_TONNAGE,Net Tonnage (NT),5.6,4.7,HB-COUNTER-2,MC-2024-0644,Y,day log 2024-03-12,
AMD-001064,2024-03-13,WL-03874,OWNER_NAME,Owner Name,ELECTRIC,POWER_INBOARD,HB-COUNTER-2,,N,day log 2024-03-13,
AMD-001065,2024-03-13,WL-01866,GROSS_TONNAGE,Gross Tonnage (GT),9.7,8.3,HB-COUNTER-2,MC-2024-0730,Y,day log 2024-03-13,
AMD-001066,2024-03-14,WL-02874,BUILD_LOCATION,Build Location / Yard,STEEL,ALUMINUM,HB-COUNTER-2,driver's license,N,day log 2024-03-14,
AMD-001067,2024-03-14,WL-03105,BEAM,Beam (Width),14.4,15.1,HB-COUNTER-2,Foldview Marine Services haul-out sheet 2023-08-28,Y,day log 2024-03-14,
AMD-001068,2024-03-15,WL-01349,OFFICIAL_NUM,Official Number / Registration,232747,575140,HB-COUNTER-2,driver's license,N,day log 2024-03-15,
AMD-001069,2024-03-16,WL-03342,BEAM,Beam (Width),13.7,13.4,HB-COUNTER-2,MC-2024-0291,Y,day log 2024-03-16,
AMD-001070,2024-03-16,WL-03601,GROSS_TONNAGE,Gross Tonnage (GT),25.9,27.2,HB-COUNTER-2,Foldview Marine Services haul-out sheet 2022-12-01,Y,day log 2024-03-16,
AMD-001071,2024-03-17,WL-02262,BEAM,Beam (Width),14.0,13.3,HB-COUNTER-2,Foldview Marine Services haul-out sheet 2023-12-21,Y,day log 2024-03-17,
AMD-001072,2024-03-17,WL-02054,YEAR_BUILT,Year Built,1988,1988,HB-COUNTER-2,registration,N,day log 2024-03-17,
AMD-001073,2024-03-17,WL-03115,HULL_MATERIAL,Hull Material,COMMERCIAL_FISH,FIBERGLASS,HB-COUNTER-2,driver's license,N,day log 2024-03-17,
AMD-001074,2024-03-18,WL-03580,OWNER_NAME,Owner Name,HOUSEBOAT,CRUISER,HB-COUNTER-2,registration,N,day log 2024-03-18,
AMD-001075,2024-03-18,WL-02409,HULL_MATERIAL,Hull Material,FOAM_CORE,POWER_INBOARD,HB-COUNTER-2,bill of sale,N,day log 2024-03-18,
AMD-001076,2024-03-19,WL-03521,OWNER_NAME,Owner Name,CA,POWER_STERNDRIVE,HB-COUNTER-2,insurance decl page,N,day log 2024-03-19,
AMD-001077,2024-03-21,WL-03287,OWNER_ADDRESS,Owner Address,"3118 Jacob Burgs, Newport, OR","6933 Courtney Garden, Longview, WA",HB-COUNTER-2,insurance decl page,N,day log 2024-03-21,
AMD-001078,2024-03-22,WL-01903,BUILD_LOCATION,Build Location / Yard,SPORTFISH,POWER_INBOARD,HB-COUNTER-2,,N,day log 2024-03-22,
AMD-001079,2024-03-23,WL-03126,OWNER_ADDRESS,Owner Address,"1017 Mcpherson Creek, Tacoma, WA","2858 Martinez Pine, Bremerton, WA",HB-COUNTER-2,owner declaration at counter,N,day log 2024-03-23,
AMD-001080,2024-03-23,WL-01529,BEAM,Beam (Width),12.3,11.6,HB-COUNTER-2,MC-2024-0876,Y,day log 2024-03-23,
AMD-001081,2024-03-23,WL-03531,VESSEL_TYPE,Vessel Type,WOOD,POWER_OUTBOARD,HB-COUNTER-2,driver's license,N,day log 2024-03-23,
AMD-001082,2024-03-23,WL-02680,HULL_MATERIAL,Hull Material,POWER_INBOARD,STEEL,HB-COUNTER-2,registration,N,day log 2024-03-23,
AMD-001083,2024-03-23,WL-02885,OWNER_NAME,Owner Name,SPORTFISH,SAIL_MONO,HB-COUNTER-2,registration,N,day log 2024-03-23,
AMD-001084,2024-03-23,WL-03470,HIN,Hull Identification Number,CHD94042A747,CHD24983Y480,HB-COUNTER-2,driver's license,N,day log 2024-03-23,
AMD-001085,2024-03-25,WL-03115,VESSEL_NAME,Vessel Name,SCOTER CREST,SABLE WAKE,HB-COUNTER-2,bill of sale,N,day log 2024-03-25,
AMD-001086,2024-03-26,WL-01823,ENGINE_MAKE,Engine Make / Model,POWER_INBOARD,POWER_INBOARD,HB-COUNTER-2,owner declaration at counter,N,day log 2024-03-26,
AMD-001087,2024-03-26,WL-01622,ENGINE_HP,Engine Horsepower,250,110,HB-COUNTER-2,,N,day log 2024-03-26,
AMD-001088,2024-03-26,WL-03216,BEAM,Beam (Width),12.2,12.4,HB-COUNTER-2,MC-2024-0466,Y,day log 2024-03-26,
AMD-001089,2024-03-27,WL-03238,NET_TONNAGE,Net Tonnage (NT),12.4,13.6,HB-COUNTER-2,MC-2024-0283,Y,day log 2024-03-27,
AMD-001090,2024-03-27,WL-01227,HIN,Hull Identification Number,CHD83965L613,CHD94978I881,HB-COUNTER-2,insurance decl page,N,day log 2024-03-27,
AMD-001091,2024-03-28,WL-02524,ENGINE_MAKE,Engine Make / Model,US,FIBERGLASS,HB-COUNTER-2,bill of sale,N,day log 2024-03-28,
AMD-001092,2024-03-30,WL-01999,LOA,Length Overall (LOA),22.8,19.9,HB-COUNTER-2,,Y,day log 2024-03-30,
AMD-001093,2024-04-01,WL-01027,LOA,Length Overall (LOA),22.4,23.0,HB-COUNTER-2,Foldview Marine Services haul-out sheet 2022-10-23,Y,day log 2024-04-01,
AMD-001094,2024-04-02,WL-01198,BUILD_LOCATION,Build Location / Yard,US,TRAWLER,HB-COUNTER-2,insurance decl page,N,day log 2024-04-02,
AMD-001095,2024-04-02,WL-03640,YEAR_BUILT,Year Built,1973,1973,HB-COUNTER-2,driver's license,N,day log 2024-04-02,
AMD-001096,2024-04-04,WL-03356,ENGINE_MAKE,Engine Make / Model,CA,CRUISER,HB-COUNTER-2,owner declaration at counter,N,day log 2024-04-04,
AMD-001097,2024-04-04,WL-01665,OWNER_ADDRESS,Owner Address,"3069 Fletcher River, Olympia, WA","4964 Martin Gardens, Tacoma, WA",HB-COUNTER-2,driver's license,N,day log 2024-04-04,
AMD-001098,2024-04-04,WL-03516,HIN,Hull Identification Number,CHD94341G436,CHD97123M182,HB-COUNTER-2,driver's license,N,day log 2024-04-04,
AMD-001099,2024-04-04,WL-02276,OWNER_NAME,Owner Name,ALUMINUM,SAIL_MONO,HB-COUNTER-2,registration,N,day log 2024-04-04,
AMD-001100,2024-04-08,WL-01726,FLAG,Flag State,HOUSEBOAT,POWER_STERNDRIVE,HB-COUNTER-2,driver's license,N,day log 2024-04-08,
AMD-001101,2024-04-08,WL-01020,HIN,Hull Identification Number,CHD32788K459,CHD70791J783,HB-COUNTER-2,owner declaration at counter,N,day log 2024-04-08,
AMD-001102,2024-04-08,WL-02325,VESSEL_NAME,Vessel Name,FOUL GLIDE,SPINDRIFT WAKE,HB-COUNTER-2,,N,day log 2024-04-08,
AMD-001103,2024-04-08,WL-03253,ENGINE_MAKE,Engine Make / Model,ALUMINUM,COMMERCIAL_FISH,HB-COUNTER-2,registration,N,day log 2024-04-08,
AMD-001104,2024-04-09,WL-03546,VESSEL_NAME,Vessel Name,ANCHOR WEATHER,OTTER LIGHT,HB-COUNTER-2,owner declaration at counter,N,day log 2024-04-09,
AMD-001105,2024-04-11,WL-02950,LOA,Length Overall (LOA),32.2,29.9,HB-COUNTER-2,MC-2024-0771,Y,day log 2024-04-11,
AMD-001106,2024-04-12,WL-03573,VESSEL_NAME,Vessel Name,TIDE STAR,SABLE MOON,HB-COUNTER-2,insurance decl page,N,day log 2024-04-12,
AMD-001107,2024-04-12,WL-01692,VESSEL_TYPE,Vessel Type,US,POWER_STERNDRIVE,HB-COUNTER-2,registration,N,day log 2024-04-12,
AMD-001108,2024-04-12,WL-01144,OFFICIAL_NUM,Official Number / Registration,994233,340417,HB-COUNTER-2,insurance decl page,N,day log 2024-04-12,
AMD-001109,2024-04-13,WL-02167,LOA,Length Overall (LOA),34.8,34.9,HB-COUNTER-2,MC-2024-0712,Y,day log 2024-04-13,
AMD-001110,2024-04-13,WL-01656,NET_TONNAGE,Net Tonnage (NT),23.6,22.7,HB-COUNTER-2,MC-2024-0614,Y,day log 2024-04-13,
AMD-001111,2024-04-13,WL-03147,VESSEL_NAME,Vessel Name,MURRE GLIDE,POINT ANN,HB-COUNTER-2,owner declaration at counter,N,day log 2024-04-13,
AMD-001112,2024-04-14,WL-02378,OWNER_NAME,Owner Name,ELECTRIC,POWER_STERNDRIVE,HB-COUNTER-2,insurance decl page,N,day log 2024-04-14,
AMD-001113,2024-04-14,WL-01856,VESSEL_TYPE,Vessel Type,FIBERGLASS,CRUISER,HB-COUNTER-2,insurance decl page,N,day log 2024-04-14,
AMD-001114,2024-04-15,WL-01811,FLAG,Flag State,SAIL_MULTI,SAIL_MONO,HB-COUNTER-2,insurance decl page,N,day log 2024-04-15,
AMD-001115,2024-04-15,WL-03017,VESSEL_NAME,Vessel Name,SALISH ANN,SCOTER LINE,HB-COUNTER-2,registration,N,day log 2024-04-15,
AMD-001116,2024-04-16,WL-01808,NET_TONNAGE,Net Tonnage (NT),27.8,27.7,HB-COUNTER-2,Foldview Marine Services haul-out sheet 2024-01-20,Y,day log 2024-04-16,
AMD-001117,2024-04-17,WL-02128,LOA,Length Overall (LOA),27.4,26.4,HB-COUNTER-2,MC-2024-0136,Y,day log 2024-04-17,
AMD-001118,2024-04-18,WL-01143,VESSEL_TYPE,Vessel Type,US,US,HB-COUNTER-2,registration,N,day log 2024-04-18,
AMD-001119,2024-04-20,WL-03595,PROPULSION_TYPE,Propulsion Type,US,SAIL_MULTI,HB-COUNTER-2,driver's license,N,day log 2024-04-20,
AMD-001120,2024-04-20,WL-02592,LOA,Length Overall (LOA),39.3,42.2,HB-COUNTER-2,Foldview Marine Services haul-out sheet 2023-08-05,Y,day log 2024-04-20,
AMD-001121,2024-04-20,WL-03759,FLAG,Flag State,CRUISER,CRUISER,HB-COUNTER-2,driver's license,N,day log 2024-04-20,
AMD-001122,2024-04-20,WL-03684,OWNER_ADDRESS,Owner Address,"5292 Schroeder Vista, Longview, WA","2034 Jennifer Street, Seattle, WA",HB-COUNTER-2,,N,day log 2024-04-20,
AMD-001123,2024-04-21,WL-01244,BEAM,Beam (Width),13.1,12.6,HB-COUNTER-2,Foldview Marine Services haul-out sheet 2022-10-04,Y,day log 2024-04-21,
AMD-001124,2024-04-21,WL-02307,VESSEL_NAME,Vessel Name,HALIBUT QUEEN,SABLE BAY,HB-COUNTER-2,registration,N,day log 2024-04-21,
AMD-001125,2024-04-22,WL-03731,OWNER_ADDRESS,Owner Address,"6988 Smith Views, Port Angeles, WA","4435 Reese Roads, Port Angeles, WA",HB-COUNTER-2,,N,day log 2024-04-22,
AMD-001126,2024-04-22,WL-03563,NET_TONNAGE,Net Tonnage (NT),38.6,37.0,HB-COUNTER-2,Foldview Marine Services haul-out sheet 2023-07-23,Y,day log 2024-04-22,
AMD-001127,2024-04-23,WL-02715,HULL_MATERIAL,Hull Material,ELECTRIC,COMMERCIAL_FISH,HB-COUNTER-2,driver's license,N,day log 2024-04-23,
AMD-001128,2024-04-24,WL-01886,BEAM,Beam (Width),11.8,11.9,HB-COUNTER-2,MC-2024-0445,Y,day log 2024-04-24,
AMD-001129,2024-04-25,WL-01686,GROSS_TONNAGE,Gross Tonnage (GT),23.9,25.2,HB-COUNTER-2,Foldview Marine Services haul-out sheet 2023-08-27,Y,day log 2024-04-25,
AMD-001130,2024-04-26,WL-03056,VESSEL_NAME,Vessel Name,TIDE REACH,PINTAIL STAR,HB-COUNTER-2,insurance decl page,N,day log 2024-04-26,
AMD-001131,2024-04-28,WL-02278,OWNER_NAME,Owner Name,SAIL_MONO,HOUSEBOAT,HB-COUNTER-2,bill of sale,N,day log 2024-04-28,
AMD-001132,2024-04-28,WL-02652,YEAR_BUILT,Year Built,2013,2013,HB-COUNTER-2,registration,N,day log 2024-04-28,
AMD-001133,2024-04-29,WL-03326,YEAR_BUILT,Year Built,1988,1988,HB-COUNTER-2,owner declaration at counter,N,day log 2024-04-29,
AMD-001134,2024-05-01,WL-03021,GROSS_TONNAGE,Gross Tonnage (GT),18.4,17.9,HB-COUNTER-2,MC-2024-0613,Y,day log 2024-05-01,
AMD-001135,2024-05-01,WL-03361,PROPULSION_TYPE,Propulsion Type,POWER_INBOARD,FIBERGLASS,HB-COUNTER-2,insurance decl page,N,day log 2024-05-01,
AMD-001136,2024-05-02,WL-03548,OWNER_ADDRESS,Owner Address,"3145 Jordan Lock, Olympia, WA","487 Steven Pine, Seattle, WA",HB-COUNTER-2,registration,N,day log 2024-05-02,
AMD-001137,2024-05-02,WL-01412,BEAM,Beam (Width),13.2,12.7,HB-COUNTER-2,MC-2024-0478,Y,day log 2024-05-02,
AMD-001138,2024-05-03,WL-02739,GROSS_TONNAGE,Gross Tonnage (GT),14.5,15.8,HB-COUNTER-2,MC-2024-0780,Y,day log 2024-05-03,
AMD-001139,2024-05-04,WL-02999,VESSEL_TYPE,Vessel Type,POWER_OUTBOARD,ELECTRIC,HB-COUNTER-2,owner declaration at counter,N,day log 2024-05-04,
AMD-001140,2024-05-05,WL-02126,FLAG,Flag State,US,ELECTRIC,HB-COUNTER-2,bill of sale,N,day log 2024-05-05,
AMD-001141,2024-05-06,WL-01599,NET_TONNAGE,Net Tonnage (NT),7.4,8.3,HB-COUNTER-2,Foldview Marine Services haul-out sheet 2023-12-28,Y,day log 2024-05-06,
AMD-001142,2024-05-06,WL-01498,OWNER_NAME,Owner Name,ELECTRIC,US,HB-COUNTER-2,owner declaration at counter,N,day log 2024-05-06,
AMD-001143,2024-05-06,WL-01819,HIN,Hull Identification Number,CHD62916T839,CHD66086Y467,HB-COUNTER-2,registration,N,day log 2024-05-06,
AMD-001144,2024-05-07,WL-01789,HIN,Hull Identification Number,CHD90808W290,CHD44963U494,HB-COUNTER-2,bill of sale,N,day log 2024-05-07,
AMD-001145,2024-05-07,WL-03042,BUILD_LOCATION,Build Location / Yard,FOAM_CORE,SAIL_MONO,HB-COUNTER-2,registration,N,day log 2024-05-07,
AMD-001146,2024-05-09,WL-03117,BUILD_LOCATION,Build Location / Yard,POWER_INBOARD,SPORTFISH,HB-COUNTER-2,registration,N,day log 2024-05-09,
AMD-001147,2024-05-10,WL-02578,OFFICIAL_NUM,Official Number / Registration,750616,277446,HB-COUNTER-2,owner declaration at counter,N,day log 2024-05-10,
AMD-001148,2024-05-10,WL-02613,VESSEL_NAME,Vessel Name,SABLE ANN,ANCHOR ROSE,HB-COUNTER-2,bill of sale,N,day log 2024-05-10,
AMD-001149,2024-05-13,WL-03575,ENGINE_MAKE,Engine Make / Model,SAIL_MONO,HOUSEBOAT,HB-COUNTER-2,insurance decl page,N,day log 2024-05-13,
AMD-001150,2024-05-13,WL-03715,FLAG,Flag State,SAIL_MONO,ALUMINUM,HB-COUNTER-2,driver's license,N,day log 2024-05-13,
AMD-001151,2024-05-14,WL-02647,LOA,Length Overall (LOA),44.6,41.8,HB-COUNTER-2,Foldview Marine Services haul-out sheet 2023-04-25,Y,day log 2024-05-14,
AMD-001152,2024-05-15,WL-01055,HIN,Hull Identification Number,CHD50556H961,CHD79097Y391,HB-COUNTER-2,registration,N,day log 2024-05-15,
AMD-001153,2024-05-17,WL-03210,FLAG,Flag State,US,US,HB-COUNTER-2,insurance decl page,N,day log 2024-05-17,
AMD-001154,2024-05-17,WL-01944,OFFICIAL_NUM,Official Number / Registration,511507,929951,HB-COUNTER-2,driver's license,N,day log 2024-05-17,
AMD-001155,2024-05-17,WL-02818,ENGINE_MAKE,Engine Make / Model,POWER_INBOARD,ALUMINUM,HB-COUNTER-2,driver's license,N,day log 2024-05-17,
AMD-001156,2024-05-17,WL-02942,VESSEL_NAME,Vessel Name,SEAL DANCER,OSPREY ROCK,HB-COUNTER-2,owner declaration at counter,N,day log 2024-05-17,
AMD-001157,2024-05-18,WL-03788,GROSS_TONNAGE,Gross Tonnage (GT),37.3,37.0,HB-COUNTER-2,Foldview Marine Services haul-out sheet 2022-09-01,Y,day log 2024-05-18,
AMD-001158,2024-05-18,WL-01348,BUILD_LOCATION,Build Location / Yard,ALUMINUM,WOOD,HB-COUNTER-2,registration,N,day log 2024-05-18,
AMD-001159,2024-05-19,WL-03057,YEAR_BUILT,Year Built,2016,2016,HB-COUNTER-2,bill of sale,N,day log 2024-05-19,
AMD-001160,2024-05-23,WL-01193,FLAG,Flag State,US,FIBERGLASS,HB-COUNTER-2,registration,N,day log 2024-05-23,
AMD-001161,2024-05-24,WL-02656,HIN,Hull Identification Number,CHD78423M929,CHD26830X221,HB-COUNTER-2,owner declaration at counter,N,day log 2024-05-24,
AMD-001162,2024-05-24,WL-01941,PROPULSION_TYPE,Propulsion Type,HOUSEBOAT,US,HB-COUNTER-2,insurance decl page,N,day log 2024-05-24,
AMD-001163,2024-05-24,WL-02642,BUILD_LOCATION,Build Location / Yard,FIBERGLASS,TRAWLER,HB-COUNTER-2,insurance decl page,N,day log 2024-05-24,
AMD-001164,2024-05-25,WL-02589,BUILD_LOCATION,Build Location / Yard,STEEL,CRUISER,HB-COUNTER-2,insurance decl page,N,day log 2024-05-25,
AMD-001165,2024-05-26,WL-02490,OWNER_ADDRESS,Owner Address,"749 Zavala Stream, Port Angeles, WA","2901 Dennis Crossing, Everett, WA",HB-COUNTER-2,,N,day log 2024-05-26,
AMD-001166,2024-05-27,WL-01054,LOA,Length Overall (LOA),37.1,34.5,HB-COUNTER-2,MC-2024-0375,Y,day log 2024-05-27,
AMD-001167,2024-05-28,WL-01816,LOA,Length Overall (LOA),33.0,34.8,HB-COUNTER-2,MC-2024-0510,Y,day log 2024-05-28,
AMD-001168,2024-05-28,WL-02843,GROSS_TONNAGE,Gross Tonnage (GT),15.0,15.0,HB-COUNTER-2,MC-2024-0981,Y,day log 2024-05-28,
AMD-001169,2024-05-28,WL-03283,VESSEL_TYPE,Vessel Type,POWER_STERNDRIVE,ALUMINUM,HB-COUNTER-2,,N,day log 2024-05-28,
AMD-001170,2024-05-29,WL-01411,LOA,Length Overall (LOA),42.5,41.8,HB-COUNTER-2,Foldview Marine Services haul-out sheet 2023-08-23,Y,day log 2024-05-29,
AMD-001171,2024-05-30,WL-02288,OWNER_NAME,Owner Name,CA,FOAM_CORE,HB-COUNTER-2,registration,N,day log 2024-05-30,
AMD-001172,2024-06-02,WL-02277,HIN,Hull Identification Number,CHD91563B888,CHD40336Z610,HB-COUNTER-2,driver's license,N,day log 2024-06-02,
AMD-001173,2024-06-02,WL-03657,VESSEL_NAME,Vessel Name,SPINDRIFT SONG,COHO RUNNER,HB-COUNTER-2,insurance decl page,N,day log 2024-06-02,
AMD-001174,2024-06-04,WL-01175,VESSEL_NAME,Vessel Name,OSPREY HARBOR,COHO PASSAGE,HB-COUNTER-2,,N,day log 2024-06-04,
AMD-001175,2024-06-05,WL-01278,ENGINE_MAKE,Engine Make / Model,FIBERGLASS,POWER_OUTBOARD,HB-COUNTER-2,registration,N,day log 2024-06-05,
AMD-001176,2024-06-06,WL-02276,ENGINE_HP,Engine Horsepower,150,85,HB-COUNTER-2,driver's license,N,day log 2024-06-06,
AMD-001177,2024-06-06,WL-02705,ENGINE_MAKE,Engine Make / Model,SPORTFISH,HOUSEBOAT,HB-COUNTER-2,owner declaration at counter,N,day log 2024-06-06,
AMD-001178,2024-06-07,WL-01143,DRAFT,Draft (Depth),4.1,3.8,HB-COUNTER-2,Foldview Marine Services haul-out sheet 2023-06-24,Y,day log 2024-06-07,
AMD-001179,2024-06-08,WL-02034,YEAR_BUILT,Year Built,1986,1986,HB-COUNTER-2,registration,N,day log 2024-06-08,
AMD-001180,2024-06-10,WL-01212,NET_TONNAGE,Net Tonnage (NT),17.8,19.5,HB-COUNTER-2,MC-2024-0789,Y,day log 2024-06-10,
AMD-001181,2024-06-11,WL-01877,ENGINE_MAKE,Engine Make / Model,ALUMINUM,SAIL_MULTI,HB-COUNTER-2,owner declaration at counter,N,day log 2024-06-11,
AMD-001182,2024-06-11,WL-02547,FLAG,Flag State,POWER_STERNDRIVE,CRUISER,HB-COUNTER-2,insurance decl page,N,day log 2024-06-11,
AMD-001183,2024-06-12,WL-03252,FLAG,Flag State,FIBERGLASS,SAIL_MONO,HB-COUNTER-2,insurance decl page,N,day log 2024-06-12,
AMD-001184,2024-06-12,WL-02548,ENGINE_HP,Engine Horsepower,110,85,HB-COUNTER-2,,N,day log 2024-06-12,
AMD-001185,2024-06-15,WL-02694,FLAG,Flag State,US,FIBERGLASS,HB-COUNTER-2,owner declaration at counter,N,day log 2024-06-15,
AMD-001186,2024-06-16,WL-01827,OWNER_NAME,Owner Name,US,US,HB-COUNTER-2,owner declaration at counter,N,day log 2024-06-16,
AMD-001187,2024-06-16,WL-02123,VESSEL_TYPE,Vessel Type,TRAWLER,POWER_OUTBOARD,HB-COUNTER-2,insurance decl page,N,day log 2024-06-16,
AMD-001188,2024-06-17,WL-02973,VESSEL_NAME,Vessel Name,BRANT RUNNER,OSPREY ROSE,HB-COUNTER-2,owner declaration at counter,N,day log 2024-06-17,
AMD-001189,2024-06-18,WL-02902,NET_TONNAGE,Net Tonnage (NT),9.1,11.1,HB-COUNTER-2,MC-2024-0794,Y,day log 2024-06-18,
AMD-001190,2024-06-19,WL-01258,GROSS_TONNAGE,Gross Tonnage (GT),32.2,33.9,HB-COUNTER-2,MC-2024-0747,Y,day log 2024-06-19,
AMD-001191,2024-06-20,WL-02004,OFFICIAL_NUM,Official Number / Registration,487265,733097,HB-COUNTER-2,registration,N,day log 2024-06-20,
AMD-001192,2024-06-21,WL-01001,LOA,Length Overall (LOA),50.6,50.8,HB-COUNTER-2,MC-2024-0630,Y,day log 2024-06-21,
AMD-001193,2024-06-21,WL-02452,GROSS_TONNAGE,Gross Tonnage (GT),39.6,37.8,HB-COUNTER-2,Foldview Marine Services haul-out sheet 2024-05-26,Y,day log 2024-06-21,
AMD-001194,2024-06-22,WL-01294,GROSS_TONNAGE,Gross Tonnage (GT),33.1,33.3,HB-COUNTER-2,Foldview Marine Services haul-out sheet 2024-01-20,Y,day log 2024-06-22,
AMD-001195,2024-06-24,WL-01395,HIN,Hull Identification Number,CHD95466T993,CHD84434F828,HB-COUNTER-2,owner declaration at counter,N,day log 2024-06-24,
AMD-001196,2024-06-24,WL-03165,OWNER_ADDRESS,Owner Address,"2197 Brady Park, Aberdeen, WA","1797 Destiny Mall, Seattle, WA",HB-COUNTER-2,driver's license,N,day log 2024-06-24,
AMD-001197,2024-06-26,WL-02755,YEAR_BUILT,Year Built,1985,1985,HB-COUNTER-2,registration,N,day log 2024-06-26,
AMD-001198,2024-06-26,WL-01990,BEAM,Beam (Width),12.8,13.0,HB-COUNTER-2,MC-2024-0878,Y,day log 2024-06-26,
AMD-001199,2024-06-27,WL-01802,PROPULSION_TYPE,Propulsion Type,CA,FIBERGLASS,HB-COUNTER-2,owner declaration at counter,N,day log 2024-06-27,
AMD-001200,2024-06-28,WL-02663,LOA,Length Overall (LOA),39.6,37.7,HB-COUNTER-2,Foldview Marine Services haul-out sheet 2023-09-03,Y,day log 2024-06-28,
AMD-001201,2024-06-28,WL-03696,OWNER_NAME,Owner Name,FIBERGLASS,SPORTFISH,HB-COUNTER-2,,N,day log 2024-06-28,
AMD-001202,2024-06-29,WL-01461,PROPULSION_TYPE,Propulsion Type,COMMERCIAL_FISH,FIBERGLASS,HB-COUNTER-2,bill of sale,N,day log 2024-06-29,
AMD-001203,2024-06-30,WL-03704,PROPULSION_TYPE,Propulsion Type,FOAM_CORE,SAIL_MULTI,HB-COUNTER-2,insurance decl page,N,day log 2024-06-30,
AMD-001204,2024-07-01,WL-01550,LOA,Length Overall (LOA),44.2,43.0,HB-COUNTER-2,Foldview Marine Services haul-out sheet 2024-02-12,Y,day log 2024-07-01,
AMD-001205,2024-07-01,WL-02746,OWNER_ADDRESS,Owner Address,"606 Campbell Lake, Everett, WA","699 Colon Loaf, Bellingham, WA",HB-COUNTER-2,insurance decl page,N,day log 2024-07-01,
AMD-001206,2024-07-02,WL-03484,OFFICIAL_NUM,Official Number / Registration,154218,134476,HB-COUNTER-2,bill of sale,N,day log 2024-07-02,
AMD-001207,2024-07-02,WL-01668,VESSEL_TYPE,Vessel Type,COMMERCIAL_FISH,HOUSEBOAT,HB-COUNTER-2,,N,day log 2024-07-02,
AMD-001208,2024-07-05,WL-03170,HIN,Hull Identification Number,CHD84606X425,CHD26879V786,HB-COUNTER-2,bill of sale,N,day log 2024-07-05,
AMD-001209,2024-07-06,WL-02433,PROPULSION_TYPE,Propulsion Type,ELECTRIC,SAIL_MULTI,HB-COUNTER-2,,N,day log 2024-07-06,
AMD-001210,2024-07-09,WL-01979,HIN,Hull Identification Number,CHD15348Y393,CHD34126K787,HB-COUNTER-2,driver's license,N,day log 2024-07-09,
AMD-001211,2024-07-12,WL-01131,ENGINE_MAKE,Engine Make / Model,SAIL_MONO,TRAWLER,HB-COUNTER-2,,N,day log 2024-07-12,
AMD-001212,2024-07-12,WL-03687,OWNER_ADDRESS,Owner Address,"7387 Myers Knolls, Tacoma, WA","6027 Abbott Mission, Portland, OR",HB-COUNTER-2,driver's license,N,day log 2024-07-12,
AMD-001213,2024-07-13,WL-01861,DRAFT,Draft (Depth),5.0,4.6,HB-COUNTER-2,MC-2024-0118,Y,day log 2024-07-13,
AMD-001214,2024-07-13,WL-03547,FLAG,Flag State,FIBERGLASS,SPORTFISH,HB-COUNTER-2,owner declaration at counter,N,day log 2024-07-13,
AMD-001215,2024-07-14,WL-03738,VESSEL_NAME,Vessel Name,PETREL ROCK,SEAL ROCK,HB-COUNTER-2,registration,N,day log 2024-07-14,
AMD-001216,2024-07-14,WL-03341,OWNER_NAME,Owner Name,POWER_STERNDRIVE,POWER_STERNDRIVE,HB-COUNTER-2,registration,N,day log 2024-07-14,
AMD-001217,2024-07-14,WL-02240,OFFICIAL_NUM,Official Number / Registration,977774,445467,HB-COUNTER-2,registration,N,day log 2024-07-14,
AMD-001218,2024-07-15,WL-01233,DRAFT,Draft (Depth),7.8,7.6,HB-COUNTER-2,MC-2024-0476,Y,day log 2024-07-15,
AMD-001219,2024-07-15,WL-02326,OWNER_ADDRESS,Owner Address,"1335 Hendricks Islands, Chaldale, WA","4526 Mario Causeway, Newport, OR",HB-COUNTER-2,registration,N,day log 2024-07-15,
AMD-001220,2024-07-15,WL-01098,OWNER_NAME,Owner Name,WOOD,FIBERGLASS,HB-COUNTER-2,bill of sale,N,day log 2024-07-15,
AMD-001221,2024-07-17,WL-01320,ENGINE_HP,Engine Horsepower,150,250,HB-COUNTER-2,registration,N,day log 2024-07-17,
AMD-001222,2024-07-19,WL-03685,DRAFT,Draft (Depth),2.8,3.1,HB-COUNTER-2,MC-2024-0166,Y,day log 2024-07-19,
AMD-001223,2024-07-20,WL-01324,OWNER_NAME,Owner Name,SAIL_MULTI,SPORTFISH,HB-COUNTER-2,bill of sale,N,day log 2024-07-20,
AMD-001224,2024-07-20,WL-03056,HIN,Hull Identification Number,CHD77553M752,CHD85442C613,HB-COUNTER-2,insurance decl page,N,day log 2024-07-20,
AMD-001225,2024-07-20,WL-03501,OFFICIAL_NUM,Official Number / Registration,193834,893507,HB-COUNTER-2,owner declaration at counter,N,day log 2024-07-20,
AMD-001226,2024-07-21,WL-02867,FLAG,Flag State,FIBERGLASS,FIBERGLASS,HB-COUNTER-2,bill of sale,N,day log 2024-07-21,
AMD-001227,2024-07-21,WL-02296,DRAFT,Draft (Depth),4.7,4.2,HB-COUNTER-2,MC-2024-0135,Y,day log 2024-07-21,
AMD-001228,2024-07-23,WL-02501,OWNER_ADDRESS,Owner Address,"6700 Cruz Ports, Olympia, WA","4446 Benjamin Mountains, Newport, OR",HB-COUNTER-2,,N,day log 2024-07-23,
AMD-001229,2024-07-23,WL-01996,PROPULSION_TYPE,Propulsion Type,POWER_INBOARD,TRAWLER,HB-COUNTER-2,bill of sale,N,day log 2024-07-23,
AMD-001230,2024-07-23,WL-01607,LOA,Length Overall (LOA),54.1,54.8,HB-COUNTER-2,Foldview Marine Services haul-out sheet 2022-09-15,Y,day log 2024-07-23,
AMD-001231,2024-07-28,WL-01289,LOA,Length Overall (LOA),21.1,21.4,HB-COUNTER-2,Foldview Marine Services haul-out sheet 2023-01-05,Y,day log 2024-07-28,
AMD-001232,2024-07-31,WL-01573,LOA,Length Overall (LOA),40.3,37.3,HB-COUNTER-2,MC-2024-0489,Y,day log 2024-07-31,
AMD-001233,2024-08-01,WL-02356,YEAR_BUILT,Year Built,1985,1985,HB-COUNTER-2,bill of sale,N,day log 2024-08-01,
AMD-001234,2024-08-01,WL-01604,DRAFT,Draft (Depth),5.0,5.6,HB-COUNTER-2,MC-2024-0840,Y,day log 2024-08-01,
AMD-001235,2024-08-02,WL-01020,BEAM,Beam (Width),8.6,9.2,HB-COUNTER-2,MC-2024-0146,Y,day log 2024-08-02,
AMD-001236,2024-08-02,WL-02872,YEAR_BUILT,Year Built,2008,2008,HB-COUNTER-2,owner declaration at counter,N,day log 2024-08-02,
AMD-001237,2024-08-03,WL-03439,ENGINE_HP,Engine Horsepower,250,150,HB-COUNTER-2,bill of sale,N,day log 2024-08-03,
AMD-001238,2024-08-03,WL-02453,OWNER_NAME,Owner Name,POWER_STERNDRIVE,COMMERCIAL_FISH,HB-COUNTER-2,bill of sale,N,day log 2024-08-03,
AMD-001239,2024-08-03,WL-02344,DRAFT,Draft (Depth),4.7,4.8,HB-COUNTER-2,,Y,day log 2024-08-03,
AMD-001240,2024-08-03,WL-01135,ENGINE_HP,Engine Horsepower,150,110,HB-COUNTER-2,insurance decl page,N,day log 2024-08-03,
AMD-001241,2024-08-05,WL-02437,LOA,Length Overall (LOA),22.4,20.1,HB-COUNTER-2,MC-2024-0891,Y,day log 2024-08-05,
AMD-001242,2024-08-06,WL-01915,YEAR_BUILT,Year Built,2003,2003,HB-COUNTER-2,driver's license,N,day log 2024-08-06,
AMD-001243,2024-08-06,WL-03151,BEAM,Beam (Width),12.0,11.5,HB-COUNTER-2,MC-2024-0411,Y,day log 2024-08-06,
AMD-001244,2024-08-06,WL-01492,LOA,Length Overall (LOA),51.6,49.0,HB-COUNTER-2,Foldview Marine Services haul-out sheet 2024-01-03,Y,day log 2024-08-06,
AMD-001245,2024-08-07,WL-01971,GROSS_TONNAGE,Gross Tonnage (GT),29.6,31.4,HB-COUNTER-2,MC-2024-0138,Y,day log 2024-08-07,
AMD-001246,2024-08-07,WL-01536,FLAG,Flag State,WOOD,FIBERGLASS,HB-COUNTER-2,bill of sale,N,day log 2024-08-07,
AMD-001247,2024-08-07,WL-02336,FLAG,Flag State,SAIL_MONO,POWER_INBOARD,HB-COUNTER-2,driver's license,N,day log 2024-08-07,
AMD-001248,2024-08-07,WL-02771,ENGINE_MAKE,Engine Make / Model,COMMERCIAL_FISH,SAIL_MONO,HB-COUNTER-2,,N,day log 2024-08-07,
AMD-001249,2024-08-08,WL-01092,FLAG,Flag State,HOUSEBOAT,POWER_INBOARD,HB-COUNTER-2,registration,N,day log 2024-08-08,
AMD-001250,2024-08-09,WL-01582,VESSEL_NAME,Vessel Name,SCOTER VEER,KESTREL DANCER,HB-COUNTER-2,owner declaration at counter,N,day log 2024-08-09,
AMD-001251,2024-08-09,WL-03810,HIN,Hull Identification Number,CHD95670G964,CHD82574I817,HB-COUNTER-2,,N,day log 2024-08-09,
AMD-001252,2024-08-10,WL-01314,OWNER_NAME,Owner Name,FIBERGLASS,CA,HB-COUNTER-2,driver's license,N,day log 2024-08-10,
AMD-001253,2024-08-10,WL-02588,HULL_MATERIAL,Hull Material,WOOD,SAIL_MONO,HB-COUNTER-2,bill of sale,N,day log 2024-08-10,
AMD-001254,2024-08-11,WL-03906,OWNER_NAME,Owner Name,CA,SPORTFISH,HB-COUNTER-2,insurance decl page,N,day log 2024-08-11,
AMD-001255,2024-08-11,WL-01646,ENGINE_HP,Engine Horsepower,110,375,HB-COUNTER-2,registration,N,day log 2024-08-11,
AMD-001256,2024-08-11,WL-01815,ENGINE_HP,Engine Horsepower,150,85,HB-COUNTER-2,,N,day log 2024-08-11,
AMD-001257,2024-08-12,WL-02632,NET_TONNAGE,Net Tonnage (NT),26.8,25.5,HB-COUNTER-2,Foldview Marine Services haul-out sheet 2024-03-26,Y,day log 2024-08-12,
AMD-001258,2024-08-12,WL-02187,HIN,Hull Identification Number,CHD53772H101,CHD46682N126,HB-COUNTER-2,bill of sale,N,day log 2024-08-12,
AMD-001259,2024-08-12,WL-01832,ENGINE_MAKE,Engine Make / Model,TRAWLER,POWER_INBOARD,HB-COUNTER-2,,N,day log 2024-08-12,
AMD-001260,2024-08-14,WL-03524,LOA,Length Overall (LOA),31.3,29.7,HB-COUNTER-2,Foldview Marine Services haul-out sheet 2024-07-21,Y,day log 2024-08-14,
AMD-001261,2024-08-14,WL-01081,GROSS_TONNAGE,Gross Tonnage (GT),4.4,5.3,HB-COUNTER-2,MC-2024-0267,Y,day log 2024-08-14,
AMD-001262,2024-08-17,WL-03821,VESSEL_TYPE,Vessel Type,POWER_INBOARD,SPORTFISH,HB-COUNTER-2,owner declaration at counter,N,day log 2024-08-17,
AMD-001263,2024-08-18,WL-03800,LOA,Length Overall (LOA),35.4,32.5,HB-COUNTER-2,MC-2024-0608,Y,day log 2024-08-18,
AMD-001264,2024-08-18,WL-01499,HULL_MATERIAL,Hull Material,CRUISER,CA,HB-COUNTER-2,owner declaration at counter,N,day log 2024-08-18,
AMD-001265,2024-08-19,WL-01655,VESSEL_NAME,Vessel Name,PINTAIL WIND,MURRE CREST,HB-COUNTER-2,bill of sale,N,day log 2024-08-19,
AMD-001266,2024-08-20,WL-02888,OWNER_ADDRESS,Owner Address,"5210 Gina Tunnel, Chaldale, WA","581 Susan Cliffs, Tacoma, WA",HB-COUNTER-2,bill of sale,N,day log 2024-08-20,
AMD-001267,2024-08-20,WL-03433,LOA,Length Overall (LOA),45.4,43.4,HB-COUNTER-2,MC-2024-0755,Y,day log 2024-08-20,
AMD-001268,2024-08-22,WL-03559,ENGINE_HP,Engine Horsepower,110,85,HB-COUNTER-2,registration,N,day log 2024-08-22,
AMD-001269,2024-08-22,WL-03772,OWNER_ADDRESS,Owner Address,"6370 Scott Inlet, Portland, OR","1874 Dylan Lake, Everett, WA",HB-COUNTER-2,owner declaration at counter,N,day log 2024-08-22,
AMD-001270,2024-08-22,WL-02777,BUILD_LOCATION,Build Location / Yard,CA,ALUMINUM,HB-COUNTER-2,owner declaration at counter,N,day log 2024-08-22,
AMD-001271,2024-08-23,WL-02813,FLAG,Flag State,CRUISER,US,HB-COUNTER-2,registration,N,day log 2024-08-23,
AMD-001272,2024-08-24,WL-03172,PROPULSION_TYPE,Propulsion Type,POWER_INBOARD,HOUSEBOAT,HB-COUNTER-2,registration,N,day log 2024-08-24,
AMD-001273,2024-08-24,WL-02460,HULL_MATERIAL,Hull Material,SPORTFISH,SPORTFISH,HB-COUNTER-2,driver's license,N,day log 2024-08-24,
AMD-001274,2024-08-26,WL-02392,DRAFT,Draft (Depth),5.9,5.6,HB-COUNTER-2,Foldview Marine Services haul-out sheet 2022-08-15,Y,day log 2024-08-26,
AMD-001275,2024-08-28,WL-01715,VESSEL_NAME,Vessel Name,DRIFT SHORE,PINTAIL DANCER,HB-COUNTER-2,owner declaration at counter,N,day log 2024-08-28,
AMD-001276,2024-08-28,WL-03730,BEAM,Beam (Width),14.3,14.7,HB-COUNTER-2,MC-2024-0929,Y,day log 2024-08-28,
AMD-001277,2024-08-28,WL-03495,OWNER_ADDRESS,Owner Address,"8803 Hailey Cape, Portland, OR","6221 Jessica Port, Olympia, WA",HB-COUNTER-2,bill of sale,N,day log 2024-08-28,
AMD-001278,2024-08-29,WL-02527,LOA,Length Overall (LOA),40.6,39.8,HB-COUNTER-2,Foldview Marine Services haul-out sheet 2022-11-26,Y,day log 2024-08-29,
AMD-001279,2024-08-30,WL-02561,LOA,Length Overall (LOA),30.8,32.3,HB-COUNTER-2,Foldview Marine Services haul-out sheet 2023-05-28,Y,day log 2024-08-30,
AMD-001280,2024-09-01,WL-02879,PROPULSION_TYPE,Propulsion Type,SAIL_MULTI,US,HB-COUNTER-2,insurance decl page,N,day log 2024-09-01,
AMD-001281,2024-09-02,WL-03259,VESSEL_TYPE,Vessel Type,POWER_STERNDRIVE,SAIL_MONO,HB-COUNTER-2,insurance decl page,N,day log 2024-09-02,
AMD-001282,2024-09-03,WL-01997,FLAG,Flag State,FIBERGLASS,POWER_INBOARD,HB-COUNTER-2,bill of sale,N,day log 2024-09-03,
AMD-001283,2024-09-03,WL-01323,VESSEL_NAME,Vessel Name,SCOTER SHORE,SPINDRIFT WAKE,HB-COUNTER-2,,N,day log 2024-09-03,
AMD-001284,2024-09-03,WL-03273,VESSEL_NAME,Vessel Name,OSPREY LIGHT,OSPREY RUNNER,HB-COUNTER-2,owner declaration at counter,N,day log 2024-09-03,
AMD-001285,2024-09-04,WL-01804,OWNER_ADDRESS,Owner Address,"8252 Davis Haven, Astoria, OR","438 Michelle Path, Olympia, WA",HB-COUNTER-2,,N,day log 2024-09-04,
AMD-001286,2024-09-04,WL-03410,VESSEL_NAME,Vessel Name,WIDGEON QUEEN,SABLE LIGHT,HB-COUNTER-2,,N,day log 2024-09-04,
AMD-001287,2024-09-04,WL-03381,LOA,Length Overall (LOA),44.7,42.9,HB-COUNTER-2,MC-2024-0411,Y,day log 2024-09-04,
AMD-001288,2024-09-05,WL-02401,LOA,Length Overall (LOA),31.2,31.7,HB-COUNTER-2,MC-2024-0091,Y,day log 2024-09-05,
AMD-001289,2024-09-05,WL-02401,BEAM,Beam (Width),10.6,10.8,HB-COUNTER-2,MC-2024-0091,Y,day log 2024-09-05,
AMD-001290,2024-09-06,WL-02927,ENGINE_HP,Engine Horsepower,150,110,HB-COUNTER-2,,N,day log 2024-09-06,
AMD-001291,2024-09-07,WL-01076,PROPULSION_TYPE,Propulsion Type,POWER_INBOARD,HOUSEBOAT,HB-COUNTER-2,insurance decl page,N,day log 2024-09-07,
AMD-001292,2024-09-08,WL-02558,GROSS_TONNAGE,Gross Tonnage (GT),29.1,29.0,HB-COUNTER-2,Foldview Marine Services haul-out sheet 2023-07-07,Y,day log 2024-09-08,
AMD-001293,2024-09-08,WL-03512,OWNER_NAME,Owner Name,CRUISER,ALUMINUM,HB-COUNTER-2,registration,N,day log 2024-09-08,
AMD-001294,2024-09-08,WL-01766,LOA,Length Overall (LOA),33.7,32.4,HB-COUNTER-2,Foldview Marine Services haul-out sheet 2023-11-26,Y,day log 2024-09-08,
AMD-001295,2024-09-09,WL-01648,DRAFT,Draft (Depth),3.3,3.4,HB-COUNTER-2,MC-2024-0787,Y,day log 2024-09-09,
AMD-001296,2024-09-10,WL-03608,ENGINE_HP,Engine Horsepower,150,110,HB-COUNTER-2,bill of sale,N,day log 2024-09-10,
AMD-001297,2024-09-10,WL-01922,PROPULSION_TYPE,Propulsion Type,POWER_OUTBOARD,CRUISER,HB-COUNTER-2,owner declaration at counter,N,day log 2024-09-10,
AMD-001298,2024-09-11,WL-02868,PROPULSION_TYPE,Propulsion Type,US,ELECTRIC,HB-COUNTER-2,driver's license,N,day log 2024-09-11,
AMD-001299,2024-09-12,WL-03023,HULL_MATERIAL,Hull Material,HOUSEBOAT,US,HB-COUNTER-2,,N,day log 2024-09-12,
AMD-001300,2024-09-12,WL-01328,BEAM,Beam (Width),15.0,15.5,HB-COUNTER-2,MC-2024-0306,Y,day log 2024-09-12,
AMD-001301,2024-09-12,WL-02311,OWNER_ADDRESS,Owner Address,"6300 Douglas Forks, Coos Bay, OR","8135 Ryan Meadows, Port Angeles, WA",HB-COUNTER-2,owner declaration at counter,N,day log 2024-09-12,
AMD-001302,2024-09-12,WL-02842,YEAR_BUILT,Year Built,1991,1991,HB-COUNTER-2,driver's license,N,day log 2024-09-12,
AMD-001303,2024-09-13,WL-03122,BEAM,Beam (Width),8.5,7.5,HB-COUNTER-2,MC-2024-0972,Y,day log 2024-09-13,
AMD-001304,2024-09-13,WL-01071,DRAFT,Draft (Depth),5.2,5.5,HB-COUNTER-2,MC-2024-0252,Y,day log 2024-09-13,
AMD-001305,2024-09-15,WL-02901,VESSEL_NAME,Vessel Name,TIDE MOON,SANDERLING WAKE,HB-COUNTER-2,bill of sale,N,day log 2024-09-15,
AMD-001306,2024-09-16,WL-02828,VESSEL_TYPE,Vessel Type,POWER_OUTBOARD,COMMERCIAL_FISH,HB-COUNTER-2,owner declaration at counter,N,day log 2024-09-16,
AMD-001307,2024-09-17,WL-02364,DRAFT,Draft (Depth),4.1,3.6,HB-COUNTER-2,MC-2024-0520,Y,day log 2024-09-17,
AMD-001308,2024-09-18,WL-01841,HULL_MATERIAL,Hull Material,US,POWER_STERNDRIVE,HB-COUNTER-2,insurance decl page,N,day log 2024-09-18,
AMD-001309,2024-09-18,WL-03822,HULL_MATERIAL,Hull Material,CA,SAIL_MULTI,HB-COUNTER-2,owner declaration at counter,N,day log 2024-09-18,
AMD-001310,2024-09-18,WL-03624,VESSEL_TYPE,Vessel Type,CA,ELECTRIC,HB-COUNTER-2,bill of sale,N,day log 2024-09-18,
AMD-001311,2024-09-20,WL-02239,LOA,Length Overall (LOA),23.8,24.4,HB-COUNTER-2,MC-2024-0324,Y,day log 2024-09-20,
AMD-001312,2024-09-20,WL-01771,OWNER_NAME,Owner Name,SAIL_MONO,STEEL,HB-COUNTER-2,owner declaration at counter,N,day log 2024-09-20,
AMD-001313,2024-09-21,WL-02310,LOA,Length Overall (LOA),29.5,28.0,HB-COUNTER-2,Foldview Marine Services haul-out sheet 2022-10-15,Y,day log 2024-09-21,
AMD-001314,2024-09-22,WL-03790,OWNER_NAME,Owner Name,POWER_INBOARD,ELECTRIC,HB-COUNTER-2,owner declaration at counter,N,day log 2024-09-22,
AMD-001315,2024-09-22,WL-02750,ENGINE_HP,Engine Horsepower,85,210,HB-COUNTER-2,bill of sale,N,day log 2024-09-22,
AMD-001316,2024-09-23,WL-01389,ENGINE_HP,Engine Horsepower,110,210,HB-COUNTER-2,registration,N,day log 2024-09-23,
AMD-001317,2024-09-26,WL-02310,YEAR_BUILT,Year Built,1989,1989,HB-COUNTER-2,insurance decl page,N,day log 2024-09-26,
AMD-001318,2024-09-26,WL-01327,FLAG,Flag State,POWER_INBOARD,SAIL_MONO,HB-COUNTER-2,insurance decl page,N,day log 2024-09-26,
AMD-001319,2024-09-27,WL-01342,BUILD_LOCATION,Build Location / Yard,CRUISER,SAIL_MONO,HB-COUNTER-2,owner declaration at counter,N,day log 2024-09-27,
AMD-001320,2024-09-28,WL-02768,ENGINE_MAKE,Engine Make / Model,SAIL_MONO,POWER_INBOARD,HB-COUNTER-2,driver's license,N,day log 2024-09-28,
AMD-001321,2024-10-01,WL-02932,BEAM,Beam (Width),10.6,10.4,HB-COUNTER-2,Foldview Marine Services haul-out sheet 2022-12-14,Y,day log 2024-10-01,
AMD-001322,2024-10-02,WL-01717,VESSEL_NAME,Vessel Name,HALIBUT LIGHT,PETREL VEER,HB-COUNTER-2,,N,day log 2024-10-02,
AMD-001323,2024-10-04,WL-01430,LOA,Length Overall (LOA),27.2,27.1,HB-COUNTER-2,Foldview Marine Services haul-out sheet 2023-02-17,Y,day log 2024-10-04,
AMD-001324,2024-10-04,WL-01645,GROSS_TONNAGE,Gross Tonnage (GT),32.4,33.4,HB-COUNTER-2,Foldview Marine Services haul-out sheet 2023-06-02,Y,day log 2024-10-04,
AMD-001325,2024-10-05,WL-03202,ENGINE_MAKE,Engine Make / Model,HOUSEBOAT,WOOD,HB-COUNTER-2,,N,day log 2024-10-05,
AMD-001326,2024-10-07,WL-02415,HIN,Hull Identification Number,CHD79775O564,CHD55900P967,HB-COUNTER-2,driver's license,N,day log 2024-10-07,
AMD-001327,2024-10-08,WL-02607,LOA,Length Overall (LOA),24.7,27.7,HB-COUNTER-2,Foldview Marine Services haul-out sheet 2024-01-01,Y,day log 2024-10-08,
AMD-001328,2024-10-08,WL-03547,LOA,Length Overall (LOA),44.9,44.6,HB-COUNTER-2,Foldview Marine Services haul-out sheet 2022-08-11,Y,day log 2024-10-08,
AMD-001329,2024-10-08,WL-02779,PROPULSION_TYPE,Propulsion Type,POWER_STERNDRIVE,COMMERCIAL_FISH,HB-COUNTER-2,driver's license,N,day log 2024-10-08,
AMD-001330,2024-10-09,WL-02685,VESSEL_NAME,Vessel Name,HALIBUT WIND,BRANT BAY,HB-COUNTER-2,bill of sale,N,day log 2024-10-09,
AMD-001331,2024-10-11,WL-03757,LOA,Length Overall (LOA),52.8,52.7,HB-COUNTER-2,MC-2024-0126,Y,day log 2024-10-11,
AMD-001332,2024-10-11,WL-01996,OWNER_NAME,Owner Name,POWER_INBOARD,POWER_STERNDRIVE,HB-COUNTER-2,owner declaration at counter,N,day log 2024-10-11,
AMD-001333,2024-10-11,WL-03442,OFFICIAL_NUM,Official Number / Registration,959432,442795,HB-COUNTER-2,owner declaration at counter,N,day log 2024-10-11,
AMD-001334,2024-10-12,WL-01751,NET_TONNAGE,Net Tonnage (NT),13.6,14.3,HB-COUNTER-2,MC-2024-0528,Y,day log 2024-10-12,
AMD-001335,2024-10-13,WL-02478,VESSEL_NAME,Vessel Name,MURRE REACH,HALIBUT BAY,HB-COUNTER-2,owner declaration at counter,N,day log 2024-10-13,
AMD-001336,2024-10-14,WL-03360,NET_TONNAGE,Net Tonnage (NT),14.6,14.2,HB-COUNTER-2,MC-2024-0249,Y,day log 2024-10-14,
AMD-001337,2024-10-14,WL-01197,HULL_MATERIAL,Hull Material,US,TRAWLER,HB-COUNTER-2,insurance decl page,N,day log 2024-10-14,
AMD-001338,2024-10-16,WL-02407,HIN,Hull Identification Number,CHD97225D950,CHD59875X800,HB-COUNTER-2,insurance decl page,N,day log 2024-10-16,
AMD-001339,2024-10-18,WL-03476,HULL_MATERIAL,Hull Material,US,CRUISER,HB-COUNTER-2,insurance decl page,N,day log 2024-10-18,
AMD-001340,2024-10-19,WL-03694,OWNER_ADDRESS,Owner Address,"2810 Heather Overpass, Newport, OR","6081 Burnett Knoll, Tacoma, WA",HB-COUNTER-2,registration,N,day log 2024-10-19,
AMD-001341,2024-10-19,WL-02583,VESSEL_NAME,Vessel Name,BRANT LINE,KESTREL SOUND,HB-COUNTER-2,owner declaration at counter,N,day log 2024-10-19,
AMD-001342,2024-10-20,WL-01302,PROPULSION_TYPE,Propulsion Type,SAIL_MONO,ELECTRIC,HB-COUNTER-2,bill of sale,N,day log 2024-10-20,
AMD-001343,2024-10-22,WL-03473,OFFICIAL_NUM,Official Number / Registration,756913,154232,HB-COUNTER-2,,N,day log 2024-10-22,
AMD-001344,2024-10-23,WL-01258,BUILD_LOCATION,Build Location / Yard,POWER_INBOARD,SPORTFISH,HB-COUNTER-2,registration,N,day log 2024-10-23,
AMD-001345,2024-10-24,WL-02966,FLAG,Flag State,FIBERGLASS,STEEL,HB-COUNTER-2,insurance decl page,N,day log 2024-10-24,
AMD-001346,2024-10-25,WL-03751,ENGINE_HP,Engine Horsepower,330,110,HB-COUNTER-2,insurance decl page,N,day log 2024-10-25,
AMD-001347,2024-10-25,WL-02940,ENGINE_HP,Engine Horsepower,330,110,HB-COUNTER-2,registration,N,day log 2024-10-25,
AMD-001348,2024-10-26,WL-01100,HIN,Hull Identification Number,CHD87338S903,CHD94978M466,HB-COUNTER-2,insurance decl page,N,day log 2024-10-26,
AMD-001349,2024-10-28,WL-01257,VESSEL_NAME,Vessel Name,SABLE ANN,HERON LIGHT,HB-COUNTER-2,registration,N,day log 2024-10-28,
AMD-001350,2024-10-29,WL-02398,LOA,Length Overall (LOA),38.6,36.6,HB-COUNTER-2,Foldview Marine Services haul-out sheet 2022-09-24,Y,day log 2024-10-29,
AMD-001351,2024-10-30,WL-02083,OFFICIAL_NUM,Official Number / Registration,660154,951619,HB-COUNTER-2,bill of sale,N,day log 2024-10-30,
AMD-001352,2024-10-30,WL-02013,VESSEL_NAME,Vessel Name,SANDERLING WIND,CORMORANT LIGHT,HB-COUNTER-2,,N,day log 2024-10-30,
AMD-001353,2024-10-30,WL-01448,YEAR_BUILT,Year Built,1983,1983,HB-COUNTER-2,registration,N,day log 2024-10-30,
AMD-001354,2024-10-31,WL-02051,OFFICIAL_NUM,Official Number / Registration,471191,672774,HB-COUNTER-2,bill of sale,N,day log 2024-10-31,
AMD-001355,2024-10-31,WL-01685,VESSEL_TYPE,Vessel Type,SAIL_MULTI,FOAM_CORE,HB-COUNTER-2,bill of sale,N,day log 2024-10-31,
AMD-001356,2024-11-01,WL-02670,HIN,Hull Identification Number,CHD11923O350,CHD12287E737,HB-COUNTER-2,,N,day log 2024-11-01,
AMD-001357,2024-11-01,WL-02898,OWNER_NAME,Owner Name,SPORTFISH,COMMERCIAL_FISH,HB-COUNTER-2,,N,day log 2024-11-01,
AMD-001358,2024-11-03,WL-02883,NET_TONNAGE,Net Tonnage (NT),12.7,13.3,HB-COUNTER-2,MC-2024-0586,Y,day log 2024-11-03,
AMD-001359,2024-11-05,WL-02518,OWNER_NAME,Owner Name,FIBERGLASS,SAIL_MONO,HB-COUNTER-2,,N,day log 2024-11-05,
AMD-001360,2024-11-05,WL-01911,HULL_MATERIAL,Hull Material,CRUISER,ALUMINUM,HB-COUNTER-2,registration,N,day log 2024-11-05,
AMD-001361,2024-11-05,WL-03780,OWNER_NAME,Owner Name,POWER_INBOARD,ALUMINUM,HB-COUNTER-2,bill of sale,N,day log 2024-11-05,
AMD-001362,2024-11-05,WL-03050,LOA,Length Overall (LOA),39.5,42.3,HB-COUNTER-2,MC-2024-0375,Y,day log 2024-11-05,
AMD-001363,2024-11-05,WL-03446,OFFICIAL_NUM,Official Number / Registration,828723,413627,HB-COUNTER-2,driver's license,N,day log 2024-11-05,
AMD-001364,2024-11-05,WL-02864,VESSEL_NAME,Vessel Name,GRAY BAY,OTTER WEATHER,HB-COUNTER-2,bill of sale,N,day log 2024-11-05,
AMD-001365,2024-11-06,WL-03680,VESSEL_TYPE,Vessel Type,ALUMINUM,COMMERCIAL_FISH,HB-COUNTER-2,registration,N,day log 2024-11-06,
AMD-001366,2024-11-07,WL-01874,HULL_MATERIAL,Hull Material,TRAWLER,SPORTFISH,HB-COUNTER-2,bill of sale,N,day log 2024-11-07,
AMD-001367,2024-11-08,WL-02427,BEAM,Beam (Width),12.5,11.7,HB-COUNTER-2,Foldview Marine Services haul-out sheet 2024-10-09,Y,day log 2024-11-08,
AMD-001368,2024-11-08,WL-01643,OWNER_ADDRESS,Owner Address,"4714 Nash Keys, Bellingham, WA","6546 Henry Valley, Seattle, WA",HB-COUNTER-2,driver's license,N,day log 2024-11-08,
AMD-001369,2024-11-08,WL-02402,HULL_MATERIAL,Hull Material,WOOD,FOAM_CORE,HB-COUNTER-2,,N,day log 2024-11-08,
AMD-001370,2024-11-09,WL-01072,OFFICIAL_NUM,Official Number / Registration,223895,196702,HB-COUNTER-2,insurance decl page,N,day log 2024-11-09,
AMD-001371,2024-11-11,WL-02197,OWNER_NAME,Owner Name,POWER_INBOARD,FOAM_CORE,HB-COUNTER-2,registration,N,day log 2024-11-11,
AMD-001372,2024-11-11,WL-01283,BEAM,Beam (Width),9.0,8.8,HB-COUNTER-2,,Y,day log 2024-11-11,
AMD-001373,2024-11-11,WL-01278,PROPULSION_TYPE,Propulsion Type,SPORTFISH,US,HB-COUNTER-2,insurance decl page,N,day log 2024-11-11,
AMD-001374,2024-11-12,WL-01509,BUILD_LOCATION,Build Location / Yard,SAIL_MULTI,STEEL,HB-COUNTER-2,driver's license,N,day log 2024-11-12,
AMD-001375,2024-11-13,WL-03782,VESSEL_TYPE,Vessel Type,POWER_OUTBOARD,ELECTRIC,HB-COUNTER-2,owner declaration at counter,N,day log 2024-11-13,
AMD-001376,2024-11-14,WL-03330,BEAM,Beam (Width),15.2,15.6,HB-COUNTER-2,MC-2024-0372,Y,day log 2024-11-14,
AMD-001377,2024-11-15,WL-02370,OFFICIAL_NUM,Official Number / Registration,918866,250934,HB-COUNTER-2,driver's license,N,day log 2024-11-15,
AMD-001378,2024-11-15,WL-03095,PROPULSION_TYPE,Propulsion Type,ELECTRIC,HOUSEBOAT,HB-COUNTER-2,driver's license,N,day log 2024-11-15,
AMD-001379,2024-11-16,WL-01454,ENGINE_HP,Engine Horsepower,85,110,HB-COUNTER-2,insurance decl page,N,day log 2024-11-16,
AMD-001380,2024-11-17,WL-02229,OWNER_NAME,Owner Name,SAIL_MULTI,SPORTFISH,HB-COUNTER-2,owner declaration at counter,N,day log 2024-11-17,
AMD-001381,2024-11-17,WL-03449,GROSS_TONNAGE,Gross Tonnage (GT),5.5,5.1,HB-COUNTER-2,MC-2024-0372,Y,day log 2024-11-17,
AMD-001382,2024-11-17,WL-02146,FLAG,Flag State,TRAWLER,ELECTRIC,HB-COUNTER-2,insurance decl page,N,day log 2024-11-17,
AMD-001383,2024-11-19,WL-03268,OFFICIAL_NUM,Official Number / Registration,570400,251612,HB-COUNTER-2,driver's license,N,day log 2024-11-19,
AMD-001384,2024-11-19,WL-02442,LOA,Length Overall (LOA),37.6,38.1,HB-COUNTER-2,MC-2024-0282,Y,day log 2024-11-19,
AMD-001385,2024-11-19,WL-01558,YEAR_BUILT,Year Built,1986,1986,HB-COUNTER-2,insurance decl page,N,day log 2024-11-19,
AMD-001386,2024-11-20,WL-01180,ENGINE_MAKE,Engine Make / Model,POWER_INBOARD,SAIL_MONO,HB-COUNTER-2,driver's license,N,day log 2024-11-20,
AMD-001387,2024-11-20,WL-03709,NET_TONNAGE,Net Tonnage (NT),33.0,33.7,HB-COUNTER-2,Foldview Marine Services haul-out sheet 2022-08-09,Y,day log 2024-11-20,
AMD-001388,2024-11-20,WL-01569,FLAG,Flag State,US,FIBERGLASS,HB-COUNTER-2,owner declaration at counter,N,day log 2024-11-20,
AMD-001389,2024-11-20,WL-02202,BEAM,Beam (Width),11.3,11.9,HB-COUNTER-2,Foldview Marine Services haul-out sheet 2023-06-19,Y,day log 2024-11-20,
AMD-001390,2024-11-21,WL-03435,BUILD_LOCATION,Build Location / Yard,COMMERCIAL_FISH,SPORTFISH,HB-COUNTER-2,owner declaration at counter,N,day log 2024-11-21,
AMD-001391,2024-11-22,WL-02705,ENGINE_HP,Engine Horsepower,210,375,HB-COUNTER-2,bill of sale,N,day log 2024-11-22,
AMD-001392,2024-11-22,WL-02239,HIN,Hull Identification Number,CHD53361S640,CHD69603N583,HB-COUNTER-2,bill of sale,N,day log 2024-11-22,
AMD-001393,2024-11-23,WL-02857,NET_TONNAGE,Net Tonnage (NT),36.3,38.2,HB-COUNTER-2,Foldview Marine Services haul-out sheet 2023-02-20,Y,day log 2024-11-23,
AMD-001394,2024-11-24,WL-03275,BEAM,Beam (Width),11.3,10.8,HB-COUNTER-2,MC-2024-0955,Y,day log 2024-11-24,
AMD-001395,2024-11-26,WL-01168,YEAR_BUILT,Year Built,1992,1992,HB-COUNTER-2,driver's license,N,day log 2024-11-26,
AMD-001396,2024-11-26,WL-02033,HULL_MATERIAL,Hull Material,CRUISER,CA,HB-COUNTER-2,owner declaration at counter,N,day log 2024-11-26,
AMD-001397,2024-11-26,WL-01163,NET_TONNAGE,Net Tonnage (NT),36.3,37.9,HB-COUNTER-2,MC-2024-0527,Y,day log 2024-11-26,
AMD-001398,2024-11-27,WL-01406,BEAM,Beam (Width),12.2,12.7,HB-COUNTER-2,MC-2024-0379,Y,day log 2024-11-27,
AMD-001399,2024-11-27,WL-02769,NET_TONNAGE,Net Tonnage (NT),24.9,23.0,HB-COUNTER-2,MC-2024-0328,Y,day log 2024-11-27,
AMD-001400,2024-11-28,WL-03511,LOA,Length Overall (LOA),24.5,22.8,HB-COUNTER-2,Foldview Marine Services haul-out sheet 2023-01-03,Y,day log 2024-11-28,
AMD-001401,2024-11-28,WL-01123,BUILD_LOCATION,Build Location / Yard,ELECTRIC,US,HB-COUNTER-2,insurance decl page,N,day log 2024-11-28,
AMD-001402,2024-11-29,WL-03604,ENGINE_HP,Engine Horsepower,85,85,HB-COUNTER-2,registration,N,day log 2024-11-29,
AMD-001403,2024-11-30,WL-02150,LOA,Length Overall (LOA),34.3,32.9,HB-COUNTER-2,MC-2024-0438,Y,day log 2024-11-30,
AMD-001404,2024-12-01,WL-01396,FLAG,Flag State,HOUSEBOAT,ELECTRIC,HB-COUNTER-2,bill of sale,N,day log 2024-12-01,
AMD-001405,2024-12-01,WL-03853,FLAG,Flag State,CRUISER,FIBERGLASS,HB-COUNTER-2,insurance decl page,N,day log 2024-12-01,
AMD-001406,2024-12-02,WL-03583,LOA,Length Overall (LOA),50.6,49.0,HB-COUNTER-2,MC-2024-0227,Y,day log 2024-12-02,
AMD-001407,2024-12-03,WL-02252,OFFICIAL_NUM,Official Number / Registration,309930,224412,HB-COUNTER-2,insurance decl page,N,day log 2024-12-03,
AMD-001408,2024-12-05,WL-02001,LOA,Length Overall (LOA),46.3,46.8,HB-COUNTER-2,MC-2024-0801,Y,day log 2024-12-05,
AMD-001409,2024-12-05,WL-02133,LOA,Length Overall (LOA),28.2,28.4,HB-COUNTER-2,MC-2024-0696,Y,day log 2024-12-05,
AMD-001410,2024-12-06,WL-03585,YEAR_BUILT,Year Built,1970,1970,HB-COUNTER-2,registration,N,day log 2024-12-06,
AMD-001411,2024-12-07,WL-02026,LOA,Length Overall (LOA),25.7,23.0,HB-COUNTER-2,Foldview Marine Services haul-out sheet 2022-10-14,Y,day log 2024-12-07,
AMD-001412,2024-12-10,WL-02531,GROSS_TONNAGE,Gross Tonnage (GT),25.6,25.5,HB-COUNTER-2,MC-2024-0988,Y,day log 2024-12-10,
AMD-001413,2024-12-10,WL-01570,OFFICIAL_NUM,Official Number / Registration,451637,274510,HB-COUNTER-2,owner declaration at counter,N,day log 2024-12-10,
AMD-001414,2024-12-11,WL-03890,LOA,Length Overall (LOA),51.3,49.6,HB-COUNTER-2,MC-2024-0118,Y,day log 2024-12-11,
AMD-001415,2024-12-11,WL-01664,OWNER_ADDRESS,Owner Address,"4284 Howe Tunnel, Longview, WA","432 Diana Manors, Chaldale, WA",HB-COUNTER-2,owner declaration at counter,N,day log 2024-12-11,
AMD-001416,2024-12-13,WL-03780,OWNER_NAME,Owner Name,HOUSEBOAT,TRAWLER,HB-COUNTER-2,owner declaration at counter,N,day log 2024-12-13,
AMD-001417,2024-12-15,WL-02404,ENGINE_MAKE,Engine Make / Model,FIBERGLASS,WOOD,HB-COUNTER-2,insurance decl page,N,day log 2024-12-15,
AMD-001418,2024-12-15,WL-01224,GROSS_TONNAGE,Gross Tonnage (GT),23.6,22.0,HB-COUNTER-2,MC-2024-0278,Y,day log 2024-12-15,
AMD-001419,2024-12-16,WL-01937,GROSS_TONNAGE,Gross Tonnage (GT),35.8,34.3,HB-COUNTER-2,Foldview Marine Services haul-out sheet 2024-01-28,Y,day log 2024-12-16,
AMD-001420,2024-12-17,WL-03898,VESSEL_NAME,Vessel Name,PETREL SHORE,SANDERLING VEER,HB-COUNTER-2,bill of sale,N,day log 2024-12-17,
AMD-001421,2024-12-18,WL-03199,OWNER_ADDRESS,Owner Address,"905 Chad Common, Coos Bay, OR","4958 Lisa Islands, Tacoma, WA",HB-COUNTER-2,registration,N,day log 2024-12-18,
AMD-001422,2024-12-19,WL-02887,BEAM,Beam (Width),10.7,10.9,HB-COUNTER-2,MC-2024-0116,Y,day log 2024-12-19,
AMD-001423,2024-12-19,WL-02298,OFFICIAL_NUM,Official Number / Registration,562421,174566,HB-COUNTER-2,driver's license,N,day log 2024-12-19,
AMD-001424,2024-12-20,WL-03722,HIN,Hull Identification Number,CHD51321N474,CHD81883T716,HB-COUNTER-2,insurance decl page,N,day log 2024-12-20,
AMD-001425,2024-12-20,WL-02889,VESSEL_NAME,Vessel Name,SABLE VEER,FOUL WAKE,HB-COUNTER-2,bill of sale,N,day log 2024-12-20,
AMD-001426,2024-12-21,WL-01808,ENGINE_MAKE,Engine Make / Model,FOAM_CORE,US,HB-COUNTER-2,insurance decl page,N,day log 2024-12-21,
AMD-001427,2024-12-22,WL-03470,LOA,Length Overall (LOA),37.0,36.4,HB-COUNTER-2,MC-2024-0864,Y,day log 2024-12-22,
AMD-001428,2024-12-23,WL-02077,YEAR_BUILT,Year Built,1994,1994,HB-COUNTER-2,bill of sale,N,day log 2024-12-23,
AMD-001429,2024-12-23,WL-03106,VESSEL_NAME,Vessel Name,FOUL WIND,MURRE RUNNER,HB-COUNTER-2,driver's license,N,day log 2024-12-23,
AMD-001430,2024-12-24,WL-03335,LOA,Length Overall (LOA),54.8,52.0,HB-COUNTER-2,MC-2024-0969,Y,day log 2024-12-24,
AMD-001431,2024-12-25,WL-01039,GROSS_TONNAGE,Gross Tonnage (GT),11.0,10.7,HB-COUNTER-2,MC-2024-0792,Y,day log 2024-12-25,
AMD-001432,2024-12-26,WL-03183,HULL_MATERIAL,Hull Material,POWER_STERNDRIVE,CRUISER,HB-COUNTER-2,registration,N,day log 2024-12-26,
AMD-001433,2024-12-26,WL-02212,PROPULSION_TYPE,Propulsion Type,FOAM_CORE,POWER_INBOARD,HB-COUNTER-2,bill of sale,N,day log 2024-12-26,
AMD-001434,2024-12-27,WL-03183,ENGINE_MAKE,Engine Make / Model,STEEL,CA,HB-COUNTER-2,insurance decl page,N,day log 2024-12-27,
AMD-001435,2024-12-28,WL-02715,ENGINE_HP,Engine Horsepower,85,330,HB-COUNTER-2,bill of sale,N,day log 2024-12-28,
AMD-001436,2024-12-29,WL-03467,ENGINE_HP,Engine Horsepower,110,110,HB-COUNTER-2,owner declaration at counter,N,day log 2024-12-29,
AMD-001437,2024-12-31,WL-01342,NET_TONNAGE,Net Tonnage (NT),13.6,12.7,HB-COUNTER-2,Foldview Marine Services haul-out sheet 2024-02-22,Y,day log 2024-12-31,
AMD-001438,2024-12-31,WL-01914,DRAFT,Draft (Depth),4.1,3.6,HB-COUNTER-2,Foldview Marine Services haul-out sheet 2024-12-05,Y,day log 2024-12-31,
AMD-001439,2025-01-02,WL-01802,HIN,Hull Identification Number,CHD80957K378,CHD77669U334,HB-COUNTER-2,insurance decl page,N,day log 2025-01-02,
AMD-001440,2025-01-03,WL-01130,GROSS_TONNAGE,Gross Tonnage (GT),26.2,27.9,HB-COUNTER-2,MC-2025-0547,Y,day log 2025-01-03,
AMD-001441,2025-01-05,WL-01879,VESSEL_NAME,Vessel Name,CORMORANT ROSE,GRAY ANN,HB-COUNTER-2,bill of sale,N,day log 2025-01-05,
AMD-001442,2025-01-07,WL-01433,NET_TONNAGE,Net Tonnage (NT),9.1,7.8,HB-COUNTER-2,Foldview Marine Services haul-out sheet 2024-01-11,Y,day log 2025-01-07,
AMD-001443,2025-01-08,WL-01076,NET_TONNAGE,Net Tonnage (NT),12.0,10.6,HB-COUNTER-2,MC-2025-0899,Y,day log 2025-01-08,
AMD-001444,2025-01-09,WL-02327,LOA,Length Overall (LOA),26.7,25.0,HB-COUNTER-2,MC-2025-0967,Y,day log 2025-01-09,
AMD-001445,2025-01-09,WL-01338,HIN,Hull Identification Number,CHD13564Q161,CHD36253U615,HB-COUNTER-2,driver's license,N,day log 2025-01-09,
AMD-001446,2025-01-10,WL-03297,HULL_MATERIAL,Hull Material,FIBERGLASS,POWER_INBOARD,HB-COUNTER-2,registration,N,day log 2025-01-10,
AMD-001447,2025-01-10,WL-01431,YEAR_BUILT,Year Built,2012,2012,HB-COUNTER-2,insurance decl page,N,day log 2025-01-10,
AMD-001448,2025-01-12,WL-02174,YEAR_BUILT,Year Built,1990,1990,HB-COUNTER-2,owner declaration at counter,N,day log 2025-01-12,
AMD-001449,2025-01-13,WL-01855,LOA,Length Overall (LOA),31.7,34.4,HB-COUNTER-2,MC-2025-0216,Y,day log 2025-01-13,
AMD-001450,2025-01-13,WL-01062,NET_TONNAGE,Net Tonnage (NT),18.1,20.0,HB-COUNTER-2,Foldview Marine Services haul-out sheet 2023-01-11,Y,day log 2025-01-13,
AMD-001451,2025-01-13,WL-01441,VESSEL_NAME,Vessel Name,SCOTER ROCK,DRIFT GLIDE,HB-COUNTER-2,bill of sale,N,day log 2025-01-13,
AMD-001452,2025-01-13,WL-01598,OFFICIAL_NUM,Official Number / Registration,271015,198933,HB-COUNTER-2,,N,day log 2025-01-13,
AMD-001453,2025-01-14,WL-03650,LOA,Length Overall (LOA),49.2,47.5,HB-COUNTER-2,,Y,day log 2025-01-14,
AMD-001454,2025-01-15,WL-03209,FLAG,Flag State,FIBERGLASS,US,HB-COUNTER-2,,N,day log 2025-01-15,
AMD-001455,2025-01-15,WL-01513,OWNER_NAME,Owner Name,CRUISER,POWER_STERNDRIVE,HB-COUNTER-2,owner declaration at counter,N,day log 2025-01-15,
AMD-001456,2025-01-15,WL-02817,NET_TONNAGE,Net Tonnage (NT),16.8,18.1,HB-COUNTER-2,MC-2025-0246,Y,day log 2025-01-15,
AMD-001457,2025-01-15,WL-01956,VESSEL_NAME,Vessel Name,SEAL REACH,SALISH SHORE,HB-COUNTER-2,,N,day log 2025-01-15,
AMD-001458,2025-01-16,WL-01592,GROSS_TONNAGE,Gross Tonnage (GT),36.3,36.7,HB-COUNTER-2,Foldview Marine Services haul-out sheet 2024-04-05,Y,day log 2025-01-16,
AMD-001459,2025-01-17,WL-01464,OFFICIAL_NUM,Official Number / Registration,894170,848922,HB-COUNTER-2,owner declaration at counter,N,day log 2025-01-17,
AMD-001460,2025-01-17,WL-02180,LOA,Length Overall (LOA),22.6,24.1,HB-COUNTER-2,MC-2025-0415,Y,day log 2025-01-17,
AMD-001461,2025-01-18,WL-01088,FLAG,Flag State,POWER_OUTBOARD,CA,HB-COUNTER-2,driver's license,N,day log 2025-01-18,
AMD-001462,2025-01-19,WL-01835,GROSS_TONNAGE,Gross Tonnage (GT),21.0,22.7,HB-COUNTER-2,MC-2025-0248,Y,day log 2025-01-19,
AMD-001463,2025-01-20,WL-03754,FLAG,Flag State,ALUMINUM,WOOD,HB-COUNTER-2,driver's license,N,day log 2025-01-20,
AMD-001464,2025-01-21,WL-02598,HULL_MATERIAL,Hull Material,SAIL_MONO,FIBERGLASS,HB-COUNTER-2,insurance decl page,N,day log 2025-01-21,
AMD-001465,2025-01-21,WL-02391,DRAFT,Draft (Depth),6.4,6.7,HB-COUNTER-2,MC-2025-0357,Y,day log 2025-01-21,
AMD-001466,2025-01-21,WL-03888,NET_TONNAGE,Net Tonnage (NT),10.6,11.5,HB-COUNTER-2,MC-2025-0514,Y,day log 2025-01-21,
AMD-001467,2025-01-22,WL-02858,DRAFT,Draft (Depth),4.1,4.6,HB-COUNTER-2,MC-2025-0852,Y,day log 2025-01-22,
AMD-001468,2025-01-23,WL-02459,LOA,Length Overall (LOA),24.1,21.5,HB-COUNTER-2,Foldview Marine Services haul-out sheet 2022-12-04,Y,day log 2025-01-23,
AMD-001469,2025-01-23,WL-01356,ENGINE_MAKE,Engine Make / Model,FIBERGLASS,CRUISER,HB-COUNTER-2,driver's license,N,day log 2025-01-23,
AMD-001470,2025-01-23,WL-02861,VESSEL_NAME,Vessel Name,COHO REACH,SABLE VEER,HB-COUNTER-2,,N,day log 2025-01-23,
AMD-001471,2025-01-24,WL-02706,ENGINE_HP,Engine Horsepower,250,250,HB-COUNTER-2,bill of sale,N,day log 2025-01-24,
AMD-001472,2025-01-25,WL-03585,HIN,Hull Identification Number,CHD91654E674,CHD50360P719,HB-COUNTER-2,registration,N,day log 2025-01-25,
AMD-001473,2025-01-25,WL-03574,OWNER_ADDRESS,Owner Address,"669 Christian Square, Seattle, WA","5720 Martinez Dale, Aberdeen, WA",HB-COUNTER-2,bill of sale,N,day log 2025-01-25,
AMD-001474,2025-01-25,WL-02128,GROSS_TONNAGE,Gross Tonnage (GT),27.8,29.1,HB-COUNTER-2,Foldview Marine Services haul-out sheet 2025-01-07,Y,day log 2025-01-25,
AMD-001475,2025-01-25,WL-02247,OFFICIAL_NUM,Official Number / Registration,488997,174779,HB-COUNTER-2,driver's license,N,day log 2025-01-25,
AMD-001476,2025-01-27,WL-02793,ENGINE_MAKE,Engine Make / Model,FOAM_CORE,SAIL_MULTI,HB-COUNTER-2,owner declaration at counter,N,day log 2025-01-27,
AMD-001477,2025-01-28,WL-02170,VESSEL_TYPE,Vessel Type,POWER_INBOARD,CA,HB-COUNTER-2,insurance decl page,N,day log 2025-01-28,
AMD-001478,2025-01-28,WL-01245,NET_TONNAGE,Net Tonnage (NT),13.6,13.1,HB-COUNTER-2,Foldview Marine Services haul-out sheet 2024-05-08,Y,day log 2025-01-28,
AMD-001479,2025-01-29,WL-03322,OFFICIAL_NUM,Official Number / Registration,368537,707819,HB-COUNTER-2,,N,day log 2025-01-29,
AMD-001480,2025-01-30,WL-03228,HULL_MATERIAL,Hull Material,COMMERCIAL_FISH,CA,HB-COUNTER-2,bill of sale,N,day log 2025-01-30,
AMD-001481,2025-01-30,WL-02143,LOA,Length Overall (LOA),49.6,48.4,HB-COUNTER-2,Foldview Marine Services haul-out sheet 2024-10-22,Y,day log 2025-01-30,
AMD-001482,2025-01-31,WL-03181,ENGINE_HP,Engine Horsepower,150,150,HB-COUNTER-2,bill of sale,N,day log 2025-01-31,
AMD-001483,2025-02-01,WL-01143,OWNER_ADDRESS,Owner Address,"8684 Curry Plaza, Aberdeen, WA","2631 Evans Wall, Longview, WA",HB-COUNTER-2,owner declaration at counter,N,day log 2025-02-01,
AMD-001484,2025-02-02,WL-02882,HIN,Hull Identification Number,CHD48582U764,CHD10484L437,HB-COUNTER-2,driver's license,N,day log 2025-02-02,
AMD-001485,2025-02-05,WL-03112,BUILD_LOCATION,Build Location / Yard,CRUISER,SPORTFISH,HB-COUNTER-2,registration,N,day log 2025-02-05,
AMD-001486,2025-02-06,WL-02534,VESSEL_TYPE,Vessel Type,FIBERGLASS,ELECTRIC,HB-COUNTER-2,driver's license,N,day log 2025-02-06,
AMD-001487,2025-02-06,WL-01051,ENGINE_MAKE,Engine Make / Model,CA,SAIL_MONO,HB-COUNTER-2,bill of sale,N,day log 2025-02-06,
AMD-001488,2025-02-06,WL-01653,HIN,Hull Identification Number,CHD90321M191,CHD60066E697,HB-COUNTER-2,registration,N,day log 2025-02-06,
AMD-001489,2025-02-06,WL-03817,NET_TONNAGE,Net Tonnage (NT),10.7,10.6,HB-COUNTER-2,Foldview Marine Services haul-out sheet 2022-09-17,Y,day log 2025-02-06,
AMD-001490,2025-02-06,WL-01636,VESSEL_NAME,Vessel Name,TIDE PASSAGE,PINTAIL WAKE,HB-COUNTER-2,insurance decl page,N,day log 2025-02-06,
AMD-001491,2025-02-07,WL-03026,ENGINE_HP,Engine Horsepower,210,210,HB-COUNTER-2,,N,day log 2025-02-07,
AMD-001492,2025-02-07,WL-01475,NET_TONNAGE,Net Tonnage (NT),13.9,12.8,HB-COUNTER-2,MC-2025-0283,Y,day log 2025-02-07,
AMD-001493,2025-02-08,WL-03773,NET_TONNAGE,Net Tonnage (NT),31.4,30.4,HB-COUNTER-2,MC-2025-0928,Y,day log 2025-02-08,
AMD-001494,2025-02-09,WL-02946,VESSEL_NAME,Vessel Name,SALISH RUNNER,SPINDRIFT DANCER,HB-COUNTER-2,bill of sale,N,day log 2025-02-09,
AMD-001495,2025-02-09,WL-01007,OFFICIAL_NUM,Official Number / Registration,738122,774968,HB-COUNTER-2,insurance decl page,N,day log 2025-02-09,
AMD-001496,2025-02-09,WL-02983,DRAFT,Draft (Depth),2.3,2.0,HB-COUNTER-2,Foldview Marine Services haul-out sheet 2024-10-30,Y,day log 2025-02-09,
AMD-001497,2025-02-10,WL-01365,VESSEL_NAME,Vessel Name,WIDGEON HARBOR,OSPREY HARBOR,HB-COUNTER-2,insurance decl page,N,day log 2025-02-10,
AMD-001498,2025-02-10,WL-01511,DRAFT,Draft (Depth),3.7,3.7,HB-COUNTER-2,Foldview Marine Services haul-out sheet 2024-02-23,Y,day log 2025-02-10,
AMD-001499,2025-02-11,WL-03155,ENGINE_HP,Engine Horsepower,85,210,HB-COUNTER-2,registration,N,day log 2025-02-11,
AMD-001500,2025-02-11,WL-01770,VESSEL_TYPE,Vessel Type,CRUISER,SPORTFISH,HB-COUNTER-2,registration,N,day log 2025-02-11,
AMD-001501,2025-02-11,WL-02002,OWNER_ADDRESS,Owner Address,"8207 Wolfe Estate, Aberdeen, WA","1712 Huang Terrace, Everett, WA",HB-COUNTER-2,owner declaration at counter,N,day log 2025-02-11,
AMD-001502,2025-02-12,WL-03787,FLAG,Flag State,POWER_STERNDRIVE,POWER_STERNDRIVE,HB-COUNTER-2,owner declaration at counter,N,day log 2025-02-12,
AMD-001503,2025-02-13,WL-01074,OFFICIAL_NUM,Official Number / Registration,960230,231690,HB-COUNTER-2,owner declaration at counter,N,day log 2025-02-13,
AMD-001504,2025-02-13,WL-03823,NET_TONNAGE,Net Tonnage (NT),34.5,34.4,HB-COUNTER-2,MC-2025-0596,Y,day log 2025-02-13,
AMD-001505,2025-02-13,WL-01418,OFFICIAL_NUM,Official Number / Registration,625485,779340,HB-COUNTER-2,driver's license,N,day log 2025-02-13,
AMD-001506,2025-02-15,WL-03143,HIN,Hull Identification Number,CHD70947R894,CHD17266G952,HB-COUNTER-2,insurance decl page,N,day log 2025-02-15,
AMD-001507,2025-02-15,WL-01373,NET_TONNAGE,Net Tonnage (NT),23.6,24.6,HB-COUNTER-2,Foldview Marine Services haul-out sheet 2023-01-16,Y,day log 2025-02-15,
AMD-001508,2025-02-16,WL-03517,DRAFT,Draft (Depth),3.1,3.0,HB-COUNTER-2,MC-2025-0485,Y,day log 2025-02-16,
AMD-001509,2025-02-17,WL-01248,NET_TONNAGE,Net Tonnage (NT),26.3,27.9,HB-COUNTER-2,MC-2025-0415,Y,day log 2025-02-17,
AMD-001510,2025-02-17,WL-01955,OWNER_ADDRESS,Owner Address,"5819 Amber Extensions, Port Angeles, WA","128 Cynthia Roads, Olympia, WA",HB-COUNTER-2,bill of sale,N,day log 2025-02-17,
AMD-001511,2025-02-18,WL-01357,OWNER_NAME,Owner Name,POWER_OUTBOARD,CA,HB-COUNTER-2,driver's license,N,day log 2025-02-18,
AMD-001512,2025-02-18,WL-02041,OWNER_ADDRESS,Owner Address,"831 Teresa Creek, Coos Bay, OR","9309 Katelyn Union, Chaldale, WA",HB-COUNTER-2,insurance decl page,N,day log 2025-02-18,
AMD-001513,2025-02-18,WL-03679,ENGINE_HP,Engine Horsepower,375,375,HB-COUNTER-2,insurance decl page,N,day log 2025-02-18,
AMD-001514,2025-02-19,WL-01176,YEAR_BUILT,Year Built,1993,1993,HB-COUNTER-2,bill of sale,N,day log 2025-02-19,
AMD-001515,2025-02-20,WL-01279,NET_TONNAGE,Net Tonnage (NT),22.3,22.2,HB-COUNTER-2,Foldview Marine Services haul-out sheet 2025-02-10,Y,day log 2025-02-20,
AMD-001516,2025-02-20,WL-02885,OWNER_NAME,Owner Name,FOAM_CORE,FOAM_CORE,HB-COUNTER-2,,N,day log 2025-02-20,
AMD-001517,2025-02-21,WL-01171,ENGINE_HP,Engine Horsepower,85,330,HB-COUNTER-2,driver's license,N,day log 2025-02-21,
AMD-001518,2025-02-21,WL-01753,ENGINE_MAKE,Engine Make / Model,FIBERGLASS,POWER_OUTBOARD,HB-COUNTER-2,owner declaration at counter,N,day log 2025-02-21,
AMD-001519,2025-02-22,WL-02035,LOA,Length Overall (LOA),31.1,29.6,HB-COUNTER-2,MC-2025-0618,Y,day log 2025-02-22,
AMD-001520,2025-02-22,WL-02974,OFFICIAL_NUM,Official Number / Registration,432732,311938,HB-COUNTER-2,,N,day log 2025-02-22,
AMD-001521,2025-02-23,WL-01693,FLAG,Flag State,FIBERGLASS,CRUISER,HB-COUNTER-2,driver's license,N,day log 2025-02-23,
AMD-001522,2025-02-24,WL-01386,PROPULSION_TYPE,Propulsion Type,US,CRUISER,HB-COUNTER-2,owner declaration at counter,N,day log 2025-02-24,
AMD-001523,2025-02-26,WL-02456,BEAM,Beam (Width),13.0,13.8,HB-COUNTER-2,MC-2025-0308,Y,day log 2025-02-26,
AMD-001524,2025-02-26,WL-01837,FLAG,Flag State,SAIL_MONO,FOAM_CORE,HB-COUNTER-2,insurance decl page,N,day log 2025-02-26,
AMD-001525,2025-02-28,WL-01612,LOA,Length Overall (LOA),29.6,27.6,HB-COUNTER-2,MC-2025-0220,Y,day log 2025-02-28,
AMD-001526,2025-03-02,WL-01922,GROSS_TONNAGE,Gross Tonnage (GT),13.6,12.8,HB-COUNTER-2,MC-2025-0710,Y,day log 2025-03-02,
AMD-001527,2025-03-02,WL-03583,FLAG,Flag State,ALUMINUM,POWER_STERNDRIVE,HB-COUNTER-2,bill of sale,N,day log 2025-03-02,
AMD-001528,2025-03-03,WL-03577,GROSS_TONNAGE,Gross Tonnage (GT),39.2,39.2,HB-COUNTER-2,Foldview Marine Services haul-out sheet 2024-04-14,Y,day log 2025-03-03,
AMD-001529,2025-03-03,WL-02611,HULL_MATERIAL,Hull Material,SPORTFISH,SAIL_MULTI,HB-COUNTER-2,,N,day log 2025-03-03,
AMD-001530,2025-03-04,WL-02095,FLAG,Flag State,SAIL_MULTI,FOAM_CORE,HB-COUNTER-2,owner declaration at counter,N,day log 2025-03-04,
AMD-001531,2025-03-07,WL-01533,OWNER_NAME,Owner Name,CRUISER,CRUISER,HB-COUNTER-2,,N,day log 2025-03-07,
AMD-001532,2025-03-07,WL-02718,FLAG,Flag State,SAIL_MONO,FIBERGLASS,HB-COUNTER-2,driver's license,N,day log 2025-03-07,
AMD-001533,2025-03-07,WL-02075,VESSEL_TYPE,Vessel Type,SAIL_MULTI,FOAM_CORE,HB-COUNTER-2,,N,day log 2025-03-07,
AMD-001534,2025-03-08,WL-02828,ENGINE_MAKE,Engine Make / Model,CRUISER,COMMERCIAL_FISH,HB-COUNTER-2,,N,day log 2025-03-08,
AMD-001535,2025-03-09,WL-02431,LOA,Length Overall (LOA),26.7,29.1,HB-COUNTER-2,Foldview Marine Services haul-out sheet 2025-01-27,Y,day log 2025-03-09,
AMD-001536,2025-03-10,WL-02722,VESSEL_NAME,Vessel Name,WIDGEON QUEEN,PINTAIL WEATHER,HB-COUNTER-2,bill of sale,N,day log 2025-03-10,
AMD-001537,2025-03-10,WL-03806,VESSEL_NAME,Vessel Name,SPINDRIFT WAKE,OSPREY LINE,HB-COUNTER-2,insurance decl page,N,day log 2025-03-10,
AMD-001538,2025-03-10,WL-03305,OWNER_NAME,Owner Name,FOAM_CORE,HOUSEBOAT,HB-COUNTER-2,registration,N,day log 2025-03-10,
AMD-001539,2025-03-11,WL-01395,HIN,Hull Identification Number,CHD78558Y838,CHD32096E971,HB-COUNTER-2,insurance decl page,N,day log 2025-03-11,
AMD-001540,2025-03-11,WL-01471,HULL_MATERIAL,Hull Material,ELECTRIC,CA,HB-COUNTER-2,registration,N,day log 2025-03-11,
AMD-001541,2025-03-11,WL-01879,YEAR_BUILT,Year Built,2015,2015,HB-COUNTER-2,insurance decl page,N,day log 2025-03-11,
AMD-001542,2025-03-12,WL-03388,BEAM,Beam (Width),10.5,10.2,HB-COUNTER-2,MC-2025-0800,Y,day log 2025-03-12,
AMD-001543,2025-03-13,WL-02995,BUILD_LOCATION,Build Location / Yard,STEEL,TRAWLER,HB-COUNTER-2,driver's license,N,day log 2025-03-13,
AMD-001544,2025-03-14,WL-02988,HIN,Hull Identification Number,CHD48291K227,CHD48291K272,HB-COUNTER-2,registration,N,day log 2025-03-14,
AMD-001545,2025-03-15,WL-02150,LOA,Length Overall (LOA),33.7,36.3,HB-COUNTER-2,MC-2025-0576,Y,day log 2025-03-15,
AMD-001546,2025-03-19,WL-03564,OWNER_ADDRESS,Owner Address,"1416 Andrew Crest, Tacoma, WA","6740 Stone Knolls, Port Angeles, WA",HB-COUNTER-2,driver's license,N,day log 2025-03-19,
AMD-001547,2025-03-19,WL-03838,YEAR_BUILT,Year Built,2006,2006,HB-COUNTER-2,owner declaration at counter,N,day log 2025-03-19,
AMD-001548,2025-03-19,WL-03579,HIN,Hull Identification Number,CHD55972F268,CHD62903N815,HB-COUNTER-2,driver's license,N,day log 2025-03-19,
AMD-001549,2025-03-20,WL-01362,YEAR_BUILT,Year Built,1975,1975,HB-COUNTER-2,,N,day log 2025-03-20,
AMD-001550,2025-03-20,WL-03181,FLAG,Flag State,FIBERGLASS,SAIL_MULTI,HB-COUNTER-2,bill of sale,N,day log 2025-03-20,
AMD-001551,2025-03-20,WL-02078,OWNER_ADDRESS,Owner Address,"6040 Julie Union, Olympia, WA","7531 Compton Square, Aberdeen, WA",HB-COUNTER-2,,N,day log 2025-03-20,
AMD-001552,2025-03-21,WL-03362,BUILD_LOCATION,Build Location / Yard,CA,POWER_INBOARD,HB-COUNTER-2,,N,day log 2025-03-21,
AMD-001553,2025-03-22,WL-02512,OFFICIAL_NUM,Official Number / Registration,998353,401499,HB-COUNTER-2,driver's license,N,day log 2025-03-22,
AMD-001554,2025-03-24,WL-02770,HIN,Hull Identification Number,CHD27815H129,CHD49597G384,HB-COUNTER-2,owner declaration at counter,N,day log 2025-03-24,
AMD-001555,2025-03-25,WL-03297,OFFICIAL_NUM,Official Number / Registration,161470,490869,HB-COUNTER-2,insurance decl page,N,day log 2025-03-25,
AMD-001556,2025-03-25,WL-01274,BUILD_LOCATION,Build Location / Yard,ALUMINUM,STEEL,HB-COUNTER-2,owner declaration at counter,N,day log 2025-03-25,
AMD-001557,2025-03-26,WL-01173,LOA,Length Overall (LOA),20.5,20.8,HB-COUNTER-2,MC-2025-0745,Y,day log 2025-03-26,
AMD-001558,2025-03-26,WL-03574,YEAR_BUILT,Year Built,1999,1999,HB-COUNTER-2,,N,day log 2025-03-26,
AMD-001559,2025-03-27,WL-01239,OWNER_NAME,Owner Name,CRUISER,STEEL,HB-COUNTER-2,bill of sale,N,day log 2025-03-27,
AMD-001560,2025-03-28,WL-02937,BUILD_LOCATION,Build Location / Yard,FIBERGLASS,POWER_INBOARD,HB-COUNTER-2,registration,N,day log 2025-03-28,
AMD-001561,2025-03-28,WL-02221,NET_TONNAGE,Net Tonnage (NT),15.0,13.0,HB-COUNTER-2,MC-2025-0797,Y,day log 2025-03-28,
AMD-001562,2025-03-29,WL-01270,VESSEL_TYPE,Vessel Type,SPORTFISH,POWER_STERNDRIVE,HB-COUNTER-2,insurance decl page,N,day log 2025-03-29,
AMD-001563,2025-03-29,WL-01350,LOA,Length Overall (LOA),38.0,38.8,HB-COUNTER-2,MC-2025-0538,Y,day log 2025-03-29,
AMD-001564,2025-03-30,WL-02080,HULL_MATERIAL,Hull Material,CRUISER,POWER_INBOARD,HB-COUNTER-2,registration,N,day log 2025-03-30,
AMD-001565,2025-03-30,WL-01349,LOA,Length Overall (LOA),32.9,32.4,HB-COUNTER-2,MC-2025-0226,Y,day log 2025-03-30,
AMD-001566,2025-03-30,WL-01816,VESSEL_NAME,Vessel Name,SPINDRIFT PASSAGE,HERON MIST,HB-COUNTER-2,bill of sale,N,day log 2025-03-30,
AMD-001567,2025-03-31,WL-02130,HIN,Hull Identification Number,CHD65730G103,CHD58581C184,HB-COUNTER-2,insurance decl page,N,day log 2025-03-31,
AMD-001568,2025-03-31,WL-03245,LOA,Length Overall (LOA),33.0,32.2,HB-COUNTER-2,MC-2025-0526,Y,day log 2025-03-31,
AMD-001569,2025-03-31,WL-03042,HULL_MATERIAL,Hull Material,POWER_STERNDRIVE,SAIL_MONO,HB-COUNTER-2,,N,day log 2025-03-31,
AMD-001570,2025-04-01,WL-02799,LOA,Length Overall (LOA),48.5,46.4,HB-COUNTER-2,MC-2025-0900,Y,day log 2025-04-01,
AMD-001571,2025-04-01,WL-01034,VESSEL_TYPE,Vessel Type,SAIL_MONO,SAIL_MONO,HB-COUNTER-2,,N,day log 2025-04-01,
AMD-001572,2025-04-03,WL-03728,DRAFT,Draft (Depth),6.3,6.4,HB-COUNTER-2,MC-2025-0205,Y,day log 2025-04-03,
AMD-001573,2025-04-03,WL-02192,ENGINE_HP,Engine Horsepower,330,330,HB-COUNTER-2,,N,day log 2025-04-03,
AMD-001574,2025-04-05,WL-02600,PROPULSION_TYPE,Propulsion Type,SAIL_MONO,FIBERGLASS,HB-COUNTER-2,bill of sale,N,day log 2025-04-05,
AMD-001575,2025-04-06,WL-01552,BEAM,Beam (Width),11.5,11.5,HB-COUNTER-2,MC-2025-0554,Y,day log 2025-04-06,
AMD-001576,2025-04-09,WL-01489,VESSEL_TYPE,Vessel Type,ALUMINUM,POWER_STERNDRIVE,HB-COUNTER-2,registration,N,day log 2025-04-09,
AMD-001577,2025-04-09,WL-03646,LOA,Length Overall (LOA),28.0,28.8,HB-COUNTER-2,MC-2025-0799,Y,day log 2025-04-09,
AMD-001578,2025-04-09,WL-02879,GROSS_TONNAGE,Gross Tonnage (GT),26.1,26.0,HB-COUNTER-2,MC-2025-0903,Y,day log 2025-04-09,
AMD-001579,2025-04-10,WL-01716,VESSEL_NAME,Vessel Name,TIDE WIND,HERON GLIDE,HB-COUNTER-2,bill of sale,N,day log 2025-04-10,
AMD-001580,2025-04-12,WL-01914,HIN,Hull Identification Number,CHD92857F471,CHD16541I336,HB-COUNTER-2,driver's license,N,day log 2025-04-12,
AMD-001581,2025-04-12,WL-02777,OWNER_ADDRESS,Owner Address,"6640 John Cliffs, Seattle, WA","7975 Lambert Mountain, Coos Bay, OR",HB-COUNTER-2,insurance decl page,N,day log 2025-04-12,
AMD-001582,2025-04-13,WL-02255,BEAM,Beam (Width),8.0,7.3,HB-COUNTER-2,Foldview Marine Services haul-out sheet 2025-04-02,Y,day log 2025-04-13,
AMD-001583,2025-04-13,WL-01600,ENGINE_MAKE,Engine Make / Model,HOUSEBOAT,POWER_STERNDRIVE,HB-COUNTER-2,driver's license,N,day log 2025-04-13,
AMD-001584,2025-04-14,WL-03519,VESSEL_TYPE,Vessel Type,CRUISER,POWER_INBOARD,HB-COUNTER-2,bill of sale,N,day log 2025-04-14,
AMD-001585,2025-04-15,WL-01240,VESSEL_TYPE,Vessel Type,FIBERGLASS,FIBERGLASS,HB-COUNTER-2,driver's license,N,day log 2025-04-15,
AMD-001586,2025-04-15,WL-03473,ENGINE_HP,Engine Horsepower,150,110,HB-COUNTER-2,insurance decl page,N,day log 2025-04-15,
AMD-001587,2025-04-15,WL-03848,VESSEL_NAME,Vessel Name,GRAY STAR,SCOTER QUEEN,HB-COUNTER-2,registration,N,day log 2025-04-15,
AMD-001588,2025-04-16,WL-03485,BEAM,Beam (Width),9.8,10.8,HB-COUNTER-2,Foldview Marine Services haul-out sheet 2023-10-21,Y,day log 2025-04-16,
AMD-001589,2025-04-17,WL-01062,PROPULSION_TYPE,Propulsion Type,ALUMINUM,CRUISER,HB-COUNTER-2,registration,N,day log 2025-04-17,
AMD-001590,2025-04-18,WL-01219,GROSS_TONNAGE,Gross Tonnage (GT),7.6,5.8,HB-COUNTER-2,,Y,day log 2025-04-18,
AMD-001591,2025-04-18,WL-02821,LOA,Length Overall (LOA),48.4,48.5,HB-COUNTER-2,Foldview Marine Services haul-out sheet 2023-09-02,Y,day log 2025-04-18,
AMD-001592,2025-04-18,WL-01241,VESSEL_TYPE,Vessel Type,FIBERGLASS,CRUISER,HB-COUNTER-2,bill of sale,N,day log 2025-04-18,
AMD-001593,2025-04-18,WL-02480,OFFICIAL_NUM,Official Number / Registration,579721,225113,HB-COUNTER-2,registration,N,day log 2025-04-18,
AMD-001594,2025-04-21,WL-02115,HIN,Hull Identification Number,CHD65062U330,CHD50453U171,HB-COUNTER-2,insurance decl page,N,day log 2025-04-21,
AMD-001595,2025-04-21,WL-02451,VESSEL_NAME,Vessel Name,MURRE STAR,HERON RUNNER,HB-COUNTER-2,,N,day log 2025-04-21,
AMD-001596,2025-04-21,WL-03014,BEAM,Beam (Width),11.5,12.5,HB-COUNTER-2,MC-2025-0178,Y,day log 2025-04-21,
AMD-001597,2025-04-23,WL-03413,LOA,Length Overall (LOA),33.9,34.4,HB-COUNTER-2,MC-2025-0314,Y,day log 2025-04-23,
AMD-001598,2025-04-23,WL-03035,LOA,Length Overall (LOA),25.5,27.0,HB-COUNTER-2,MC-2025-0956,Y,day log 2025-04-23,
AMD-001599,2025-04-24,WL-02376,ENGINE_MAKE,Engine Make / Model,WOOD,SAIL_MULTI,HB-COUNTER-2,registration,N,day log 2025-04-24,
AMD-001600,2025-04-25,WL-01435,ENGINE_MAKE,Engine Make / Model,US,POWER_STERNDRIVE,HB-COUNTER-2,insurance decl page,N,day log 2025-04-25,
AMD-001601,2025-04-25,WL-02898,HIN,Hull Identification Number,CHD58382Y563,CHD72229I713,HB-COUNTER-2,driver's license,N,day log 2025-04-25,
AMD-001602,2025-04-26,WL-02954,GROSS_TONNAGE,Gross Tonnage (GT),13.5,15.1,HB-COUNTER-2,Foldview Marine Services haul-out sheet 2022-12-16,Y,day log 2025-04-26,
AMD-001603,2025-04-26,WL-02979,YEAR_BUILT,Year Built,1988,1988,HB-COUNTER-2,bill of sale,N,day log 2025-04-26,
AMD-001604,2025-04-26,WL-03135,LOA,Length Overall (LOA),33.2,31.7,HB-COUNTER-2,MC-2025-0228,Y,day log 2025-04-26,
AMD-001605,2025-04-27,WL-02367,ENGINE_MAKE,Engine Make / Model,TRAWLER,ALUMINUM,HB-COUNTER-2,,N,day log 2025-04-27,
AMD-001606,2025-04-28,WL-02090,LOA,Length Overall (LOA),20.7,18.1,HB-COUNTER-2,MC-2025-0913,Y,day log 2025-04-28,
AMD-001607,2025-04-30,WL-03775,NET_TONNAGE,Net Tonnage (NT),13.9,13.2,HB-COUNTER-2,MC-2025-0731,Y,day log 2025-04-30,
AMD-001608,2025-05-01,WL-02816,LOA,Length Overall (LOA),40.9,40.4,HB-COUNTER-2,Foldview Marine Services haul-out sheet 2024-03-15,Y,day log 2025-05-01,
AMD-001609,2025-05-02,WL-02996,GROSS_TONNAGE,Gross Tonnage (GT),33.4,33.3,HB-COUNTER-2,,Y,day log 2025-05-02,
AMD-001610,2025-05-02,WL-01039,BUILD_LOCATION,Build Location / Yard,SAIL_MONO,CA,HB-COUNTER-2,insurance decl page,N,day log 2025-05-02,
AMD-001611,2025-05-02,WL-02444,GROSS_TONNAGE,Gross Tonnage (GT),16.4,18.0,HB-COUNTER-2,MC-2025-0564,Y,day log 2025-05-02,
AMD-001612,2025-05-03,WL-03249,YEAR_BUILT,Year Built,1973,1973,HB-COUNTER-2,owner declaration at counter,N,day log 2025-05-03,
AMD-001613,2025-05-03,WL-02924,VESSEL_NAME,Vessel Name,FOUL LINE,ANCHOR WAKE,HB-COUNTER-2,registration,N,day log 2025-05-03,
AMD-001614,2025-05-03,WL-01720,OWNER_NAME,Owner Name,FIBERGLASS,SAIL_MONO,HB-COUNTER-2,registration,N,day log 2025-05-03,
AMD-001615,2025-05-03,WL-02926,HULL_MATERIAL,Hull Material,POWER_INBOARD,FIBERGLASS,HB-COUNTER-2,,N,day log 2025-05-03,
AMD-001616,2025-05-03,WL-02372,NET_TONNAGE,Net Tonnage (NT),39.8,40.0,HB-COUNTER-2,Foldview Marine Services haul-out sheet 2024-05-14,Y,day log 2025-05-03,
AMD-001617,2025-05-04,WL-03425,ENGINE_HP,Engine Horsepower,330,150,HB-COUNTER-2,owner declaration at counter,N,day log 2025-05-04,
AMD-001618,2025-05-06,WL-02733,OWNER_NAME,Owner Name,POWER_INBOARD,FIBERGLASS,HB-COUNTER-2,driver's license,N,day log 2025-05-06,
AMD-001619,2025-05-06,WL-01556,VESSEL_TYPE,Vessel Type,ELECTRIC,CA,HB-COUNTER-2,driver's license,N,day log 2025-05-06,
AMD-001620,2025-05-06,WL-01328,LOA,Length Overall (LOA),41.9,43.0,HB-COUNTER-2,MC-2025-0852,Y,day log 2025-05-06,
AMD-001621,2025-05-07,WL-02710,YEAR_BUILT,Year Built,1989,1989,HB-COUNTER-2,insurance decl page,N,day log 2025-05-07,
AMD-001622,2025-05-08,WL-02517,FLAG,Flag State,SAIL_MONO,ALUMINUM,HB-COUNTER-2,bill of sale,N,day log 2025-05-08,
AMD-001623,2025-05-09,WL-03882,OWNER_ADDRESS,Owner Address,"4416 Brian Walk, Longview, WA","7232 Morrison Gardens, Bellingham, WA",HB-COUNTER-2,,N,day log 2025-05-09,
AMD-001624,2025-05-09,WL-01857,OWNER_ADDRESS,Owner Address,"7195 Barbara Parkway, Port Angeles, WA","5926 Jones Views, Newport, OR",HB-COUNTER-2,owner declaration at counter,N,day log 2025-05-09,
AMD-001625,2025-05-10,WL-03092,HIN,Hull Identification Number,CHD27441S431,CHD52236Y905,HB-COUNTER-2,registration,N,day log 2025-05-10,
AMD-001626,2025-05-11,WL-01334,GROSS_TONNAGE,Gross Tonnage (GT),32.6,32.7,HB-COUNTER-2,MC-2025-0635,Y,day log 2025-05-11,
AMD-001627,2025-05-11,WL-02250,OWNER_ADDRESS,Owner Address,"764 Garcia Branch, Astoria, OR","5579 Devin Plains, Seattle, WA",HB-COUNTER-2,insurance decl page,N,day log 2025-05-11,
AMD-001628,2025-05-13,WL-01567,HULL_MATERIAL,Hull Material,POWER_INBOARD,POWER_STERNDRIVE,HB-COUNTER-2,driver's license,N,day log 2025-05-13,
AMD-001629,2025-05-13,WL-02552,OWNER_NAME,Owner Name,SAIL_MONO,POWER_STERNDRIVE,HB-COUNTER-2,insurance decl page,N,day log 2025-05-13,
AMD-001630,2025-05-13,WL-02772,OFFICIAL_NUM,Official Number / Registration,703365,821807,HB-COUNTER-2,registration,N,day log 2025-05-13,
AMD-001631,2025-05-14,WL-03791,VESSEL_NAME,Vessel Name,SALISH LIGHT,SCOTER DANCER,HB-COUNTER-2,,N,day log 2025-05-14,
AMD-001632,2025-05-15,WL-03154,HIN,Hull Identification Number,CHD71389Y497,CHD92720A151,HB-COUNTER-2,bill of sale,N,day log 2025-05-15,
AMD-001633,2025-05-15,WL-02887,OFFICIAL_NUM,Official Number / Registration,341955,725384,HB-COUNTER-2,registration,N,day log 2025-05-15,
AMD-001634,2025-05-15,WL-03514,VESSEL_NAME,Vessel Name,SCOTER ROCK,HERON WIND,HB-COUNTER-2,bill of sale,N,day log 2025-05-15,
AMD-001635,2025-05-16,WL-03261,LOA,Length Overall (LOA),49.6,47.6,HB-COUNTER-2,MC-2025-0420,Y,day log 2025-05-16,
AMD-001636,2025-05-16,WL-03769,DRAFT,Draft (Depth),5.9,5.9,HB-COUNTER-2,MC-2025-0825,Y,day log 2025-05-16,
AMD-001637,2025-05-17,WL-02364,YEAR_BUILT,Year Built,1976,1976,HB-COUNTER-2,driver's license,N,day log 2025-05-17,
AMD-001638,2025-05-20,WL-01588,PROPULSION_TYPE,Propulsion Type,FOAM_CORE,STEEL,HB-COUNTER-2,registration,N,day log 2025-05-20,
AMD-001639,2025-05-20,WL-02251,OWNER_ADDRESS,Owner Address,"3822 Anderson Underpass, Coos Bay, OR","8899 Peterson Oval, Bellingham, WA",HB-COUNTER-2,registration,N,day log 2025-05-20,
AMD-001640,2025-05-21,WL-02024,HIN,Hull Identification Number,CHD72618K124,CHD92581Z846,HB-COUNTER-2,registration,N,day log 2025-05-21,
AMD-001641,2025-05-21,WL-02396,VESSEL_TYPE,Vessel Type,POWER_STERNDRIVE,WOOD,HB-COUNTER-2,insurance decl page,N,day log 2025-05-21,
AMD-001642,2025-05-22,WL-01663,FLAG,Flag State,ELECTRIC,POWER_INBOARD,HB-COUNTER-2,owner declaration at counter,N,day log 2025-05-22,
AMD-001643,2025-05-22,WL-03308,ENGINE_MAKE,Engine Make / Model,HOUSEBOAT,POWER_STERNDRIVE,HB-COUNTER-2,driver's license,N,day log 2025-05-22,
AMD-001644,2025-05-22,WL-03092,BUILD_LOCATION,Build Location / Yard,POWER_OUTBOARD,POWER_STERNDRIVE,HB-COUNTER-2,insurance decl page,N,day log 2025-05-22,
AMD-001645,2025-05-23,WL-02576,ENGINE_MAKE,Engine Make / Model,CRUISER,ELECTRIC,HB-COUNTER-2,registration,N,day log 2025-05-23,
AMD-001646,2025-05-23,WL-01993,LOA,Length Overall (LOA),20.4,20.3,HB-COUNTER-2,Foldview Marine Services haul-out sheet 2023-08-13,Y,day log 2025-05-23,
AMD-001647,2025-05-23,WL-02083,LOA,Length Overall (LOA),37.1,35.0,HB-COUNTER-2,MC-2025-0442,Y,day log 2025-05-23,
AMD-001648,2025-05-23,WL-02299,FLAG,Flag State,ELECTRIC,US,HB-COUNTER-2,registration,N,day log 2025-05-23,
AMD-001649,2025-05-24,WL-03825,HIN,Hull Identification Number,CHD71351D540,CHD55005G467,HB-COUNTER-2,registration,N,day log 2025-05-24,
AMD-001650,2025-05-24,WL-01782,PROPULSION_TYPE,Propulsion Type,SAIL_MONO,FIBERGLASS,HB-COUNTER-2,driver's license,N,day log 2025-05-24,
AMD-001651,2025-05-24,WL-02156,OFFICIAL_NUM,Official Number / Registration,898446,208441,HB-COUNTER-2,,N,day log 2025-05-24,
AMD-001652,2025-05-25,WL-03492,DRAFT,Draft (Depth),4.1,3.7,HB-COUNTER-2,MC-2025-0303,Y,day log 2025-05-25,
AMD-001653,2025-05-25,WL-03537,FLAG,Flag State,HOUSEBOAT,SAIL_MONO,HB-COUNTER-2,registration,N,day log 2025-05-25,
AMD-001654,2025-05-25,WL-01075,GROSS_TONNAGE,Gross Tonnage (GT),33.0,34.2,HB-COUNTER-2,MC-2025-0791,Y,day log 2025-05-25,
AMD-001655,2025-05-26,WL-03503,LOA,Length Overall (LOA),46.2,48.2,HB-COUNTER-2,MC-2025-0353,Y,day log 2025-05-26,
AMD-001656,2025-05-26,WL-03258,VESSEL_NAME,Vessel Name,TIDE WAKE,TIDE WEATHER,HB-COUNTER-2,driver's license,N,day log 2025-05-26,
AMD-001657,2025-05-26,WL-01801,YEAR_BUILT,Year Built,2009,2009,HB-COUNTER-2,insurance decl page,N,day log 2025-05-26,
AMD-001658,2025-05-27,WL-01901,ENGINE_MAKE,Engine Make / Model,ALUMINUM,FIBERGLASS,HB-COUNTER-2,registration,N,day log 2025-05-27,
AMD-001659,2025-05-27,WL-01977,LOA,Length Overall (LOA),23.5,23.3,HB-COUNTER-2,MC-2025-0974,Y,day log 2025-05-27,
AMD-001660,2025-05-28,WL-02527,OFFICIAL_NUM,Official Number / Registration,819215,117621,HB-COUNTER-2,bill of sale,N,day log 2025-05-28,
AMD-001661,2025-05-29,WL-02290,OWNER_ADDRESS,Owner Address,"847 Hess Haven, Astoria, OR","8236 Devin Islands, Portland, OR",HB-COUNTER-2,registration,N,day log 2025-05-29,
AMD-001662,2025-05-30,WL-01866,BUILD_LOCATION,Build Location / Yard,COMMERCIAL_FISH,CRUISER,HB-COUNTER-2,bill of sale,N,day log 2025-05-30,
AMD-001663,2025-06-02,WL-01250,GROSS_TONNAGE,Gross Tonnage (GT),17.9,18.5,HB-COUNTER-2,MC-2025-0698,Y,day log 2025-06-02,
AMD-001664,2025-06-05,WL-03006,OWNER_NAME,Owner Name,CRUISER,WOOD,HB-COUNTER-2,bill of sale,N,day log 2025-06-05,
AMD-001665,2025-06-05,WL-03742,BEAM,Beam (Width),10.0,10.8,HB-COUNTER-2,MC-2025-0744,Y,day log 2025-06-05,
AMD-001666,2025-06-05,WL-02353,VESSEL_NAME,Vessel Name,WIDGEON STAR,COHO STAR,HB-COUNTER-2,driver's license,N,day log 2025-06-05,
AMD-001667,2025-06-05,WL-02517,PROPULSION_TYPE,Propulsion Type,TRAWLER,SAIL_MONO,HB-COUNTER-2,registration,N,day log 2025-06-05,
AMD-001668,2025-06-06,WL-02558,OWNER_ADDRESS,Owner Address,"6270 White Trail, Newport, OR","3852 Thornton Cape, Longview, WA",HB-COUNTER-2,owner declaration at counter,N,day log 2025-06-06,
AMD-001669,2025-06-06,WL-01552,BUILD_LOCATION,Build Location / Yard,US,US,HB-COUNTER-2,registration,N,day log 2025-06-06,
AMD-001670,2025-06-07,WL-02897,YEAR_BUILT,Year Built,1999,1999,HB-COUNTER-2,owner declaration at counter,N,day log 2025-06-07,
AMD-001671,2025-06-07,WL-03271,HIN,Hull Identification Number,CHD98767V523,CHD42909N186,HB-COUNTER-2,bill of sale,N,day log 2025-06-07,
AMD-001672,2025-06-08,WL-02755,HULL_MATERIAL,Hull Material,US,FOAM_CORE,HB-COUNTER-2,driver's license,N,day log 2025-06-08,
AMD-001673,2025-06-09,WL-03901,ENGINE_HP,Engine Horsepower,375,110,HB-COUNTER-2,owner declaration at counter,N,day log 2025-06-09,
AMD-001674,2025-06-12,WL-01926,DRAFT,Draft (Depth),5.0,4.8,HB-COUNTER-2,Foldview Marine Services haul-out sheet 2025-04-23,Y,day log 2025-06-12,
AMD-001675,2025-06-12,WL-03779,GROSS_TONNAGE,Gross Tonnage (GT),7.2,8.8,HB-COUNTER-2,MC-2025-0388,Y,day log 2025-06-12,
AMD-001676,2025-06-12,WL-03309,PROPULSION_TYPE,Propulsion Type,FIBERGLASS,POWER_INBOARD,HB-COUNTER-2,bill of sale,N,day log 2025-06-12,
AMD-001677,2025-06-13,WL-01569,HULL_MATERIAL,Hull Material,HOUSEBOAT,SAIL_MONO,HB-COUNTER-2,driver's license,N,day log 2025-06-13,
AMD-001678,2025-06-14,WL-03472,PROPULSION_TYPE,Propulsion Type,STEEL,TRAWLER,HB-COUNTER-2,,N,day log 2025-06-14,
AMD-001679,2025-06-16,WL-03697,VESSEL_NAME,Vessel Name,SALISH QUEEN,ANCHOR DANCER,HB-COUNTER-2,registration,N,day log 2025-06-16,
AMD-001680,2025-06-17,WL-02164,BEAM,Beam (Width),14.4,14.9,HB-COUNTER-2,MC-2025-0328,Y,day log 2025-06-17,
AMD-001681,2025-06-18,WL-01556,LOA,Length Overall (LOA),25.6,27.3,HB-COUNTER-2,Foldview Marine Services haul-out sheet 2023-09-08,Y,day log 2025-06-18,
AMD-001682,2025-06-19,WL-02604,GROSS_TONNAGE,Gross Tonnage (GT),31.3,29.9,HB-COUNTER-2,Foldview Marine Services haul-out sheet 2023-07-14,Y,day log 2025-06-19,
AMD-001683,2025-06-20,WL-01586,VESSEL_TYPE,Vessel Type,HOUSEBOAT,FIBERGLASS,HB-COUNTER-2,driver's license,N,day log 2025-06-20,
AMD-001684,2025-06-21,WL-03814,GROSS_TONNAGE,Gross Tonnage (GT),28.7,30.1,HB-COUNTER-2,MC-2025-0577,Y,day log 2025-06-21,
AMD-001685,2025-06-22,WL-02641,OFFICIAL_NUM,Official Number / Registration,904159,575121,HB-COUNTER-2,insurance decl page,N,day log 2025-06-22,
AMD-001686,2025-06-22,WL-01055,HULL_MATERIAL,Hull Material,STEEL,FIBERGLASS,HB-COUNTER-2,bill of sale,N,day log 2025-06-22,
AMD-001687,2025-06-23,WL-03755,GROSS_TONNAGE,Gross Tonnage (GT),29.4,28.9,HB-COUNTER-2,MC-2025-0614,Y,day log 2025-06-23,
AMD-001688,2025-06-23,WL-03371,HIN,Hull Identification Number,CHD49566C878,CHD76172Q784,HB-COUNTER-2,owner declaration at counter,N,day log 2025-06-23,
AMD-001689,2025-06-25,WL-02795,DRAFT,Draft (Depth),7.4,7.3,HB-COUNTER-2,MC-2025-0500,Y,day log 2025-06-25,
AMD-001690,2025-06-25,WL-01298,OWNER_NAME,Owner Name,COMMERCIAL_FISH,POWER_INBOARD,HB-COUNTER-2,driver's license,N,day log 2025-06-25,
AMD-001691,2025-06-25,WL-02109,LOA,Length Overall (LOA),28.0,30.9,HB-COUNTER-2,MC-2025-0282,Y,day log 2025-06-25,
AMD-001692,2025-06-25,WL-03673,VESSEL_NAME,Vessel Name,SEAL LIGHT,FOUL LIGHT,HB-COUNTER-2,insurance decl page,N,day log 2025-06-25,
AMD-001693,2025-06-25,WL-02571,PROPULSION_TYPE,Propulsion Type,FIBERGLASS,CRUISER,HB-COUNTER-2,bill of sale,N,day log 2025-06-25,
AMD-001694,2025-06-25,WL-02553,VESSEL_NAME,Vessel Name,POINT GLIDE,POINT WIND,HB-COUNTER-2,,N,day log 2025-06-25,
AMD-001695,2025-06-26,WL-02213,LOA,Length Overall (LOA),52.8,52.0,HB-COUNTER-2,MC-2025-0835,Y,day log 2025-06-26,
AMD-001696,2025-06-27,WL-01822,FLAG,Flag State,HOUSEBOAT,FIBERGLASS,HB-COUNTER-2,registration,N,day log 2025-06-27,
AMD-001697,2025-06-28,WL-03794,OWNER_ADDRESS,Owner Address,"2192 Hooper Summit, Everett, WA","3271 Lane Rest, Chaldale, WA",HB-COUNTER-2,bill of sale,N,day log 2025-06-28,
AMD-001698,2025-06-29,WL-02219,PROPULSION_TYPE,Propulsion Type,US,POWER_INBOARD,HB-COUNTER-2,owner declaration at counter,N,day log 2025-06-29,
AMD-001699,2025-06-30,WL-03302,BUILD_LOCATION,Build Location / Yard,CRUISER,CRUISER,HB-COUNTER-2,insurance decl page,N,day log 2025-06-30,
AMD-001700,2025-06-30,WL-01474,LOA,Length Overall (LOA),37.7,40.2,HB-COUNTER-2,Foldview Marine Services haul-out sheet 2022-08-04,Y,day log 2025-06-30,
AMD-001701,2025-06-30,WL-03285,VESSEL_NAME,Vessel Name,TIDE HARBOR,SCOTER ROSE,HB-COUNTER-2,driver's license,N,day log 2025-06-30,
AMD-001702,2025-07-01,WL-03102,LOA,Length Overall (LOA),36.4,35.8,HB-COUNTER-2,Foldview Marine Services haul-out measurement sheet 2025-06-29,Y,day log 2025-07-01,Sheet received at counter 2025-07-01; measured on the hard 35.8 ft.
AMD-001703,2025-07-03,WL-03661,OWNER_ADDRESS,Owner Address,"9212 Turner Stream, Chaldale, WA","5555 Victoria Terrace, Seattle, WA",HB-COUNTER-2,,N,day log 2025-07-03,
AMD-001704,2025-07-03,WL-01691,VESSEL_TYPE,Vessel Type,SAIL_MONO,SPORTFISH,HB-COUNTER-2,driver's license,N,day log 2025-07-03,
AMD-001705,2025-07-04,WL-03031,LOA,Length Overall (LOA),44.3,41.7,HB-COUNTER-2,MC-2025-0532,Y,day log 2025-07-04,
AMD-001706,2025-07-04,WL-02880,VESSEL_TYPE,Vessel Type,FIBERGLASS,TRAWLER,HB-COUNTER-2,insurance decl page,N,day log 2025-07-04,
AMD-001707,2025-07-05,WL-03534,OFFICIAL_NUM,Official Number / Registration,612109,967585,HB-COUNTER-2,,N,day log 2025-07-05,
AMD-001708,2025-07-07,WL-03395,VESSEL_NAME,Vessel Name,TIDE CREST,COHO BAY,HB-COUNTER-2,driver's license,N,day log 2025-07-07,
AMD-001709,2025-07-07,WL-02287,OWNER_NAME,Owner Name,CRUISER,SAIL_MULTI,HB-COUNTER-2,insurance decl page,N,day log 2025-07-07,
AMD-001710,2025-07-07,WL-03703,VESSEL_TYPE,Vessel Type,WOOD,CRUISER,HB-COUNTER-2,,N,day log 2025-07-07,
AMD-001711,2025-07-08,WL-02837,BUILD_LOCATION,Build Location / Yard,TRAWLER,SAIL_MONO,HB-COUNTER-2,bill of sale,N,day log 2025-07-08,
AMD-001712,2025-07-09,WL-02662,BUILD_LOCATION,Build Location / Yard,US,SAIL_MONO,HB-COUNTER-2,registration,N,day log 2025-07-09,
AMD-001713,2025-07-10,WL-02579,BEAM,Beam (Width),10.8,10.0,HB-COUNTER-2,MC-2025-0583,Y,day log 2025-07-10,
AMD-001714,2025-07-11,WL-01616,BEAM,Beam (Width),13.5,13.0,HB-COUNTER-2,Foldview Marine Services haul-out sheet 2023-05-17,Y,day log 2025-07-11,
AMD-001715,2025-07-13,WL-03496,VESSEL_TYPE,Vessel Type,POWER_INBOARD,POWER_STERNDRIVE,HB-COUNTER-2,,N,day log 2025-07-13,
AMD-001716,2025-07-13,WL-03066,HULL_MATERIAL,Hull Material,COMMERCIAL_FISH,WOOD,HB-COUNTER-2,owner declaration at counter,N,day log 2025-07-13,
AMD-001717,2025-07-14,WL-02950,HIN,Hull Identification Number,CHD84396V481,CHD49520E841,HB-COUNTER-2,bill of sale,N,day log 2025-07-14,
AMD-001718,2025-07-15,WL-01118,ENGINE_MAKE,Engine Make / Model,COMMERCIAL_FISH,STEEL,HB-COUNTER-2,bill of sale,N,day log 2025-07-15,
AMD-001719,2025-07-18,WL-03847,HIN,Hull Identification Number,CHD53899W543,CHD47910R982,HB-COUNTER-2,registration,N,day log 2025-07-18,
AMD-001720,2025-07-18,WL-01728,ENGINE_MAKE,Engine Make / Model,CRUISER,CRUISER,HB-COUNTER-2,,N,day log 2025-07-18,
AMD-001721,2025-07-19,WL-01571,OWNER_NAME,Owner Name,SAIL_MONO,CRUISER,HB-COUNTER-2,,N,day log 2025-07-19,
AMD-001722,2025-07-19,WL-01064,PROPULSION_TYPE,Propulsion Type,POWER_INBOARD,US,HB-COUNTER-2,driver's license,N,day log 2025-07-19,
AMD-001723,2025-07-20,WL-03207,VESSEL_NAME,Vessel Name,SCOTER LINE,HALIBUT WAKE,HB-COUNTER-2,bill of sale,N,day log 2025-07-20,
AMD-001724,2025-07-21,WL-02272,VESSEL_NAME,Vessel Name,BRANT ROSE,SPINDRIFT QUEEN,HB-COUNTER-2,bill of sale,N,day log 2025-07-21,
AMD-001725,2025-07-21,WL-01806,OWNER_ADDRESS,Owner Address,"5953 Baker Cove, Bremerton, WA","4661 Elizabeth Via, Seattle, WA",HB-COUNTER-2,driver's license,N,day log 2025-07-21,
AMD-001726,2025-07-23,WL-01447,YEAR_BUILT,Year Built,1988,1988,HB-COUNTER-2,driver's license,N,day log 2025-07-23,
AMD-001727,2025-07-23,WL-02506,LOA,Length Overall (LOA),26.3,28.5,HB-COUNTER-2,MC-2025-0701,Y,day log 2025-07-23,
AMD-001728,2025-07-23,WL-03379,OFFICIAL_NUM,Official Number / Registration,285335,942367,HB-COUNTER-2,bill of sale,N,day log 2025-07-23,
AMD-001729,2025-07-24,WL-03905,OWNER_NAME,Owner Name,SPORTFISH,POWER_INBOARD,HB-COUNTER-2,bill of sale,N,day log 2025-07-24,
AMD-001730,2025-07-26,WL-03821,BUILD_LOCATION,Build Location / Yard,SAIL_MULTI,SAIL_MULTI,HB-COUNTER-2,,N,day log 2025-07-26,
AMD-001731,2025-07-27,WL-03412,VESSEL_NAME,Vessel Name,WIDGEON SOUND,SEAL VEER,HB-COUNTER-2,bill of sale,N,day log 2025-07-27,
AMD-001732,2025-07-27,WL-02012,VESSEL_NAME,Vessel Name,DRIFT LIGHT,DRIFT MIST,HB-COUNTER-2,insurance decl page,N,day log 2025-07-27,
AMD-001733,2025-07-27,WL-01416,ENGINE_MAKE,Engine Make / Model,WOOD,FIBERGLASS,HB-COUNTER-2,bill of sale,N,day log 2025-07-27,
AMD-001734,2025-07-28,WL-01254,BUILD_LOCATION,Build Location / Yard,POWER_INBOARD,ALUMINUM,HB-COUNTER-2,owner declaration at counter,N,day log 2025-07-28,
AMD-001735,2025-07-28,WL-03519,GROSS_TONNAGE,Gross Tonnage (GT),11.1,12.4,HB-COUNTER-2,MC-2025-0506,Y,day log 2025-07-28,
AMD-001736,2025-07-29,WL-03509,OWNER_NAME,Owner Name,US,TRAWLER,HB-COUNTER-2,bill of sale,N,day log 2025-07-29,
AMD-001737,2025-07-30,WL-03822,PROPULSION_TYPE,Propulsion Type,POWER_STERNDRIVE,CRUISER,HB-COUNTER-2,,N,day log 2025-07-30,
AMD-001738,2025-07-31,WL-03046,DRAFT,Draft (Depth),6.2,5.8,HB-COUNTER-2,MC-2025-0173,Y,day log 2025-07-31,
AMD-001739,2025-08-01,WL-01732,PROPULSION_TYPE,Propulsion Type,STEEL,SPORTFISH,HB-COUNTER-2,insurance decl page,N,day log 2025-08-01,
AMD-001740,2025-08-03,WL-01168,BUILD_LOCATION,Build Location / Yard,ALUMINUM,FOAM_CORE,HB-COUNTER-2,bill of sale,N,day log 2025-08-03,
AMD-001741,2025-08-03,WL-02017,PROPULSION_TYPE,Propulsion Type,ELECTRIC,US,HB-COUNTER-2,owner declaration at counter,N,day log 2025-08-03,
AMD-001742,2025-08-03,WL-01057,OWNER_NAME,Owner Name,CRUISER,FIBERGLASS,HB-COUNTER-2,bill of sale,N,day log 2025-08-03,
AMD-001743,2025-08-03,WL-01774,VESSEL_NAME,Vessel Name,FOUL WAKE,FOUL ROSE,HB-COUNTER-2,,N,day log 2025-08-03,
AMD-001744,2025-08-03,WL-03292,HULL_MATERIAL,Hull Material,WOOD,CRUISER,HB-COUNTER-2,registration,N,day log 2025-08-03,
AMD-001745,2025-08-04,WL-02125,ENGINE_HP,Engine Horsepower,330,150,HB-COUNTER-2,bill of sale,N,day log 2025-08-04,
AMD-001746,2025-08-05,WL-02242,HULL_MATERIAL,Hull Material,CA,FOAM_CORE,HB-COUNTER-2,driver's license,N,day log 2025-08-05,
AMD-001747,2025-08-05,WL-03007,ENGINE_MAKE,Engine Make / Model,FIBERGLASS,CA,HB-COUNTER-2,owner declaration at counter,N,day log 2025-08-05,
AMD-001748,2025-08-08,WL-03304,FLAG,Flag State,SAIL_MULTI,SPORTFISH,HB-COUNTER-2,bill of sale,N,day log 2025-08-08,
AMD-001749,2025-08-09,WL-01867,LOA,Length Overall (LOA),48.9,49.3,HB-COUNTER-2,MC-2025-0894,Y,day log 2025-08-09,
AMD-001750,2025-08-10,WL-01305,VESSEL_NAME,Vessel Name,FOUL CREST,SABLE SONG,HB-COUNTER-2,driver's license,N,day log 2025-08-10,
AMD-001751,2025-08-10,WL-02531,NET_TONNAGE,Net Tonnage (NT),4.3,3.3,HB-COUNTER-2,Foldview Marine Services haul-out sheet 2024-06-24,Y,day log 2025-08-10,
AMD-001752,2025-08-10,WL-03159,PROPULSION_TYPE,Propulsion Type,COMMERCIAL_FISH,POWER_INBOARD,HB-COUNTER-2,bill of sale,N,day log 2025-08-10,
AMD-001753,2025-08-10,WL-01107,PROPULSION_TYPE,Propulsion Type,FIBERGLASS,CRUISER,HB-COUNTER-2,insurance decl page,N,day log 2025-08-10,
AMD-001754,2025-08-11,WL-02045,BEAM,Beam (Width),15.9,16.0,HB-COUNTER-2,MC-2025-0951,Y,day log 2025-08-11,
AMD-001755,2025-08-14,WL-01544,ENGINE_MAKE,Engine Make / Model,US,WOOD,HB-COUNTER-2,owner declaration at counter,N,day log 2025-08-14,
AMD-001756,2025-08-15,WL-03414,ENGINE_HP,Engine Horsepower,85,85,HB-COUNTER-2,insurance decl page,N,day log 2025-08-15,
AMD-001757,2025-08-16,WL-01137,NET_TONNAGE,Net Tonnage (NT),38.1,39.4,HB-COUNTER-2,MC-2025-0817,Y,day log 2025-08-16,
AMD-001758,2025-08-17,WL-02702,DRAFT,Draft (Depth),6.9,6.4,HB-COUNTER-2,Foldview Marine Services haul-out sheet 2024-10-16,Y,day log 2025-08-17,
AMD-001759,2025-08-19,WL-01774,ENGINE_MAKE,Engine Make / Model,US,SAIL_MONO,HB-COUNTER-2,owner declaration at counter,N,day log 2025-08-19,
AMD-001760,2025-08-21,WL-02583,PROPULSION_TYPE,Propulsion Type,FIBERGLASS,CRUISER,HB-COUNTER-2,insurance decl page,N,day log 2025-08-21,
AMD-001761,2025-08-22,WL-03724,DRAFT,Draft (Depth),7.4,7.5,HB-COUNTER-2,,Y,day log 2025-08-22,
AMD-001762,2025-08-22,WL-03289,VESSEL_TYPE,Vessel Type,CRUISER,FOAM_CORE,HB-COUNTER-2,owner declaration at counter,N,day log 2025-08-22,
AMD-001763,2025-08-22,WL-02825,ENGINE_HP,Engine Horsepower,330,150,HB-COUNTER-2,insurance decl page,N,day log 2025-08-22,
AMD-001764,2025-08-23,WL-03629,OWNER_ADDRESS,Owner Address,"654 Megan Springs, Newport, OR","8410 Martha Court, Portland, OR",HB-COUNTER-2,owner declaration at counter,N,day log 2025-08-23,
AMD-001765,2025-08-24,WL-02218,FLAG,Flag State,CA,STEEL,HB-COUNTER-2,insurance decl page,N,day log 2025-08-24,
AMD-001766,2025-08-25,WL-03582,YEAR_BUILT,Year Built,2016,2016,HB-COUNTER-2,owner declaration at counter,N,day log 2025-08-25,
AMD-001767,2025-08-26,WL-02456,ENGINE_MAKE,Engine Make / Model,SPORTFISH,SAIL_MONO,HB-COUNTER-2,driver's license,N,day log 2025-08-26,
AMD-001768,2025-08-27,WL-02227,ENGINE_MAKE,Engine Make / Model,TRAWLER,US,HB-COUNTER-2,driver's license,N,day log 2025-08-27,
AMD-001769,2025-08-28,WL-01947,BUILD_LOCATION,Build Location / Yard,WOOD,FIBERGLASS,HB-COUNTER-2,owner declaration at counter,N,day log 2025-08-28,
AMD-001770,2025-08-28,WL-03308,DRAFT,Draft (Depth),7.1,6.8,HB-COUNTER-2,MC-2025-0202,Y,day log 2025-08-28,
AMD-001771,2025-08-28,WL-02914,NET_TONNAGE,Net Tonnage (NT),6.7,6.5,HB-COUNTER-2,Foldview Marine Services haul-out sheet 2023-01-21,Y,day log 2025-08-28,
AMD-001772,2025-08-29,WL-02468,HIN,Hull Identification Number,CHD70309W258,CHD63347F596,HB-COUNTER-2,bill of sale,N,day log 2025-08-29,
AMD-001773,2025-08-30,WL-03467,FLAG,Flag State,FIBERGLASS,FIBERGLASS,HB-COUNTER-2,registration,N,day log 2025-08-30,
AMD-001774,2025-08-30,WL-02405,VESSEL_TYPE,Vessel Type,FIBERGLASS,SAIL_MONO,HB-COUNTER-2,,N,day log 2025-08-30,
AMD-001775,2025-09-01,WL-02040,DRAFT,Draft (Depth),3.7,3.4,HB-COUNTER-2,MC-2025-0964,Y,day log 2025-09-01,
AMD-001776,2025-09-01,WL-02362,BUILD_LOCATION,Build Location / Yard,POWER_INBOARD,POWER_INBOARD,HB-COUNTER-2,registration,N,day log 2025-09-01,
AMD-001777,2025-09-02,WL-01753,OWNER_NAME,Owner Name,FIBERGLASS,COMMERCIAL_FISH,HB-COUNTER-2,owner declaration at counter,N,day log 2025-09-02,
AMD-001778,2025-09-03,WL-02031,LOA,Length Overall (LOA),22.5,22.1,HB-COUNTER-2,Foldview Marine Services haul-out sheet 2024-11-05,Y,day log 2025-09-03,
AMD-001779,2025-09-03,WL-01603,LOA,Length Overall (LOA),33.0,34.0,HB-COUNTER-2,Foldview Marine Services haul-out sheet 2024-03-27,Y,day log 2025-09-03,
AMD-001780,2025-09-03,WL-03286,HULL_MATERIAL,Hull Material,CRUISER,TRAWLER,HB-COUNTER-2,bill of sale,N,day log 2025-09-03,
AMD-001781,2025-09-04,WL-01315,BUILD_LOCATION,Build Location / Yard,POWER_STERNDRIVE,SAIL_MONO,HB-COUNTER-2,,N,day log 2025-09-04,
AMD-001782,2025-09-05,WL-01069,BUILD_LOCATION,Build Location / Yard,POWER_OUTBOARD,STEEL,HB-COUNTER-2,insurance decl page,N,day log 2025-09-05,
AMD-001783,2025-09-06,WL-01635,ENGINE_MAKE,Engine Make / Model,SPORTFISH,FIBERGLASS,HB-COUNTER-2,bill of sale,N,day log 2025-09-06,
AMD-001784,2025-09-06,WL-03067,FLAG,Flag State,FIBERGLASS,SAIL_MONO,HB-COUNTER-2,registration,N,day log 2025-09-06,
AMD-001785,2025-09-06,WL-02390,FLAG,Flag State,POWER_STERNDRIVE,TRAWLER,HB-COUNTER-2,insurance decl page,N,day log 2025-09-06,
AMD-001786,2025-09-07,WL-02672,VESSEL_NAME,Vessel Name,WIDGEON DANCER,POINT ROSE,HB-COUNTER-2,,N,day log 2025-09-07,
AMD-001787,2025-09-07,WL-02556,VESSEL_NAME,Vessel Name,FOUL LIGHT,SPINDRIFT SOUND,HB-COUNTER-2,,N,day log 2025-09-07,
AMD-001788,2025-09-08,WL-02608,PROPULSION_TYPE,Propulsion Type,POWER_OUTBOARD,STEEL,HB-COUNTER-2,driver's license,N,day log 2025-09-08,
AMD-001789,2025-09-08,WL-02710,BEAM,Beam (Width),10.2,9.2,HB-COUNTER-2,MC-2025-0720,Y,day log 2025-09-08,
AMD-001790,2025-09-08,WL-02912,NET_TONNAGE,Net Tonnage (NT),29.2,27.5,HB-COUNTER-2,,Y,day log 2025-09-08,
AMD-001791,2025-09-09,WL-02450,BUILD_LOCATION,Build Location / Yard,ELECTRIC,US,HB-COUNTER-2,insurance decl page,N,day log 2025-09-09,
AMD-001792,2025-09-09,WL-01329,OFFICIAL_NUM,Official Number / Registration,537196,590060,HB-COUNTER-2,owner declaration at counter,N,day log 2025-09-09,
AMD-001793,2025-09-10,WL-03688,GROSS_TONNAGE,Gross Tonnage (GT),9.5,9.9,HB-COUNTER-2,MC-2025-0661,Y,day log 2025-09-10,
AMD-001794,2025-09-12,WL-02676,FLAG,Flag State,HOUSEBOAT,US,HB-COUNTER-2,driver's license,N,day log 2025-09-12,
AMD-001795,2025-09-12,WL-03504,VESSEL_NAME,Vessel Name,OTTER SOUND,OSPREY SONG,HB-COUNTER-2,owner declaration at counter,N,day log 2025-09-12,
AMD-001796,2025-09-13,WL-03398,HULL_MATERIAL,Hull Material,POWER_STERNDRIVE,FIBERGLASS,HB-COUNTER-2,registration,N,day log 2025-09-13,
AMD-001797,2025-09-14,WL-01192,OWNER_ADDRESS,Owner Address,"2117 Frost Lakes, Astoria, OR","3783 Roger Mountain, Tacoma, WA",HB-COUNTER-2,owner declaration at counter,N,day log 2025-09-14,
AMD-001798,2025-09-14,WL-01169,NET_TONNAGE,Net Tonnage (NT),12.4,13.0,HB-COUNTER-2,MC-2025-0331,Y,day log 2025-09-14,
AMD-001799,2025-09-15,WL-03292,LOA,Length Overall (LOA),49.8,47.9,HB-COUNTER-2,Foldview Marine Services haul-out sheet 2023-09-15,Y,day log 2025-09-15,
AMD-001800,2025-09-15,WL-01020,GROSS_TONNAGE,Gross Tonnage (GT),11.8,13.6,HB-COUNTER-2,Foldview Marine Services haul-out sheet 2025-01-21,Y,day log 2025-09-15,
AMD-001801,2025-09-15,WL-01332,DRAFT,Draft (Depth),6.8,6.4,HB-COUNTER-2,Foldview Marine Services haul-out sheet 2023-02-22,Y,day log 2025-09-15,
AMD-001802,2025-09-17,WL-03659,OFFICIAL_NUM,Official Number / Registration,807344,983642,HB-COUNTER-2,,N,day log 2025-09-17,
AMD-001803,2025-09-17,WL-01275,LOA,Length Overall (LOA),49.3,51.7,HB-COUNTER-2,MC-2025-0384,Y,day log 2025-09-17,
AMD-001804,2025-09-17,WL-03736,VESSEL_NAME,Vessel Name,PINTAIL ANN,OTTER WAKE,HB-COUNTER-2,,N,day log 2025-09-17,
AMD-001805,2025-09-22,WL-03154,HIN,Hull Identification Number,CHD66251V253,CHD43610I969,HB-COUNTER-2,bill of sale,N,day log 2025-09-22,
AMD-001806,2025-09-22,WL-02368,VESSEL_NAME,Vessel Name,SEAL STAR,SALISH ROCK,HB-COUNTER-2,owner declaration at counter,N,day log 2025-09-22,
AMD-001807,2025-09-22,WL-01894,HIN,Hull Identification Number,CHD70076Q338,CHD56412V949,HB-COUNTER-2,registration,N,day log 2025-09-22,
AMD-001808,2025-09-23,WL-03836,VESSEL_NAME,Vessel Name,PINTAIL MIST,CORMORANT GLIDE,HB-COUNTER-2,driver's license,N,day log 2025-09-23,
AMD-001809,2025-09-24,WL-01153,HIN,Hull Identification Number,CHD32376A715,CHD48197Y951,HB-COUNTER-2,owner declaration at counter,N,day log 2025-09-24,
AMD-001810,2025-09-24,WL-02563,OWNER_NAME,Owner Name,STEEL,FOAM_CORE,HB-COUNTER-2,bill of sale,N,day log 2025-09-24,
AMD-001811,2025-09-24,WL-03355,OWNER_ADDRESS,Owner Address,"8290 Lopez Islands, Astoria, OR","8529 Erica Forks, Bellingham, WA",HB-COUNTER-2,,N,day log 2025-09-24,
AMD-001812,2025-09-26,WL-03058,VESSEL_NAME,Vessel Name,CORMORANT LIGHT,KESTREL REACH,HB-COUNTER-2,registration,N,day log 2025-09-26,
AMD-001813,2025-09-26,WL-03140,BEAM,Beam (Width),8.3,7.9,HB-COUNTER-2,,Y,day log 2025-09-26,
AMD-001814,2025-09-28,WL-03172,YEAR_BUILT,Year Built,1972,1972,HB-COUNTER-2,driver's license,N,day log 2025-09-28,
AMD-001815,2025-09-29,WL-01946,VESSEL_NAME,Vessel Name,SANDERLING CREST,WIDGEON WAKE,HB-COUNTER-2,,N,day log 2025-09-29,
AMD-001816,2025-09-29,WL-02073,ENGINE_HP,Engine Horsepower,250,210,HB-COUNTER-2,driver's license,N,day log 2025-09-29,
AMD-001817,2025-10-04,WL-03023,FLAG,Flag State,FIBERGLASS,ELECTRIC,HB-COUNTER-2,owner declaration at counter,N,day log 2025-10-04,
AMD-001818,2025-10-04,WL-03877,DRAFT,Draft (Depth),2.8,3.0,HB-COUNTER-2,MC-2025-0959,Y,day log 2025-10-04,
AMD-001819,2025-10-06,WL-01416,FLAG,Flag State,POWER_OUTBOARD,CRUISER,HB-COUNTER-2,registration,N,day log 2025-10-06,
AMD-001820,2025-10-06,WL-01357,LOA,Length Overall (LOA),54.5,55.6,HB-COUNTER-2,Foldview Marine Services haul-out sheet 2025-06-20,Y,day log 2025-10-06,
AMD-001821,2025-10-07,WL-01113,LOA,Length Overall (LOA),53.7,56.3,HB-COUNTER-2,MC-2025-0245,Y,day log 2025-10-07,
AMD-001822,2025-10-09,WL-03412,OFFICIAL_NUM,Official Number / Registration,837773,813014,HB-COUNTER-2,insurance decl page,N,day log 2025-10-09,
AMD-001823,2025-10-09,WL-02740,GROSS_TONNAGE,Gross Tonnage (GT),10.7,10.0,HB-COUNTER-2,,Y,day log 2025-10-09,
AMD-001824,2025-10-10,WL-02236,VESSEL_NAME,Vessel Name,SCOTER WEATHER,SALISH MOON,HB-COUNTER-2,bill of sale,N,day log 2025-10-10,
AMD-001825,2025-10-11,WL-02761,GROSS_TONNAGE,Gross Tonnage (GT),10.6,11.3,HB-COUNTER-2,Foldview Marine Services haul-out sheet 2024-07-28,Y,day log 2025-10-11,
AMD-001826,2025-10-11,WL-01845,LOA,Length Overall (LOA),54.2,53.2,HB-COUNTER-2,,Y,day log 2025-10-11,
AMD-001827,2025-10-12,WL-01069,BEAM,Beam (Width),9.5,9.6,HB-COUNTER-2,Foldview Marine Services haul-out sheet 2025-01-01,Y,day log 2025-10-12,
AMD-001828,2025-10-12,WL-03383,HIN,Hull Identification Number,CHD80546J721,CHD71647C826,HB-COUNTER-2,,N,day log 2025-10-12,
AMD-001829,2025-10-12,WL-03609,NET_TONNAGE,Net Tonnage (NT),23.7,23.3,HB-COUNTER-2,MC-2025-0832,Y,day log 2025-10-12,
AMD-001830,2025-10-13,WL-01423,LOA,Length Overall (LOA),25.5,27.2,HB-COUNTER-2,Foldview Marine Services haul-out sheet 2024-08-24,Y,day log 2025-10-13,
AMD-001831,2025-10-14,WL-02723,HIN,Hull Identification Number,CHD47247J540,CHD58442F469,HB-COUNTER-2,,N,day log 2025-10-14,
AMD-001832,2025-10-14,WL-03048,LOA,Length Overall (LOA),42.8,41.9,HB-COUNTER-2,Foldview Marine Services haul-out sheet 2023-05-25,Y,day log 2025-10-14,
AMD-001833,2025-10-14,WL-03181,LOA,Length Overall (LOA),46.6,47.1,HB-COUNTER-2,MC-2025-0906,Y,day log 2025-10-14,
AMD-001834,2025-10-15,WL-03679,LOA,Length Overall (LOA),23.0,23.0,HB-COUNTER-2,MC-2025-0464,Y,day log 2025-10-15,
AMD-001835,2025-10-17,WL-03423,BEAM,Beam (Width),13.2,12.9,HB-COUNTER-2,,Y,day log 2025-10-17,
AMD-001836,2025-10-18,WL-02512,HULL_MATERIAL,Hull Material,SPORTFISH,CRUISER,HB-COUNTER-2,owner declaration at counter,N,day log 2025-10-18,
AMD-001837,2025-10-19,WL-01057,LOA,Length Overall (LOA),52.5,51.0,HB-COUNTER-2,Foldview Marine Services haul-out sheet 2024-03-18,Y,day log 2025-10-19,
AMD-001838,2025-10-19,WL-02021,VESSEL_NAME,Vessel Name,COHO SOUND,POINT REACH,HB-COUNTER-2,owner declaration at counter,N,day log 2025-10-19,
AMD-001839,2025-10-19,WL-01160,VESSEL_TYPE,Vessel Type,CRUISER,TRAWLER,HB-COUNTER-2,owner declaration at counter,N,day log 2025-10-19,
AMD-001840,2025-10-20,WL-03766,YEAR_BUILT,Year Built,2018,2018,HB-COUNTER-2,registration,N,day log 2025-10-20,
AMD-001841,2025-10-22,WL-02609,NET_TONNAGE,Net Tonnage (NT),19.8,18.7,HB-COUNTER-2,MC-2025-0763,Y,day log 2025-10-22,
AMD-001842,2025-10-23,WL-01236,BEAM,Beam (Width),9.6,10.5,HB-COUNTER-2,MC-2025-0204,Y,day log 2025-10-23,
AMD-001843,2025-10-24,WL-02564,OWNER_ADDRESS,Owner Address,"9957 Valerie Center, Tacoma, WA","9152 Kirby Center, Everett, WA",HB-COUNTER-2,registration,N,day log 2025-10-24,
AMD-001844,2025-10-24,WL-01721,ENGINE_HP,Engine Horsepower,250,210,HB-COUNTER-2,registration,N,day log 2025-10-24,
AMD-001845,2025-10-24,WL-01223,VESSEL_TYPE,Vessel Type,SAIL_MONO,STEEL,HB-COUNTER-2,insurance decl page,N,day log 2025-10-24,
AMD-001846,2025-10-25,WL-01234,BEAM,Beam (Width),13.5,12.9,HB-COUNTER-2,MC-2025-0473,Y,day log 2025-10-25,
AMD-001847,2025-10-25,WL-02629,BUILD_LOCATION,Build Location / Yard,US,POWER_INBOARD,HB-COUNTER-2,owner declaration at counter,N,day log 2025-10-25,
AMD-001848,2025-10-25,WL-02972,BUILD_LOCATION,Build Location / Yard,FIBERGLASS,HOUSEBOAT,HB-COUNTER-2,,N,day log 2025-10-25,
AMD-001849,2025-10-25,WL-02506,OFFICIAL_NUM,Official Number / Registration,948965,199470,HB-COUNTER-2,bill of sale,N,day log 2025-10-25,
AMD-001850,2025-10-26,WL-02751,NET_TONNAGE,Net Tonnage (NT),6.8,7.1,HB-COUNTER-2,MC-2025-0394,Y,day log 2025-10-26,
AMD-001851,2025-10-26,WL-02058,OFFICIAL_NUM,Official Number / Registration,138193,620297,HB-COUNTER-2,,N,day log 2025-10-26,
AMD-001852,2025-10-26,WL-01995,LOA,Length Overall (LOA),43.6,46.0,HB-COUNTER-2,Foldview Marine Services haul-out sheet 2022-12-09,Y,day log 2025-10-26,
AMD-001853,2025-10-27,WL-02961,YEAR_BUILT,Year Built,2007,2007,HB-COUNTER-2,insurance decl page,N,day log 2025-10-27,
AMD-001854,2025-10-27,WL-02043,DRAFT,Draft (Depth),5.0,5.1,HB-COUNTER-2,MC-2025-0693,Y,day log 2025-10-27,
AMD-001855,2025-10-28,WL-02028,OWNER_ADDRESS,Owner Address,"5175 Lara Mall, Olympia, WA","6187 Christina Glens, Olympia, WA",HB-COUNTER-2,driver's license,N,day log 2025-10-28,
AMD-001856,2025-10-28,WL-01812,OWNER_ADDRESS,Owner Address,"5165 Philip Mountains, Everett, WA","4974 Tiffany Divide, Port Angeles, WA",HB-COUNTER-2,driver's license,N,day log 2025-10-28,
AMD-001857,2025-10-29,WL-01856,VESSEL_NAME,Vessel Name,HERON LIGHT,SCOTER GLIDE,HB-COUNTER-2,driver's license,N,day log 2025-10-29,
AMD-001858,2025-10-30,WL-02802,DRAFT,Draft (Depth),7.5,7.4,HB-COUNTER-2,,Y,day log 2025-10-30,
AMD-001859,2025-10-30,WL-02085,LOA,Length Overall (LOA),48.6,49.0,HB-COUNTER-2,,Y,day log 2025-10-30,
AMD-001860,2025-10-30,WL-01902,VESSEL_NAME,Vessel Name,POINT ROCK,SCOTER WAKE,HB-COUNTER-2,,N,day log 2025-10-30,
AMD-001861,2025-10-30,WL-02978,LOA,Length Overall (LOA),53.2,50.3,HB-COUNTER-2,MC-2025-0439,Y,day log 2025-10-30,
AMD-001862,2025-10-30,WL-01975,YEAR_BUILT,Year Built,2013,2013,HB-COUNTER-2,insurance decl page,N,day log 2025-10-30,
AMD-001863,2025-10-31,WL-01800,OFFICIAL_NUM,Official Number / Registration,515526,355551,HB-COUNTER-2,bill of sale,N,day log 2025-10-31,
AMD-001864,2025-11-01,WL-01184,DRAFT,Draft (Depth),5.6,5.2,HB-COUNTER-2,MC-2025-0405,Y,day log 2025-11-01,
AMD-001865,2025-11-01,WL-01196,BUILD_LOCATION,Build Location / Yard,ELECTRIC,SPORTFISH,HB-COUNTER-2,registration,N,day log 2025-11-01,
AMD-001866,2025-11-01,WL-03887,LOA,Length Overall (LOA),46.5,48.0,HB-COUNTER-2,MC-2025-0186,Y,day log 2025-11-01,
AMD-001867,2025-11-01,WL-02620,VESSEL_NAME,Vessel Name,OSPREY QUEEN,PETREL SOUND,HB-COUNTER-2,driver's license,N,day log 2025-11-01,
AMD-001868,2025-11-02,WL-02923,VESSEL_NAME,Vessel Name,SALISH LINE,DRIFT WIND,HB-COUNTER-2,owner declaration at counter,N,day log 2025-11-02,
AMD-001869,2025-11-02,WL-03304,PROPULSION_TYPE,Propulsion Type,HOUSEBOAT,FIBERGLASS,HB-COUNTER-2,bill of sale,N,day log 2025-11-02,
AMD-001870,2025-11-02,WL-03063,ENGINE_HP,Engine Horsepower,375,210,HB-COUNTER-2,owner declaration at counter,N,day log 2025-11-02,
AMD-001871,2025-11-02,WL-02829,YEAR_BUILT,Year Built,2013,2013,HB-COUNTER-2,driver's license,N,day log 2025-11-02,
AMD-001872,2025-11-03,WL-02752,VESSEL_NAME,Vessel Name,BRANT REACH,KESTREL WIND,HB-COUNTER-2,insurance decl page,N,day log 2025-11-03,
AMD-001873,2025-11-03,WL-01994,VESSEL_NAME,Vessel Name,WIDGEON PASSAGE,OTTER ANN,HB-COUNTER-2,owner declaration at counter,N,day log 2025-11-03,
AMD-001874,2025-11-03,WL-02968,BUILD_LOCATION,Build Location / Yard,FOAM_CORE,US,HB-COUNTER-2,bill of sale,N,day log 2025-11-03,
AMD-001875,2025-11-05,WL-01358,ENGINE_HP,Engine Horsepower,150,330,HB-COUNTER-2,owner declaration at counter,N,day log 2025-11-05,
AMD-001876,2025-11-06,WL-03294,ENGINE_MAKE,Engine Make / Model,US,FIBERGLASS,HB-COUNTER-2,,N,day log 2025-11-06,
AMD-001877,2025-11-07,WL-03641,HIN,Hull Identification Number,CHD29902Y808,CHD61910K572,HB-COUNTER-2,registration,N,day log 2025-11-07,
AMD-001878,2025-11-08,WL-02377,BEAM,Beam (Width),8.6,7.8,HB-COUNTER-2,Foldview Marine Services haul-out sheet 2024-07-18,Y,day log 2025-11-08,
AMD-001879,2025-11-10,WL-02073,GROSS_TONNAGE,Gross Tonnage (GT),22.7,22.8,HB-COUNTER-2,Foldview Marine Services haul-out sheet 2025-05-19,Y,day log 2025-11-10,
AMD-001880,2025-11-10,WL-03332,HULL_MATERIAL,Hull Material,FOAM_CORE,SAIL_MONO,HB-COUNTER-2,insurance decl page,N,day log 2025-11-10,
AMD-001881,2025-11-10,WL-01055,OFFICIAL_NUM,Official Number / Registration,475596,984687,HB-COUNTER-2,bill of sale,N,day log 2025-11-10,
AMD-001882,2025-11-11,WL-02110,ENGINE_MAKE,Engine Make / Model,WOOD,FIBERGLASS,HB-COUNTER-2,driver's license,N,day log 2025-11-11,
AMD-001883,2025-11-12,WL-01947,LOA,Length Overall (LOA),34.8,37.3,HB-COUNTER-2,MC-2025-0337,Y,day log 2025-11-12,
AMD-001884,2025-11-12,WL-02955,LOA,Length Overall (LOA),26.7,24.0,HB-COUNTER-2,Foldview Marine Services haul-out sheet 2025-06-28,Y,day log 2025-11-12,
AMD-001885,2025-11-12,WL-03874,BUILD_LOCATION,Build Location / Yard,US,CA,HB-COUNTER-2,insurance decl page,N,day log 2025-11-12,
AMD-001886,2025-11-12,WL-03082,OWNER_ADDRESS,Owner Address,"9623 Ryan Ranch, Portland, OR","2579 Brooks Loaf, Bellingham, WA",HB-COUNTER-2,registration,N,day log 2025-11-12,
AMD-001887,2025-11-12,WL-02831,BUILD_LOCATION,Build Location / Yard,CRUISER,CA,HB-COUNTER-2,insurance decl page,N,day log 2025-11-12,
AMD-001888,2025-11-14,WL-01003,ENGINE_HP,Engine Horsepower,210,375,HB-COUNTER-2,bill of sale,N,day log 2025-11-14,
AMD-001889,2025-11-15,WL-02128,LOA,Length Overall (LOA),45.2,44.2,HB-COUNTER-2,MC-2025-0562,Y,day log 2025-11-15,
AMD-001890,2025-11-16,WL-03372,VESSEL_NAME,Vessel Name,GRAY LIGHT,PINTAIL BAY,HB-COUNTER-2,,N,day log 2025-11-16,
AMD-001891,2025-11-17,WL-01077,LOA,Length Overall (LOA),32.7,32.1,HB-COUNTER-2,Foldview Marine Services haul-out sheet 2024-07-18,Y,day log 2025-11-17,
AMD-001892,2025-11-19,WL-02624,NET_TONNAGE,Net Tonnage (NT),10.6,10.7,HB-COUNTER-2,Foldview Marine Services haul-out sheet 2023-06-20,Y,day log 2025-11-19,
AMD-001893,2025-11-19,WL-03223,FLAG,Flag State,HOUSEBOAT,CRUISER,HB-COUNTER-2,insurance decl page,N,day log 2025-11-19,
AMD-001894,2025-11-19,WL-01037,GROSS_TONNAGE,Gross Tonnage (GT),22.4,23.2,HB-COUNTER-2,MC-2025-0143,Y,day log 2025-11-19,
AMD-001895,2025-11-20,WL-03775,DRAFT,Draft (Depth),6.3,5.8,HB-COUNTER-2,MC-2025-0339,Y,day log 2025-11-20,
AMD-001896,2025-11-21,WL-01429,ENGINE_MAKE,Engine Make / Model,COMMERCIAL_FISH,SAIL_MULTI,HB-COUNTER-2,registration,N,day log 2025-11-21,
AMD-001897,2025-11-22,WL-02870,FLAG,Flag State,US,TRAWLER,HB-COUNTER-2,bill of sale,N,day log 2025-11-22,
AMD-001898,2025-11-23,WL-01028,VESSEL_TYPE,Vessel Type,ALUMINUM,POWER_OUTBOARD,HB-COUNTER-2,,N,day log 2025-11-23,
AMD-001899,2025-11-23,WL-01534,LOA,Length Overall (LOA),29.9,30.2,HB-COUNTER-2,Foldview Marine Services haul-out sheet 2024-08-20,Y,day log 2025-11-23,
AMD-001900,2025-11-24,WL-02633,ENGINE_HP,Engine Horsepower,375,85,HB-COUNTER-2,bill of sale,N,day log 2025-11-24,
AMD-001901,2025-11-24,WL-03705,BUILD_LOCATION,Build Location / Yard,WOOD,CA,HB-COUNTER-2,insurance decl page,N,day log 2025-11-24,
AMD-001902,2025-11-25,WL-01439,OWNER_ADDRESS,Owner Address,"1427 Jesse Union, Coos Bay, OR","604 Allison Crescent, Newport, OR",HB-COUNTER-2,,N,day log 2025-11-25,
AMD-001903,2025-11-26,WL-02874,HIN,Hull Identification Number,CHD95480R533,CHD89299C318,HB-COUNTER-2,insurance decl page,N,day log 2025-11-26,
AMD-001904,2025-11-27,WL-01210,BUILD_LOCATION,Build Location / Yard,POWER_INBOARD,POWER_STERNDRIVE,HB-COUNTER-2,registration,N,day log 2025-11-27,
AMD-001905,2025-11-27,WL-01169,HIN,Hull Identification Number,CHD72639J459,CHD14779I845,HB-COUNTER-2,bill of sale,N,day log 2025-11-27,
AMD-001906,2025-11-29,WL-03449,OWNER_ADDRESS,Owner Address,"6270 Anthony Cliffs, Newport, OR","7808 Joshua Camp, Chaldale, WA",HB-COUNTER-2,,N,day log 2025-11-29,
AMD-001907,2025-11-30,WL-03566,NET_TONNAGE,Net Tonnage (NT),28.7,30.1,HB-COUNTER-2,MC-2025-0691,Y,day log 2025-11-30,
AMD-001908,2025-12-02,WL-02818,VESSEL_NAME,Vessel Name,HERON RUNNER,SEAL SOUND,HB-COUNTER-2,driver's license,N,day log 2025-12-02,
AMD-001909,2025-12-02,WL-03082,HIN,Hull Identification Number,CHD83534K288,CHD92151V497,HB-COUNTER-2,driver's license,N,day log 2025-12-02,
AMD-001910,2025-12-02,WL-01938,VESSEL_NAME,Vessel Name,OSPREY ANN,SABLE VEER,HB-COUNTER-2,registration,N,day log 2025-12-02,
AMD-001911,2025-12-02,WL-01624,PROPULSION_TYPE,Propulsion Type,FIBERGLASS,WOOD,HB-COUNTER-2,bill of sale,N,day log 2025-12-02,
AMD-001912,2025-12-03,WL-02406,NET_TONNAGE,Net Tonnage (NT),9.8,9.5,HB-COUNTER-2,,Y,day log 2025-12-03,
AMD-001913,2025-12-03,WL-01154,DRAFT,Draft (Depth),6.1,5.6,HB-COUNTER-2,MC-2025-0625,Y,day log 2025-12-03,
AMD-001914,2025-12-04,WL-01997,NET_TONNAGE,Net Tonnage (NT),39.1,38.1,HB-COUNTER-2,Foldview Marine Services haul-out sheet 2024-07-12,Y,day log 2025-12-04,
AMD-001915,2025-12-06,WL-01087,VESSEL_NAME,Vessel Name,WIDGEON ROCK,CORMORANT LIGHT,HB-COUNTER-2,driver's license,N,day log 2025-12-06,
AMD-001916,2025-12-06,WL-02111,GROSS_TONNAGE,Gross Tonnage (GT),20.8,21.9,HB-COUNTER-2,MC-2025-0570,Y,day log 2025-12-06,
AMD-001917,2025-12-06,WL-02481,OWNER_ADDRESS,Owner Address,"5088 Ariana Shoal, Chaldale, WA","8883 Danny Gardens, Tacoma, WA",HB-COUNTER-2,owner declaration at counter,N,day log 2025-12-06,
AMD-001918,2025-12-07,WL-01274,ENGINE_HP,Engine Horsepower,250,110,HB-COUNTER-2,bill of sale,N,day log 2025-12-07,
AMD-001919,2025-12-07,WL-03024,BEAM,Beam (Width),9.7,9.5,HB-COUNTER-2,MC-2025-0839,Y,day log 2025-12-07,
AMD-001920,2025-12-09,WL-02023,HIN,Hull Identification Number,CHD48217L957,CHD10583E261,HB-COUNTER-2,driver's license,N,day log 2025-12-09,
AMD-001921,2025-12-10,WL-02063,DRAFT,Draft (Depth),5.2,4.6,HB-COUNTER-2,MC-2025-0858,Y,day log 2025-12-10,
AMD-001922,2025-12-11,WL-02396,HIN,Hull Identification Number,CHD76597I549,CHD75745U699,HB-COUNTER-2,registration,N,day log 2025-12-11,
AMD-001923,2025-12-11,WL-03015,ENGINE_MAKE,Engine Make / Model,POWER_INBOARD,POWER_INBOARD,HB-COUNTER-2,registration,N,day log 2025-12-11,
AMD-001924,2025-12-11,WL-01145,NET_TONNAGE,Net Tonnage (NT),17.4,16.3,HB-COUNTER-2,MC-2025-0390,Y,day log 2025-12-11,
AMD-001925,2025-12-12,WL-03718,OFFICIAL_NUM,Official Number / Registration,592749,453026,HB-COUNTER-2,driver's license,N,day log 2025-12-12,
AMD-001926,2025-12-12,WL-02883,ENGINE_HP,Engine Horsepower,110,85,HB-COUNTER-2,owner declaration at counter,N,day log 2025-12-12,
AMD-001927,2025-12-13,WL-01270,NET_TONNAGE,Net Tonnage (NT),17.5,16.7,HB-COUNTER-2,MC-2025-0398,Y,day log 2025-12-13,
AMD-001928,2025-12-14,WL-01549,GROSS_TONNAGE,Gross Tonnage (GT),38.2,38.6,HB-COUNTER-2,Foldview Marine Services haul-out sheet 2022-09-27,Y,day log 2025-12-14,
AMD-001929,2025-12-14,WL-03787,LOA,Length Overall (LOA),48.4,51.0,HB-COUNTER-2,Foldview Marine Services haul-out sheet 2025-09-25,Y,day log 2025-12-14,
AMD-001930,2025-12-16,WL-01303,YEAR_BUILT,Year Built,1995,1995,HB-COUNTER-2,insurance decl page,N,day log 2025-12-16,
AMD-001931,2025-12-17,WL-02444,PROPULSION_TYPE,Propulsion Type,FIBERGLASS,COMMERCIAL_FISH,HB-COUNTER-2,insurance decl page,N,day log 2025-12-17,
AMD-001932,2025-12-17,WL-01613,OWNER_NAME,Owner Name,COMMERCIAL_FISH,SAIL_MONO,HB-COUNTER-2,,N,day log 2025-12-17,
AMD-001933,2025-12-18,WL-01298,FLAG,Flag State,POWER_OUTBOARD,POWER_INBOARD,HB-COUNTER-2,,N,day log 2025-12-18,
AMD-001934,2025-12-20,WL-01225,VESSEL_NAME,Vessel Name,ANCHOR HARBOR,KESTREL SOUND,HB-COUNTER-2,insurance decl page,N,day log 2025-12-20,
AMD-001935,2025-12-21,WL-02521,OWNER_NAME,Owner Name,FIBERGLASS,FIBERGLASS,HB-COUNTER-2,owner declaration at counter,N,day log 2025-12-21,
AMD-001936,2025-12-22,WL-03456,VESSEL_TYPE,Vessel Type,STEEL,US,HB-COUNTER-2,registration,N,day log 2025-12-22,
AMD-001937,2025-12-22,WL-02931,BEAM,Beam (Width),9.5,9.4,HB-COUNTER-2,MC-2025-0712,Y,day log 2025-12-22,
AMD-001938,2025-12-22,WL-02004,OWNER_NAME,Owner Name,COMMERCIAL_FISH,ALUMINUM,HB-COUNTER-2,driver's license,N,day log 2025-12-22,
AMD-001939,2025-12-23,WL-03307,HIN,Hull Identification Number,CHD44041K775,CHD84740Q788,HB-COUNTER-2,bill of sale,N,day log 2025-12-23,
AMD-001940,2025-12-23,WL-01511,VESSEL_TYPE,Vessel Type,CRUISER,CA,HB-COUNTER-2,,N,day log 2025-12-23,
AMD-001941,2025-12-25,WL-01393,HIN,Hull Identification Number,CHD46585B212,CHD27311S760,HB-COUNTER-2,owner declaration at counter,N,day log 2025-12-25,
AMD-001942,2025-12-25,WL-02590,HIN,Hull Identification Number,CHD27340W440,CHD79221V367,HB-COUNTER-2,owner declaration at counter,N,day log 2025-12-25,
AMD-001943,2025-12-26,WL-01025,VESSEL_NAME,Vessel Name,KESTREL HARBOR,OSPREY ROSE,HB-COUNTER-2,owner declaration at counter,N,day log 2025-12-26,
AMD-001944,2025-12-27,WL-02484,HIN,Hull Identification Number,CHD26819X642,CHD40158O708,HB-COUNTER-2,bill of sale,N,day log 2025-12-27,
AMD-001945,2025-12-27,WL-03026,HULL_MATERIAL,Hull Material,FIBERGLASS,CRUISER,HB-COUNTER-2,driver's license,N,day log 2025-12-27,
AMD-001946,2025-12-27,WL-01691,HIN,Hull Identification Number,CHD81721T438,CHD29266J155,HB-COUNTER-2,bill of sale,N,day log 2025-12-27,
AMD-001947,2025-12-28,WL-02957,VESSEL_NAME,Vessel Name,SPINDRIFT SHORE,WIDGEON WAKE,HB-COUNTER-2,registration,N,day log 2025-12-28,
AMD-001948,2025-12-28,WL-02463,BEAM,Beam (Width),15.9,16.2,HB-COUNTER-2,Foldview Marine Services haul-out sheet 2023-06-18,Y,day log 2025-12-28,
AMD-001949,2025-12-29,WL-03720,DRAFT,Draft (Depth),6.2,6.5,HB-COUNTER-2,MC-2025-0736,Y,day log 2025-12-29,
AMD-001950,2025-12-29,WL-01569,LOA,Length Overall (LOA),42.4,44.1,HB-COUNTER-2,MC-2025-0994,Y,day log 2025-12-29,
AMD-001951,2025-12-29,WL-03120,ENGINE_HP,Engine Horsepower,110,375,HB-COUNTER-2,registration,N,day log 2025-12-29,
AMD-001952,2025-12-31,WL-02561,OWNER_ADDRESS,Owner Address,"6974 Lisa Stream, Bremerton, WA","5347 Scott Harbor, Seattle, WA",HB-COUNTER-2,,N,day log 2025-12-31,
AMD-001953,2026-01-01,WL-01494,BUILD_LOCATION,Build Location / Yard,HOUSEBOAT,STEEL,HB-COUNTER-2,,N,day log 2026-01-01,
AMD-001954,2026-01-02,WL-03482,BEAM,Beam (Width),12.6,13.3,HB-COUNTER-2,Foldview Marine Services haul-out sheet 2023-01-13,Y,day log 2026-01-02,
AMD-001955,2026-01-03,WL-01820,ENGINE_HP,Engine Horsepower,85,375,HB-COUNTER-2,driver's license,N,day log 2026-01-03,
AMD-001956,2026-01-04,WL-01484,LOA,Length Overall (LOA),49.0,49.8,HB-COUNTER-2,,Y,day log 2026-01-04,
AMD-001957,2026-01-05,WL-03475,LOA,Length Overall (LOA),40.2,37.5,HB-COUNTER-2,MC-2026-0974,Y,day log 2026-01-05,
AMD-001958,2026-01-07,WL-03252,NET_TONNAGE,Net Tonnage (NT),12.1,11.0,HB-COUNTER-2,MC-2026-0982,Y,day log 2026-01-07,
AMD-001959,2026-01-07,WL-02445,YEAR_BUILT,Year Built,1993,1993,HB-COUNTER-2,,N,day log 2026-01-07,
AMD-001960,2026-01-07,WL-02939,OFFICIAL_NUM,Official Number / Registration,442222,502871,HB-COUNTER-2,registration,N,day log 2026-01-07,
AMD-001961,2026-01-07,WL-03552,GROSS_TONNAGE,Gross Tonnage (GT),24.7,25.1,HB-COUNTER-2,Foldview Marine Services haul-out sheet 2023-04-24,Y,day log 2026-01-07,
AMD-001962,2026-01-09,WL-03532,VESSEL_NAME,Vessel Name,SANDERLING LINE,WIDGEON ROCK,HB-COUNTER-2,owner declaration at counter,N,day log 2026-01-09,
AMD-001963,2026-01-10,WL-01750,OFFICIAL_NUM,Official Number / Registration,905822,427323,HB-COUNTER-2,owner declaration at counter,N,day log 2026-01-10,
AMD-001964,2026-01-10,WL-02804,OWNER_NAME,Owner Name,TRAWLER,US,HB-COUNTER-2,owner declaration at counter,N,day log 2026-01-10,
AMD-001965,2026-01-11,WL-03079,BUILD_LOCATION,Build Location / Yard,SAIL_MULTI,TRAWLER,HB-COUNTER-2,driver's license,N,day log 2026-01-11,
AMD-001966,2026-01-11,WL-01611,VESSEL_NAME,Vessel Name,KESTREL MOON,TIDE BAY,HB-COUNTER-2,owner declaration at counter,N,day log 2026-01-11,
AMD-001967,2026-01-11,WL-02248,GROSS_TONNAGE,Gross Tonnage (GT),20.8,19.0,HB-COUNTER-2,Foldview Marine Services haul-out sheet 2024-01-14,Y,day log 2026-01-11,
AMD-001968,2026-01-13,WL-02074,ENGINE_MAKE,Engine Make / Model,COMMERCIAL_FISH,FIBERGLASS,HB-COUNTER-2,owner declaration at counter,N,day log 2026-01-13,
AMD-001969,2026-01-15,WL-02661,BEAM,Beam (Width),14.4,14.3,HB-COUNTER-2,MC-2026-0673,Y,day log 2026-01-15,
AMD-001970,2026-01-16,WL-02339,VESSEL_NAME,Vessel Name,HERON LINE,ANCHOR BAY,HB-COUNTER-2,driver's license,N,day log 2026-01-16,
AMD-001971,2026-01-18,WL-03260,BEAM,Beam (Width),10.0,10.7,HB-COUNTER-2,Foldview Marine Services haul-out sheet 2025-10-14,Y,day log 2026-01-18,
AMD-001972,2026-01-19,WL-03517,HIN,Hull Identification Number,CHD69560B238,CHD73159D679,HB-COUNTER-2,driver's license,N,day log 2026-01-19,
AMD-001973,2026-01-19,WL-03033,DRAFT,Draft (Depth),5.1,5.5,HB-COUNTER-2,Foldview Marine Services haul-out sheet 2023-04-20,Y,day log 2026-01-19,
AMD-001974,2026-01-20,WL-02458,FLAG,Flag State,POWER_INBOARD,FIBERGLASS,HB-COUNTER-2,driver's license,N,day log 2026-01-20,
AMD-001975,2026-01-21,WL-01752,HIN,Hull Identification Number,CHD47947L154,CHD53141B710,HB-COUNTER-2,bill of sale,N,day log 2026-01-21,
AMD-001976,2026-01-22,WL-01201,GROSS_TONNAGE,Gross Tonnage (GT),25.6,26.5,HB-COUNTER-2,,Y,day log 2026-01-22,
AMD-001977,2026-01-23,WL-02679,DRAFT,Draft (Depth),7.5,7.0,HB-COUNTER-2,MC-2026-0265,Y,day log 2026-01-23,
AMD-001978,2026-01-24,WL-03468,LOA,Length Overall (LOA),30.3,27.7,HB-COUNTER-2,,Y,day log 2026-01-24,
AMD-001979,2026-01-24,WL-01459,VESSEL_TYPE,Vessel Type,POWER_STERNDRIVE,SAIL_MONO,HB-COUNTER-2,driver's license,N,day log 2026-01-24,
AMD-001980,2026-01-25,WL-02245,LOA,Length Overall (LOA),53.4,54.0,HB-COUNTER-2,Foldview Marine Services haul-out sheet 2022-10-24,Y,day log 2026-01-25,
AMD-001981,2026-01-27,WL-01535,ENGINE_HP,Engine Horsepower,150,375,HB-COUNTER-2,,N,day log 2026-01-27,
AMD-001982,2026-01-27,WL-03045,LOA,Length Overall (LOA),32.9,35.5,HB-COUNTER-2,,Y,day log 2026-01-27,
AMD-001983,2026-01-27,WL-03716,LOA,Length Overall (LOA),51.2,53.5,HB-COUNTER-2,Foldview Marine Services haul-out sheet 2024-06-24,Y,day log 2026-01-27,
AMD-001984,2026-01-28,WL-02315,HULL_MATERIAL,Hull Material,STEEL,FIBERGLASS,HB-COUNTER-2,owner declaration at counter,N,day log 2026-01-28,
AMD-001985,2026-01-30,WL-01546,OFFICIAL_NUM,Official Number / Registration,220388,144626,HB-COUNTER-2,driver's license,N,day log 2026-01-30,
AMD-001986,2026-01-30,WL-01906,ENGINE_MAKE,Engine Make / Model,US,SAIL_MULTI,HB-COUNTER-2,insurance decl page,N,day log 2026-01-30,
AMD-001987,2026-01-30,WL-03857,OWNER_NAME,Owner Name,SAIL_MONO,US,HB-COUNTER-2,,N,day log 2026-01-30,
AMD-001988,2026-01-30,WL-02629,DRAFT,Draft (Depth),6.2,6.6,HB-COUNTER-2,,Y,day log 2026-01-30,
AMD-001989,2026-02-01,WL-03633,HULL_MATERIAL,Hull Material,US,SPORTFISH,HB-COUNTER-2,,N,day log 2026-02-01,
AMD-001990,2026-02-01,WL-03846,OWNER_ADDRESS,Owner Address,"5533 Dominique Isle, Newport, OR","6081 Neil Ports, Tacoma, WA",HB-COUNTER-2,bill of sale,N,day log 2026-02-01,
AMD-001991,2026-02-01,WL-03570,ENGINE_HP,Engine Horsepower,330,210,HB-COUNTER-2,registration,N,day log 2026-02-01,
AMD-001992,2026-02-01,WL-02266,YEAR_BUILT,Year Built,1993,1993,HB-COUNTER-2,owner declaration at counter,N,day log 2026-02-01,
AMD-001993,2026-02-02,WL-01327,OWNER_NAME,Owner Name,ELECTRIC,SAIL_MONO,HB-COUNTER-2,driver's license,N,day log 2026-02-02,
AMD-001994,2026-02-03,WL-01736,OWNER_NAME,Owner Name,POWER_OUTBOARD,ALUMINUM,HB-COUNTER-2,registration,N,day log 2026-02-03,
AMD-001995,2026-02-04,WL-02902,YEAR_BUILT,Year Built,2010,2010,HB-COUNTER-2,,N,day log 2026-02-04,
AMD-001996,2026-02-06,WL-03341,GROSS_TONNAGE,Gross Tonnage (GT),23.8,25.4,HB-COUNTER-2,,Y,day log 2026-02-06,
AMD-001997,2026-02-06,WL-02724,DRAFT,Draft (Depth),6.6,6.3,HB-COUNTER-2,Foldview Marine Services haul-out sheet 2025-12-26,Y,day log 2026-02-06,
AMD-001998,2026-02-07,WL-01365,VESSEL_NAME,Vessel Name,FOUL HARBOR,POINT BAY,HB-COUNTER-2,registration,N,day log 2026-02-07,
AMD-001999,2026-02-09,WL-02586,LOA,Length Overall (LOA),46.4,49.3,HB-COUNTER-2,MC-2026-0870,Y,day log 2026-02-09,
AMD-002000,2026-02-09,WL-02699,LOA,Length Overall (LOA),42.6,43.4,HB-COUNTER-2,Foldview Marine Services haul-out sheet 2024-07-08,Y,day log 2026-02-09,
AMD-002001,2026-02-09,WL-01926,OFFICIAL_NUM,Official Number / Registration,397277,885683,HB-COUNTER-2,insurance decl page,N,day log 2026-02-09,
AMD-002002,2026-02-10,WL-02124,NET_TONNAGE,Net Tonnage (NT),11.5,11.7,HB-COUNTER-2,Foldview Marine Services haul-out sheet 2025-09-30,Y,day log 2026-02-10,
AMD-002003,2026-02-11,WL-03312,OWNER_ADDRESS,Owner Address,"78 Marine Dr, Chaldale, WA","1402 Harbor View Rd, Chaldale, WA",HB-COUNTER-2,driver's license,N,day log 2026-02-11,
AMD-002004,2026-02-12,WL-03490,YEAR_BUILT,Year Built,1992,1992,HB-COUNTER-2,driver's license,N,day log 2026-02-12,
AMD-002005,2026-02-13,WL-03005,DRAFT,Draft (Depth),4.7,5.2,HB-COUNTER-2,MC-2026-0595,Y,day log 2026-02-13,
AMD-002006,2026-02-14,WL-01818,BEAM,Beam (Width),13.7,14.3,HB-COUNTER-2,Foldview Marine Services haul-out sheet 2024-12-27,Y,day log 2026-02-14,
AMD-002007,2026-02-14,WL-02931,GROSS_TONNAGE,Gross Tonnage (GT),23.5,22.2,HB-COUNTER-2,MC-2026-0454,Y,day log 2026-02-14,
AMD-002008,2026-02-15,WL-01682,VESSEL_NAME,Vessel Name,SABLE VEER,PETREL ROSE,HB-COUNTER-2,owner declaration at counter,N,day log 2026-02-15,
AMD-002009,2026-02-16,WL-01143,VESSEL_NAME,Vessel Name,KESTREL MOON,PETREL QUEEN,HB-COUNTER-2,insurance decl page,N,day log 2026-02-16,
AMD-002010,2026-02-17,WL-02007,DRAFT,Draft (Depth),5.1,5.1,HB-COUNTER-2,,Y,day log 2026-02-17,
AMD-002011,2026-02-17,WL-02475,OWNER_NAME,Owner Name,POWER_OUTBOARD,WOOD,HB-COUNTER-2,registration,N,day log 2026-02-17,
AMD-002012,2026-02-18,WL-01285,FLAG,Flag State,US,SAIL_MONO,HB-COUNTER-2,,N,day log 2026-02-18,
AMD-002013,2026-02-18,WL-03474,LOA,Length Overall (LOA),50.4,51.6,HB-COUNTER-2,Foldview Marine Services haul-out sheet 2025-05-12,Y,day log 2026-02-18,
AMD-002014,2026-02-19,WL-02925,VESSEL_TYPE,Vessel Type,WOOD,CA,HB-COUNTER-2,driver's license,N,day log 2026-02-19,
AMD-002015,2026-02-19,WL-03033,HIN,Hull Identification Number,CHD37518D391,CHD88299Y583,HB-COUNTER-2,registration,N,day log 2026-02-19,
AMD-002016,2026-02-19,WL-01456,VESSEL_NAME,Vessel Name,SEAL MIST,FOUL SOUND,HB-COUNTER-2,driver's license,N,day log 2026-02-19,
AMD-002017,2026-02-20,WL-02175,LOA,Length Overall (LOA),54.2,56.1,HB-COUNTER-2,MC-2026-0113,Y,day log 2026-02-20,
AMD-002018,2026-02-21,WL-02123,BUILD_LOCATION,Build Location / Yard,FIBERGLASS,ALUMINUM,HB-COUNTER-2,bill of sale,N,day log 2026-02-21,
AMD-002019,2026-02-21,WL-02180,HIN,Hull Identification Number,CHD41614F280,CHD14771U471,HB-COUNTER-2,,N,day log 2026-02-21,
AMD-002020,2026-02-23,WL-03683,PROPULSION_TYPE,Propulsion Type,CRUISER,CA,HB-COUNTER-2,bill of sale,N,day log 2026-02-23,
AMD-002021,2026-02-24,WL-01090,ENGINE_HP,Engine Horsepower,250,85,HB-COUNTER-2,,N,day log 2026-02-24,
AMD-002022,2026-02-26,WL-01451,VESSEL_TYPE,Vessel Type,POWER_OUTBOARD,CA,HB-COUNTER-2,driver's license,N,day log 2026-02-26,
AMD-002023,2026-02-26,WL-01360,BEAM,Beam (Width),9.5,8.7,HB-COUNTER-2,Foldview Marine Services haul-out sheet 2025-04-26,Y,day log 2026-02-26,
AMD-002024,2026-02-26,WL-02100,BUILD_LOCATION,Build Location / Yard,SPORTFISH,CA,HB-COUNTER-2,insurance decl page,N,day log 2026-02-26,
AMD-002025,2026-02-27,WL-03119,OFFICIAL_NUM,Official Number / Registration,282797,227164,HB-COUNTER-2,insurance decl page,N,day log 2026-02-27,
AMD-002026,2026-02-28,WL-01833,FLAG,Flag State,SPORTFISH,SAIL_MONO,HB-COUNTER-2,driver's license,N,day log 2026-02-28,
AMD-002027,2026-02-28,WL-02220,BEAM,Beam (Width),11.7,10.8,HB-COUNTER-2,Foldview Marine Services haul-out sheet 2025-01-29,Y,day log 2026-02-28,
AMD-002028,2026-02-28,WL-01114,LOA,Length Overall (LOA),37.5,37.5,HB-COUNTER-2,Foldview Marine Services haul-out sheet 2023-09-01,Y,day log 2026-02-28,
AMD-002029,2026-03-01,WL-02869,OWNER_NAME,Owner Name,POWER_INBOARD,SAIL_MONO,HB-COUNTER-2,registration,N,day log 2026-03-01,
AMD-002030,2026-03-01,WL-01461,VESSEL_NAME,Vessel Name,PETREL ROSE,SCOTER VEER,HB-COUNTER-2,insurance decl page,N,day log 2026-03-01,
AMD-002031,2026-03-02,WL-02488,OWNER_ADDRESS,Owner Address,"8368 Paul Locks, Astoria, OR","1117 Williams Views, Longview, WA",HB-COUNTER-2,owner declaration at counter,N,day log 2026-03-02,
AMD-002032,2026-03-03,WL-01569,YEAR_BUILT,Year Built,1977,1977,HB-COUNTER-2,owner declaration at counter,N,day log 2026-03-03,
AMD-002033,2026-03-06,WL-02380,OWNER_NAME,Owner Name,POWER_INBOARD,FIBERGLASS,HB-COUNTER-2,owner declaration at counter,N,day log 2026-03-06,
AMD-002034,2026-03-06,WL-01850,YEAR_BUILT,Year Built,2012,2012,HB-COUNTER-2,,N,day log 2026-03-06,
AMD-002035,2026-03-07,WL-01603,NET_TONNAGE,Net Tonnage (NT),4.3,6.1,HB-COUNTER-2,Foldview Marine Services haul-out sheet 2025-02-03,Y,day log 2026-03-07,
AMD-002036,2026-03-07,WL-02674,ENGINE_HP,Engine Horsepower,150,375,HB-COUNTER-2,registration,N,day log 2026-03-07,
AMD-002037,2026-03-07,WL-03046,DRAFT,Draft (Depth),2.1,1.6,HB-COUNTER-2,MC-2026-0520,Y,day log 2026-03-07,
AMD-002038,2026-03-08,WL-01042,GROSS_TONNAGE,Gross Tonnage (GT),37.5,39.3,HB-COUNTER-2,MC-2026-0355,Y,day log 2026-03-08,
AMD-002039,2026-03-08,WL-02396,GROSS_TONNAGE,Gross Tonnage (GT),24.6,25.0,HB-COUNTER-2,MC-2026-0207,Y,day log 2026-03-08,
AMD-002040,2026-03-11,WL-02082,OWNER_ADDRESS,Owner Address,"5221 Erica Streets, Portland, OR","978 Schultz Mountains, Aberdeen, WA",HB-COUNTER-2,registration,N,day log 2026-03-11,
AMD-002041,2026-03-12,WL-02444,BEAM,Beam (Width),10.7,10.5,HB-COUNTER-2,MC-2026-0320,Y,day log 2026-03-12,
AMD-002042,2026-03-13,WL-03868,GROSS_TONNAGE,Gross Tonnage (GT),24.2,24.0,HB-COUNTER-2,Foldview Marine Services haul-out sheet 2023-03-12,Y,day log 2026-03-13,
AMD-002043,2026-03-13,WL-02305,OWNER_ADDRESS,Owner Address,"5676 Decker Passage, Bellingham, WA","9641 Stephanie Field, Bellingham, WA",HB-COUNTER-2,driver's license,N,day log 2026-03-13,
AMD-002044,2026-03-13,WL-01721,NET_TONNAGE,Net Tonnage (NT),35.1,35.3,HB-COUNTER-2,MC-2026-0373,Y,day log 2026-03-13,
AMD-002045,2026-03-14,WL-03265,LOA,Length Overall (LOA),28.3,26.6,HB-COUNTER-2,MC-2026-0475,Y,day log 2026-03-14,
AMD-002046,2026-03-14,WL-01244,HIN,Hull Identification Number,CHD32081K964,CHD30182I728,HB-COUNTER-2,bill of sale,N,day log 2026-03-14,
AMD-002047,2026-03-14,WL-03410,NET_TONNAGE,Net Tonnage (NT),14.4,16.0,HB-COUNTER-2,Foldview Marine Services haul-out sheet 2023-06-14,Y,day log 2026-03-14,
AMD-002048,2026-03-15,WL-01131,OWNER_NAME,Owner Name,POWER_OUTBOARD,WOOD,HB-COUNTER-2,bill of sale,N,day log 2026-03-15,
AMD-002049,2026-03-15,WL-01079,OFFICIAL_NUM,Official Number / Registration,142270,557681,HB-COUNTER-2,driver's license,N,day log 2026-03-15,
AMD-002050,2026-03-16,WL-02289,HIN,Hull Identification Number,CHD55640Z608,CHD96570K690,HB-COUNTER-2,insurance decl page,N,day log 2026-03-16,
AMD-002051,2026-03-16,WL-02449,DRAFT,Draft (Depth),6.0,6.3,HB-COUNTER-2,Foldview Marine Services haul-out sheet 2026-02-07,Y,day log 2026-03-16,
AMD-002052,2026-03-16,WL-03065,OFFICIAL_NUM,Official Number / Registration,607201,520695,HB-COUNTER-2,registration,N,day log 2026-03-16,
AMD-002053,2026-03-18,WL-01537,FLAG,Flag State,ELECTRIC,FIBERGLASS,HB-COUNTER-2,,N,day log 2026-03-18,
AMD-002054,2026-03-20,WL-02920,BEAM,Beam (Width),8.5,8.9,HB-COUNTER-2,MC-2026-0318,Y,day log 2026-03-20,
AMD-002055,2026-03-20,WL-02463,OWNER_ADDRESS,Owner Address,"7801 Henry Lane, Astoria, OR","8395 Coffey Square, Longview, WA",HB-COUNTER-2,registration,N,day log 2026-03-20,
AMD-002056,2026-03-20,WL-02495,HULL_MATERIAL,Hull Material,HOUSEBOAT,POWER_INBOARD,HB-COUNTER-2,insurance decl page,N,day log 2026-03-20,
AMD-002057,2026-03-21,WL-02424,GROSS_TONNAGE,Gross Tonnage (GT),25.5,23.6,HB-COUNTER-2,MC-2026-0255,Y,day log 2026-03-21,
AMD-002058,2026-03-21,WL-03066,OFFICIAL_NUM,Official Number / Registration,727758,233859,HB-COUNTER-2,registration,N,day log 2026-03-21,
AMD-002059,2026-03-22,WL-01795,HULL_MATERIAL,Hull Material,SAIL_MULTI,HOUSEBOAT,HB-COUNTER-2,insurance decl page,N,day log 2026-03-22,
AMD-002060,2026-03-22,WL-01462,VESSEL_TYPE,Vessel Type,HOUSEBOAT,STEEL,HB-COUNTER-2,registration,N,day log 2026-03-22,
AMD-002061,2026-03-22,WL-02367,NET_TONNAGE,Net Tonnage (NT),34.9,36.3,HB-COUNTER-2,Foldview Marine Services haul-out sheet 2024-01-11,Y,day log 2026-03-22,
AMD-002062,2026-03-24,WL-02302,BEAM,Beam (Width),12.3,11.6,HB-COUNTER-2,MC-2026-0569,Y,day log 2026-03-24,
AMD-002063,2026-03-26,WL-02173,VESSEL_TYPE,Vessel Type,US,SAIL_MULTI,HB-COUNTER-2,insurance decl page,N,day log 2026-03-26,
AMD-002064,2026-03-26,WL-03763,OWNER_NAME,Owner Name,STEEL,CRUISER,HB-COUNTER-2,owner declaration at counter,N,day log 2026-03-26,
AMD-002065,2026-03-27,WL-03439,DRAFT,Draft (Depth),5.6,5.3,HB-COUNTER-2,Foldview Marine Services haul-out sheet 2025-01-17,Y,day log 2026-03-27,
AMD-002066,2026-03-27,WL-01159,VESSEL_NAME,Vessel Name,CORMORANT WIND,PINTAIL QUEEN,HB-COUNTER-2,driver's license,N,day log 2026-03-27,
AMD-002067,2026-03-27,WL-01982,OWNER_NAME,Owner Name,FIBERGLASS,POWER_OUTBOARD,HB-COUNTER-2,registration,N,day log 2026-03-27,
AMD-002068,2026-03-28,WL-03043,HULL_MATERIAL,Hull Material,US,CRUISER,HB-COUNTER-2,owner declaration at counter,N,day log 2026-03-28,
AMD-002069,2026-03-30,WL-01667,DRAFT,Draft (Depth),3.1,2.5,HB-COUNTER-2,MC-2026-0269,Y,day log 2026-03-30,
AMD-002070,2026-03-30,WL-03353,BEAM,Beam (Width),14.0,14.1,HB-COUNTER-2,Foldview Marine Services haul-out sheet 2023-03-13,Y,day log 2026-03-30,
AMD-002071,2026-03-30,WL-03622,YEAR_BUILT,Year Built,1998,1998,HB-COUNTER-2,bill of sale,N,day log 2026-03-30,
AMD-002072,2026-03-31,WL-02162,OWNER_NAME,Owner Name,HOUSEBOAT,CRUISER,HB-COUNTER-2,driver's license,N,day log 2026-03-31,
AMD-002073,2026-04-01,WL-02192,HIN,Hull Identification Number,CHD29783W706,CHD90014A655,HB-COUNTER-2,owner declaration at counter,N,day log 2026-04-01,
AMD-002074,2026-04-01,WL-03540,ENGINE_MAKE,Engine Make / Model,FIBERGLASS,ELECTRIC,HB-COUNTER-2,owner declaration at counter,N,day log 2026-04-01,
AMD-002075,2026-04-02,WL-01166,OWNER_NAME,Owner Name,CRUISER,US,HB-COUNTER-2,bill of sale,N,day log 2026-04-02,
AMD-002076,2026-04-04,WL-03499,HIN,Hull Identification Number,CHD16325N257,CHD50023T590,HB-COUNTER-2,,N,day log 2026-04-04,
AMD-002077,2026-04-04,WL-01342,LOA,Length Overall (LOA),52.9,52.8,HB-COUNTER-2,MC-2026-0495,Y,day log 2026-04-04,
AMD-002078,2026-04-05,WL-03368,LOA,Length Overall (LOA),46.0,47.3,HB-COUNTER-2,MC-2026-0328,Y,day log 2026-04-05,
AMD-002079,2026-04-06,WL-03080,FLAG,Flag State,US,SAIL_MONO,HB-COUNTER-2,owner declaration at counter,N,day log 2026-04-06,
AMD-002080,2026-04-08,WL-03060,VESSEL_NAME,Vessel Name,HERON SOUND,PINTAIL ANN,HB-COUNTER-2,owner declaration at counter,N,day log 2026-04-08,
AMD-002081,2026-04-08,WL-02267,HIN,Hull Identification Number,CHD63944W809,CHD25470Z818,HB-COUNTER-2,owner declaration at counter,N,day log 2026-04-08,
AMD-002082,2026-04-09,WL-01789,VESSEL_NAME,Vessel Name,OTTER PASSAGE,COHO ANN,HB-COUNTER-2,registration,N,day log 2026-04-09,
AMD-002083,2026-04-09,WL-03031,DRAFT,Draft (Depth),2.2,1.9,HB-COUNTER-2,MC-2026-0116,Y,day log 2026-04-09,
AMD-002084,2026-04-11,WL-01364,PROPULSION_TYPE,Propulsion Type,CRUISER,HOUSEBOAT,HB-COUNTER-2,insurance decl page,N,day log 2026-04-11,
AMD-002085,2026-04-11,WL-02505,OWNER_NAME,Owner Name,POWER_INBOARD,CA,HB-COUNTER-2,insurance decl page,N,day log 2026-04-11,
AMD-002086,2026-04-11,WL-03759,YEAR_BUILT,Year Built,2001,2001,HB-COUNTER-2,,N,day log 2026-04-11,
AMD-002087,2026-04-12,WL-01809,ENGINE_HP,Engine Horsepower,375,330,HB-COUNTER-2,owner declaration at counter,N,day log 2026-04-12,
AMD-002088,2026-04-14,WL-02533,BUILD_LOCATION,Build Location / Yard,COMMERCIAL_FISH,TRAWLER,HB-COUNTER-2,owner declaration at counter,N,day log 2026-04-14,
AMD-002089,2026-04-14,WL-03158,VESSEL_NAME,Vessel Name,SANDERLING CREST,GRAY GLIDE,HB-COUNTER-2,,N,day log 2026-04-14,
AMD-002090,2026-04-15,WL-02699,OWNER_ADDRESS,Owner Address,"8653 Theodore Shoals, Newport, OR","7530 Kurt Dam, Seattle, WA",HB-COUNTER-2,registration,N,day log 2026-04-15,
AMD-002091,2026-04-15,WL-01144,VESSEL_TYPE,Vessel Type,CA,WOOD,HB-COUNTER-2,insurance decl page,N,day log 2026-04-15,
AMD-002092,2026-04-15,WL-03865,OFFICIAL_NUM,Official Number / Registration,892670,486608,HB-COUNTER-2,bill of sale,N,day log 2026-04-15,
AMD-002093,2026-04-15,WL-01779,FLAG,Flag State,US,POWER_STERNDRIVE,HB-COUNTER-2,,N,day log 2026-04-15,
AMD-002094,2026-04-15,WL-01686,NET_TONNAGE,Net Tonnage (NT),4.5,5.3,HB-COUNTER-2,Foldview Marine Services haul-out sheet 2025-08-15,Y,day log 2026-04-15,
AMD-002095,2026-04-16,WL-02379,VESSEL_TYPE,Vessel Type,FIBERGLASS,POWER_OUTBOARD,HB-COUNTER-2,insurance decl page,N,day log 2026-04-16,
AMD-002096,2026-04-16,WL-01448,PROPULSION_TYPE,Propulsion Type,US,FIBERGLASS,HB-COUNTER-2,registration,N,day log 2026-04-16,
AMD-002097,2026-04-16,WL-02058,PROPULSION_TYPE,Propulsion Type,POWER_STERNDRIVE,ALUMINUM,HB-COUNTER-2,registration,N,day log 2026-04-16,
AMD-002098,2026-04-17,WL-01463,OWNER_ADDRESS,Owner Address,"6852 Jesse Mountains, Tacoma, WA","5821 Chang Island, Longview, WA",HB-COUNTER-2,insurance decl page,N,day log 2026-04-17,
AMD-002099,2026-04-17,WL-01831,DRAFT,Draft (Depth),2.6,2.3,HB-COUNTER-2,MC-2026-0350,Y,day log 2026-04-17,
AMD-002100,2026-04-17,WL-03022,PROPULSION_TYPE,Propulsion Type,FOAM_CORE,FIBERGLASS,HB-COUNTER-2,registration,N,day log 2026-04-17,
AMD-002101,2026-04-19,WL-03414,GROSS_TONNAGE,Gross Tonnage (GT),19.5,20.3,HB-COUNTER-2,MC-2026-0777,Y,day log 2026-04-19,
AMD-002102,2026-04-19,WL-03732,PROPULSION_TYPE,Propulsion Type,CRUISER,POWER_OUTBOARD,HB-COUNTER-2,bill of sale,N,day log 2026-04-19,
AMD-002103,2026-04-21,WL-01504,OWNER_NAME,Owner Name,POWER_OUTBOARD,SPORTFISH,HB-COUNTER-2,registration,N,day log 2026-04-21,
AMD-002104,2026-04-21,WL-01601,LOA,Length Overall (LOA),28.0,30.1,HB-COUNTER-2,,Y,day log 2026-04-21,
AMD-002105,2026-04-21,WL-03329,PROPULSION_TYPE,Propulsion Type,FIBERGLASS,SAIL_MULTI,HB-COUNTER-2,owner declaration at counter,N,day log 2026-04-21,
AMD-002106,2026-04-23,WL-03152,HULL_MATERIAL,Hull Material,POWER_INBOARD,SAIL_MULTI,HB-COUNTER-2,registration,N,day log 2026-04-23,
AMD-002107,2026-04-23,WL-03275,DRAFT,Draft (Depth),4.1,4.0,HB-COUNTER-2,MC-2026-0813,Y,day log 2026-04-23,
AMD-002108,2026-04-23,WL-02988,NET_TONNAGE,Net Tonnage (NT),37.9,38.1,HB-COUNTER-2,Foldview Marine Services haul-out sheet 2023-07-25,Y,day log 2026-04-23,
AMD-002109,2026-04-24,WL-01160,FLAG,Flag State,FOAM_CORE,SAIL_MONO,HB-COUNTER-2,,N,day log 2026-04-24,
AMD-002110,2026-04-26,WL-02793,ENGINE_HP,Engine Horsepower,210,250,HB-COUNTER-2,bill of sale,N,day log 2026-04-26,
AMD-002111,2026-04-27,WL-01145,ENGINE_MAKE,Engine Make / Model,POWER_STERNDRIVE,SAIL_MULTI,HB-COUNTER-2,insurance decl page,N,day log 2026-04-27,
AMD-002112,2026-04-29,WL-02405,VESSEL_NAME,Vessel Name,BRANT SOUND,SEAL HARBOR,HB-COUNTER-2,bill of sale,N,day log 2026-04-29,
AMD-002113,2026-04-29,WL-02203,BEAM,Beam (Width),11.3,10.4,HB-COUNTER-2,MC-2026-0933,Y,day log 2026-04-29,
AMD-002114,2026-05-01,WL-03764,LOA,Length Overall (LOA),47.0,49.4,HB-COUNTER-2,MC-2026-0148,Y,day log 2026-05-01,
AMD-002115,2026-05-01,WL-03109,FLAG,Flag State,SAIL_MONO,FIBERGLASS,HB-COUNTER-2,bill of sale,N,day log 2026-05-01,
AMD-002116,2026-05-01,WL-02486,GROSS_TONNAGE,Gross Tonnage (GT),23.9,24.8,HB-COUNTER-2,Foldview Marine Services haul-out sheet 2022-11-22,Y,day log 2026-05-01,
AMD-002117,2026-05-02,WL-02348,VESSEL_TYPE,Vessel Type,FIBERGLASS,CA,HB-COUNTER-2,registration,N,day log 2026-05-02,
AMD-002118,2026-05-02,WL-01823,ENGINE_HP,Engine Horsepower,110,330,HB-COUNTER-2,driver's license,N,day log 2026-05-02,
AMD-002119,2026-05-02,WL-02095,BUILD_LOCATION,Build Location / Yard,CRUISER,HOUSEBOAT,HB-COUNTER-2,insurance decl page,N,day log 2026-05-02,
AMD-002120,2026-05-02,WL-01613,BEAM,Beam (Width),14.1,15.0,HB-COUNTER-2,MC-2026-0706,Y,day log 2026-05-02,
AMD-002121,2026-05-02,WL-01237,BUILD_LOCATION,Build Location / Yard,CRUISER,FIBERGLASS,HB-COUNTER-2,bill of sale,N,day log 2026-05-02,
AMD-002122,2026-05-03,WL-03670,BEAM,Beam (Width),11.7,11.1,HB-COUNTER-2,Foldview Marine Services haul-out sheet 2023-06-04,Y,day log 2026-05-03,
AMD-002123,2026-05-04,WL-01082,VESSEL_NAME,Vessel Name,OSPREY BAY,CORMORANT ROSE,HB-COUNTER-2,owner declaration at counter,N,day log 2026-05-04,
AMD-002124,2026-05-05,WL-01679,HULL_MATERIAL,Hull Material,COMMERCIAL_FISH,CRUISER,HB-COUNTER-2,insurance decl page,N,day log 2026-05-05,
AMD-002125,2026-05-05,WL-01438,LOA,Length Overall (LOA),23.9,21.8,HB-COUNTER-2,MC-2026-0247,Y,day log 2026-05-05,
AMD-002126,2026-05-06,WL-03256,HIN,Hull Identification Number,CHD88383J332,CHD21007O179,HB-COUNTER-2,driver's license,N,day log 2026-05-06,
AMD-002127,2026-05-06,WL-03328,VESSEL_TYPE,Vessel Type,FIBERGLASS,SPORTFISH,HB-COUNTER-2,owner declaration at counter,N,day log 2026-05-06,
AMD-002128,2026-05-06,WL-01942,VESSEL_TYPE,Vessel Type,CA,POWER_INBOARD,HB-COUNTER-2,,N,day log 2026-05-06,
AMD-002129,2026-05-07,WL-01267,DRAFT,Draft (Depth),3.8,4.1,HB-COUNTER-2,Foldview Marine Services haul-out sheet 2023-03-26,Y,day log 2026-05-07,
AMD-002130,2026-05-08,WL-02676,OWNER_ADDRESS,Owner Address,"6020 Gutierrez Avenue, Bremerton, WA","653 Campbell Squares, Olympia, WA",HB-COUNTER-2,registration,N,day log 2026-05-08,
AMD-002131,2026-05-08,WL-03763,VESSEL_TYPE,Vessel Type,POWER_INBOARD,WOOD,HB-COUNTER-2,driver's license,N,day log 2026-05-08,
AMD-002132,2026-05-09,WL-02486,YEAR_BUILT,Year Built,1972,1972,HB-COUNTER-2,registration,N,day log 2026-05-09,
AMD-002133,2026-05-09,WL-02296,HULL_MATERIAL,Hull Material,POWER_STERNDRIVE,US,HB-COUNTER-2,bill of sale,N,day log 2026-05-09,
AMD-002134,2026-05-11,WL-03137,GROSS_TONNAGE,Gross Tonnage (GT),13.5,15.3,HB-COUNTER-2,MC-2026-0913,Y,day log 2026-05-11,
AMD-002135,2026-05-11,WL-02614,YEAR_BUILT,Year Built,1969,1969,HB-COUNTER-2,insurance decl page,N,day log 2026-05-11,
AMD-002136,2026-05-13,WL-03629,YEAR_BUILT,Year Built,2012,2012,HB-COUNTER-2,,N,day log 2026-05-13,
AMD-002137,2026-05-13,WL-01677,FLAG,Flag State,US,FIBERGLASS,HB-COUNTER-2,driver's license,N,day log 2026-05-13,
AMD-002138,2026-05-13,WL-02868,LOA,Length Overall (LOA),48.4,45.8,HB-COUNTER-2,MC-2026-0814,Y,day log 2026-05-13,
AMD-002139,2026-05-15,WL-03681,OFFICIAL_NUM,Official Number / Registration,547872,496761,HB-COUNTER-2,driver's license,N,day log 2026-05-15,
AMD-002140,2026-05-15,WL-02308,GROSS_TONNAGE,Gross Tonnage (GT),34.6,36.4,HB-COUNTER-2,Foldview Marine Services haul-out sheet 2025-01-21,Y,day log 2026-05-15,
AMD-002141,2026-05-17,WL-03637,FLAG,Flag State,STEEL,STEEL,HB-COUNTER-2,,N,day log 2026-05-17,
AMD-002142,2026-05-17,WL-02647,ENGINE_MAKE,Engine Make / Model,US,CA,HB-COUNTER-2,driver's license,N,day log 2026-05-17,
AMD-002143,2026-05-17,WL-02332,LOA,Length Overall (LOA),53.1,55.6,HB-COUNTER-2,MC-2026-0881,Y,day log 2026-05-17,
AMD-002144,2026-05-21,WL-01692,FLAG,Flag State,POWER_INBOARD,SPORTFISH,HB-COUNTER-2,,N,day log 2026-05-21,
AMD-002145,2026-05-22,WL-02017,VESSEL_NAME,Vessel Name,COHO REACH,COHO WEATHER,HB-COUNTER-2,insurance decl page,N,day log 2026-05-22,
AMD-002146,2026-05-22,WL-02467,OWNER_ADDRESS,Owner Address,"7907 Ford Land, Seattle, WA","7512 Maria Harbors, Chaldale, WA",HB-COUNTER-2,,N,day log 2026-05-22,
AMD-002147,2026-05-23,WL-03790,OWNER_ADDRESS,Owner Address,"3812 Davis Park, Chaldale, WA","7505 Bailey Hills, Bremerton, WA",HB-COUNTER-2,driver's license,N,day log 2026-05-23,
AMD-002148,2026-05-24,WL-02874,LOA,Length Overall (LOA),22.7,24.3,HB-COUNTER-2,MC-2026-0532,Y,day log 2026-05-24,
AMD-002149,2026-05-24,WL-01984,ENGINE_HP,Engine Horsepower,150,210,HB-COUNTER-2,driver's license,N,day log 2026-05-24,
AMD-002150,2026-05-25,WL-02829,LOA,Length Overall (LOA),45.6,46.7,HB-COUNTER-2,Foldview Marine Services haul-out sheet 2023-09-16,Y,day log 2026-05-25,
AMD-002151,2026-05-25,WL-02063,BUILD_LOCATION,Build Location / Yard,STEEL,POWER_INBOARD,HB-COUNTER-2,owner declaration at counter,N,day log 2026-05-25,
AMD-002152,2026-05-27,WL-03621,OWNER_ADDRESS,Owner Address,"3414 Swanson Key, Olympia, WA","9518 Sydney Glens, Tacoma, WA",HB-COUNTER-2,bill of sale,N,day log 2026-05-27,
AMD-002153,2026-05-27,WL-02580,NET_TONNAGE,Net Tonnage (NT),12.6,14.6,HB-COUNTER-2,MC-2026-0548,Y,day log 2026-05-27,
AMD-002154,2026-05-28,WL-02807,LOA,Length Overall (LOA),45.6,43.7,HB-COUNTER-2,MC-2026-0272,Y,day log 2026-05-28,
AMD-002155,2026-05-28,WL-01591,DRAFT,Draft (Depth),4.8,4.2,HB-COUNTER-2,Foldview Marine Services haul-out sheet 2023-08-06,Y,day log 2026-05-28,
AMD-002156,2026-05-28,WL-03359,OWNER_ADDRESS,Owner Address,"5986 Matthew Junctions, Chaldale, WA","8580 James Circles, Longview, WA",HB-COUNTER-2,insurance decl page,N,day log 2026-05-28,
AMD-002157,2026-05-29,WL-01614,FLAG,Flag State,TRAWLER,FIBERGLASS,HB-COUNTER-2,insurance decl page,N,day log 2026-05-29,
AMD-002158,2026-05-30,WL-02494,VESSEL_TYPE,Vessel Type,WOOD,US,HB-COUNTER-2,owner declaration at counter,N,day log 2026-05-30,
AMD-002159,2026-06-01,WL-03367,NET_TONNAGE,Net Tonnage (NT),35.4,34.1,HB-COUNTER-2,Foldview Marine Services haul-out sheet 2024-02-16,Y,day log 2026-06-01,
AMD-002160,2026-06-01,WL-01979,NET_TONNAGE,Net Tonnage (NT),27.2,26.3,HB-COUNTER-2,MC-2026-0502,Y,day log 2026-06-01,
AMD-002161,2026-06-01,WL-02005,OWNER_NAME,Owner Name,SAIL_MULTI,CRUISER,HB-COUNTER-2,driver's license,N,day log 2026-06-01,
AMD-002162,2026-06-02,WL-02562,ENGINE_MAKE,Engine Make / Model,CRUISER,COMMERCIAL_FISH,HB-COUNTER-2,,N,day log 2026-06-02,
AMD-002163,2026-06-02,WL-01322,PROPULSION_TYPE,Propulsion Type,FOAM_CORE,CA,HB-COUNTER-2,bill of sale,N,day log 2026-06-02,
AMD-002164,2026-06-03,WL-01198,NET_TONNAGE,Net Tonnage (NT),7.5,6.0,HB-COUNTER-2,MC-2026-0416,Y,day log 2026-06-03,
AMD-002165,2026-06-03,WL-03690,PROPULSION_TYPE,Propulsion Type,FIBERGLASS,POWER_INBOARD,HB-COUNTER-2,,N,day log 2026-06-03,
AMD-002166,2026-06-04,WL-02535,BUILD_LOCATION,Build Location / Yard,CRUISER,SAIL_MONO,HB-COUNTER-2,owner declaration at counter,N,day log 2026-06-04,
AMD-002167,2026-06-05,WL-03713,GROSS_TONNAGE,Gross Tonnage (GT),12.4,14.4,HB-COUNTER-2,MC-2026-0615,Y,day log 2026-06-05,
AMD-002168,2026-06-05,WL-02118,VESSEL_NAME,Vessel Name,PETREL REACH,CORMORANT WIND,HB-COUNTER-2,registration,N,day log 2026-06-05,
AMD-002169,2026-06-07,WL-03472,LOA,Length Overall (LOA),48.2,46.8,HB-COUNTER-2,MC-2026-0413,Y,day log 2026-06-07,
AMD-002170,2026-06-08,WL-01166,BUILD_LOCATION,Build Location / Yard,TRAWLER,COMMERCIAL_FISH,HB-COUNTER-2,registration,N,day log 2026-06-08,
AMD-002171,2026-06-09,WL-03754,BEAM,Beam (Width),9.3,10.0,HB-COUNTER-2,MC-2026-0299,Y,day log 2026-06-09,
AMD-002172,2026-06-10,WL-03201,YEAR_BUILT,Year Built,2003,2003,HB-COUNTER-2,owner declaration at counter,N,day log 2026-06-10,
AMD-002173,2026-06-11,WL-02062,FLAG,Flag State,POWER_INBOARD,FIBERGLASS,HB-COUNTER-2,registration,N,day log 2026-06-11,
AMD-002174,2026-06-11,WL-03779,HIN,Hull Identification Number,CHD26958O373,CHD42747B330,HB-COUNTER-2,registration,N,day log 2026-06-11,
AMD-002175,2026-06-11,WL-02453,VESSEL_NAME,Vessel Name,FOUL REACH,GRAY HARBOR,HB-COUNTER-2,registration,N,day log 2026-06-11,
AMD-002176,2026-06-14,WL-02922,PROPULSION_TYPE,Propulsion Type,CA,POWER_OUTBOARD,HB-COUNTER-2,insurance decl page,N,day log 2026-06-14,
AMD-002177,2026-06-14,WL-02723,YEAR_BUILT,Year Built,1993,1993,HB-COUNTER-2,,N,day log 2026-06-14,
AMD-002178,2026-06-14,WL-01842,GROSS_TONNAGE,Gross Tonnage (GT),15.1,16.6,HB-COUNTER-2,MC-2026-0326,Y,day log 2026-06-14,
AMD-002179,2026-06-16,WL-01434,OWNER_ADDRESS,Owner Address,"1572 Stacy Point, Aberdeen, WA","2801 Kathryn Streets, Bellingham, WA",HB-COUNTER-2,driver's license,N,day log 2026-06-16,
AMD-002180,2026-06-18,WL-03658,HULL_MATERIAL,Hull Material,POWER_INBOARD,US,HB-COUNTER-2,bill of sale,N,day log 2026-06-18,
AMD-002181,2026-06-18,WL-01024,OWNER_NAME,Owner Name,FIBERGLASS,TRAWLER,HB-COUNTER-2,insurance decl page,N,day log 2026-06-18,
AMD-002182,2026-06-18,WL-03878,LOA,Length Overall (LOA),31.4,28.5,HB-COUNTER-2,MC-2026-0452,Y,day log 2026-06-18,
AMD-002183,2026-06-18,WL-01791,OFFICIAL_NUM,Official Number / Registration,662235,664254,HB-COUNTER-2,insurance decl page,N,day log 2026-06-18,
AMD-002184,2026-06-18,WL-02069,HULL_MATERIAL,Hull Material,CRUISER,SAIL_MULTI,HB-COUNTER-2,insurance decl page,N,day log 2026-06-18,
AMD-002185,2026-06-19,WL-03250,OWNER_ADDRESS,Owner Address,"6647 John Locks, Chaldale, WA","9693 Murray Freeway, Bremerton, WA",HB-COUNTER-2,owner declaration at counter,N,day log 2026-06-19,
AMD-002186,2026-06-19,WL-01389,PROPULSION_TYPE,Propulsion Type,FIBERGLASS,TRAWLER,HB-COUNTER-2,owner declaration at counter,N,day log 2026-06-19,
AMD-002187,2026-06-19,WL-02771,YEAR_BUILT,Year Built,1980,1980,HB-COUNTER-2,registration,N,day log 2026-06-19,
AMD-002188,2026-06-19,WL-02344,ENGINE_MAKE,Engine Make / Model,HOUSEBOAT,SAIL_MONO,HB-COUNTER-2,driver's license,N,day log 2026-06-19,
AMD-002189,2026-06-21,WL-01041,NET_TONNAGE,Net Tonnage (NT),30.7,31.9,HB-COUNTER-2,MC-2026-0413,Y,day log 2026-06-21,
AMD-002190,2026-06-21,WL-02705,PROPULSION_TYPE,Propulsion Type,STEEL,SPORTFISH,HB-COUNTER-2,,N,day log 2026-06-21,
AMD-002191,2026-06-22,WL-03820,ENGINE_MAKE,Engine Make / Model,CRUISER,SPORTFISH,HB-COUNTER-2,insurance decl page,N,day log 2026-06-22,
AMD-002192,2026-06-23,WL-02584,YEAR_BUILT,Year Built,2014,2014,HB-COUNTER-2,insurance decl page,N,day log 2026-06-23,
AMD-002193,2026-06-23,WL-02383,GROSS_TONNAGE,Gross Tonnage (GT),28.3,27.2,HB-COUNTER-2,,Y,day log 2026-06-23,
AMD-002194,2026-06-23,WL-03302,HULL_MATERIAL,Hull Material,SAIL_MULTI,POWER_STERNDRIVE,HB-COUNTER-2,owner declaration at counter,N,day log 2026-06-23,
AMD-002195,2026-06-24,WL-02273,ENGINE_HP,Engine Horsepower,330,250,HB-COUNTER-2,owner declaration at counter,N,day log 2026-06-24,
AMD-002196,2026-06-24,WL-01816,HULL_MATERIAL,Hull Material,COMMERCIAL_FISH,SAIL_MONO,HB-COUNTER-2,bill of sale,N,day log 2026-06-24,
AMD-002197,2026-06-28,WL-03078,NET_TONNAGE,Net Tonnage (NT),21.8,22.6,HB-COUNTER-2,Foldview Marine Services haul-out sheet 2024-07-05,Y,day log 2026-06-28,
AMD-002198,2026-06-28,WL-02103,PROPULSION_TYPE,Propulsion Type,FIBERGLASS,SPORTFISH,HB-COUNTER-2,,N,day log 2026-06-28,
AMD-002199,2026-06-28,WL-02159,HIN,Hull Identification Number,CHD41000P983,CHD82575O974,HB-COUNTER-2,bill of sale,N,day log 2026-06-28,
AMD-002200,2026-06-28,WL-02118,LOA,Length Overall (LOA),47.6,48.8,HB-COUNTER-2,MC-2026-0646,Y,day log 2026-06-28,
AMD-002201,2026-06-29,WL-03828,YEAR_BUILT,Year Built,2019,2019,HB-COUNTER-2,registration,N,day log 2026-06-29,
AMD-002202,2026-06-29,WL-02202,PROPULSION_TYPE,Propulsion Type,SAIL_MONO,CA,HB-COUNTER-2,insurance decl page,N,day log 2026-06-29,
AMD-002203,2026-06-30,WL-03088,LOA,Length Overall (LOA),31.5,33.6,HB-COUNTER-2,,Y,day log 2026-06-30,
AMD-002204,2026-06-30,WL-03175,BEAM,Beam (Width),9.3,8.4,HB-COUNTER-2,MC-2026-0455,Y,day log 2026-06-30,
AMD-002205,2026-06-30,WL-02370,ENGINE_MAKE,Engine Make / Model,STEEL,ELECTRIC,HB-COUNTER-2,bill of sale,N,day log 2026-06-30,
AMD-002206,2026-07-02,WL-02573,LOA,Length Overall (LOA),30.2,29.2,HB-COUNTER-2,Foldview Marine Services haul-out sheet 2025-04-05,Y,day log 2026-07-02,
AMD-002207,2026-07-03,WL-02525,OFFICIAL_NUM,Official Number / Registration,726323,500913,HB-COUNTER-2,bill of sale,N,day log 2026-07-03,
AMD-002208,2026-07-03,WL-02139,HULL_MATERIAL,Hull Material,CRUISER,POWER_INBOARD,HB-COUNTER-2,insurance decl page,N,day log 2026-07-03,
AMD-002209,2026-07-06,WL-01814,OFFICIAL_NUM,Official Number / Registration,388813,756553,HB-COUNTER-2,insurance decl page,N,day log 2026-07-06,
AMD-002210,2026-07-07,WL-01351,GROSS_TONNAGE,Gross Tonnage (GT),35.9,34.1,HB-COUNTER-2,MC-2026-0216,Y,day log 2026-07-07,
AMD-002211,2026-07-08,WL-02788,OFFICIAL_NUM,Official Number / Registration,622164,523335,HB-COUNTER-2,,N,day log 2026-07-08,
AMD-002212,2026-07-08,WL-02957,GROSS_TONNAGE,Gross Tonnage (GT),9.7,10.4,HB-COUNTER-2,Foldview Marine Services haul-out sheet 2025-03-04,Y,day log 2026-07-08,
AMD-002213,2026-07-09,WL-02516,YEAR_BUILT,Year Built,1995,1995,HB-COUNTER-2,bill of sale,N,day log 2026-07-09,
AMD-002214,2026-07-09,WL-03201,ENGINE_MAKE,Engine Make / Model,POWER_STERNDRIVE,FIBERGLASS,HB-COUNTER-2,,N,day log 2026-07-09,
AMD-002215,2026-07-11,WL-02023,ENGINE_HP,Engine Horsepower,330,330,HB-COUNTER-2,insurance decl page,N,day log 2026-07-11,
AMD-002216,2026-07-12,WL-01195,DRAFT,Draft (Depth),6.0,5.7,HB-COUNTER-2,Foldview Marine Services haul-out sheet 2024-04-19,Y,day log 2026-07-12,
AMD-002217,2026-07-14,WL-01861,ENGINE_MAKE,Engine Make / Model,US,SAIL_MONO,HB-COUNTER-2,driver's license,N,day log 2026-07-14,
AMD-002218,2026-07-14,WL-01973,VESSEL_NAME,Vessel Name,PETREL CREST,KESTREL WAKE,HB-COUNTER-2,bill of sale,N,day log 2026-07-14,
AMD-002219,2026-07-15,WL-02964,ENGINE_HP,Engine Horsepower,330,330,HB-COUNTER-2,insurance decl page,N,day log 2026-07-15,
AMD-002220,2026-07-16,WL-03067,GROSS_TONNAGE,Gross Tonnage (GT),15.8,16.0,HB-COUNTER-2,,Y,day log 2026-07-16,
AMD-002221,2026-07-16,WL-03023,HULL_MATERIAL,Hull Material,FOAM_CORE,CRUISER,HB-COUNTER-2,bill of sale,N,day log 2026-07-16,
AMD-002222,2026-07-16,WL-02135,ENGINE_MAKE,Engine Make / Model,HOUSEBOAT,SAIL_MULTI,HB-COUNTER-2,registration,N,day log 2026-07-16,
AMD-002223,2026-07-16,WL-02973,BUILD_LOCATION,Build Location / Yard,POWER_OUTBOARD,SAIL_MONO,HB-COUNTER-2,bill of sale,N,day log 2026-07-16,
AMD-002224,2026-07-17,WL-03173,YEAR_BUILT,Year Built,2008,2008,HB-COUNTER-2,insurance decl page,N,day log 2026-07-17,
AMD-002225,2026-07-17,WL-02308,ENGINE_MAKE,Engine Make / Model,CRUISER,COMMERCIAL_FISH,HB-COUNTER-2,bill of sale,N,day log 2026-07-17,
AMD-002226,2026-07-17,WL-03736,VESSEL_NAME,Vessel Name,ANCHOR REACH,KESTREL CREST,HB-COUNTER-2,driver's license,N,day log 2026-07-17,
AMD-002227,2026-07-18,WL-03414,BEAM,Beam (Width),15.2,15.7,HB-COUNTER-2,MC-2026-0697,Y,day log 2026-07-18,
AMD-002228,2026-07-19,WL-03808,LOA,Length Overall (LOA),26.0,24.3,HB-COUNTER-2,Foldview Marine Services haul-out sheet 2025-01-04,Y,day log 2026-07-19,
AMD-002229,2026-07-21,WL-03221,HIN,Hull Identification Number,CHD16882Y338,CHD64600R152,HB-COUNTER-2,owner declaration at counter,N,day log 2026-07-21,
AMD-002230,2026-07-21,WL-03462,YEAR_BUILT,Year Built,1972,1972,HB-COUNTER-2,insurance decl page,N,day log 2026-07-21,
AMD-002231,2026-07-26,WL-03241,FLAG,Flag State,US,COMMERCIAL_FISH,HB-COUNTER-2,bill of sale,N,day log 2026-07-26,
AMD-002232,2026-07-27,WL-01968,FLAG,Flag State,FOAM_CORE,SAIL_MONO,HB-COUNTER-2,,N,day log 2026-07-27,
AMD-002233,2026-07-31,WL-01031,HULL_MATERIAL,Hull Material,FIBERGLASS,US,HB-COUNTER-2,bill of sale,N,day log 2026-07-31,
AMD-002234,2026-08-04,WL-01896,GROSS_TONNAGE,Gross Tonnage (GT),21.0,19.5,HB-COUNTER-2,MC-2026-0802,Y,day log 2026-08-04,
AMD-002235,2026-08-04,WL-02215,OFFICIAL_NUM,Official Number / Registration,216336,517256,HB-COUNTER-2,driver's license,N,day log 2026-08-04,
AMD-002236,2026-08-04,WL-02276,ENGINE_HP,Engine Horsepower,150,330,HB-COUNTER-2,owner declaration at counter,N,day log 2026-08-04,
AMD-002237,2026-08-07,WL-01884,VESSEL_NAME,Vessel Name,COHO WEATHER,SPINDRIFT CREST,HB-COUNTER-2,driver's license,N,day log 2026-08-07,
AMD-002238,2026-08-11,WL-03159,OWNER_ADDRESS,Owner Address,"5880 Johnson Terrace, Longview, WA","6363 Eric Island, Seattle, WA",HB-COUNTER-2,owner declaration at counter,N,day log 2026-08-11,
AMD-002239,2026-08-13,WL-02913,VESSEL_TYPE,Vessel Type,CRUISER,FOAM_CORE,HB-COUNTER-2,insurance decl page,N,day log 2026-08-13,
AMD-002240,2026-08-14,WL-03004,VESSEL_TYPE,Vessel Type,SAIL_MONO,POWER_STERNDRIVE,HB-COUNTER-2,insurance decl page,N,day log 2026-08-14,
AMD-002241,2026-08-15,WL-03767,ENGINE_HP,Engine Horsepower,375,150,HB-COUNTER-2,,N,day log 2026-08-15,
AMD-002242,2026-08-17,WL-03688,LOA,Length Overall (LOA),44.5,44.7,HB-COUNTER-2,Foldview Marine Services haul-out sheet 2024-05-24,Y,day log 2026-08-17,
AMD-002243,2026-08-17,WL-02004,HIN,Hull Identification Number,CHD77705R953,CHD93482V126,HB-COUNTER-2,registration,N,day log 2026-08-17,
AMD-002244,2026-08-18,WL-03427,VESSEL_NAME,Vessel Name,PINTAIL QUEEN,DRIFT SHORE,HB-COUNTER-2,owner declaration at counter,N,day log 2026-08-18,
